id,name,operator,calc_postcode_district,calc_postcode_area,lat,lon,addr_housenumber,addr_street,addr_city,serper_query,confidence,suggested_website,suggested_website_original,validation_status,alternates_json,notes
node/17708621,Six Bells,Pubmaster,CB21,CB,52.1833653,0.2217954,9,High Street,Fulbourn,Six Bells pub Cambridge High Street CB21,0.920,https://www.sixbellsfulbourn.co.uk/,https://www.sixbellsfulbourn.co.uk/,,"[""https://ourlocal.pub/pubs/six-bells-fulbourn/""]","manual:Official pub site for 9 High Street, Fulbourn CB21 5DH. Punch Pubs tenant; ourlocal.pub is operator portal."
node/20458787,Earl of Beaconsfield,,CB1,CB,52.1984389,0.1422292,133,Mill Road,Cambridge,Earl of Beaconsfield pub Cambridge Mill Road CB1,0.950,https://www.earlofbeaconsfieldcambridge.co.uk/,https://www.earlofbeaconsfieldcambridge.co.uk/,,[],manual:Star Pubs official site; 133 Mill Road CB1 3AA. User-found.
node/20458870,The Empress,,CB1,CB,52.1991085,0.1472394,72,Thoday Street,Cambridge,The Empress pub Cambridge Thoday Street CB1,0.500,http://www.empressbadboy.com/,http://www.empressbadboy.com/,,[],"manual:Listed as official site on pub directory for 72 Thoday Street CB1 3AX, but domain returned 503 when checked; may be intermittently offline."
node/20827166,White Swan,,CB1,CB,52.1993383,0.1392595,109,Mill Road,Cambridge,White Swan pub Cambridge Mill Road CB1,0.930,https://whiteswanpubcambridge.co.uk/,https://whiteswanpubcambridge.co.uk/,,[],manual:Official site with matching name and address 107-109 Mill Road CB1 2AZ.
node/20922157,The Castle Bar,Greene King,CB2,CB,52.203079,0.1237329,37,St Andrew's Street,Cambridge,The Castle Bar pub Cambridge St Andrew's Street CB2,0.910,https://www.thecastlebarcambridge.com/,https://www.thecastlebarcambridge.com/,,[],manual:Official pub/B&B site for 37 St Andrew's Street CB2 3AR. Greene King freehold but not listed on greeneking.co.uk.
node/20940220,The Punter,,CB3,CB,52.2105324,0.113247,3,Pound Hill,Cambridge,The Punter pub Cambridge Pound Hill CB3,0.930,https://www.thepuntercambridge.com/,https://www.thepuntercambridge.com/,,[],manual:Official site for 3 Pound Hill CB3 0AE coaching-inn pub and restaurant.
node/20940431,Carpenters Arms,,CB4,CB,52.2157616,0.1142635,182-186,Victoria Road,Cambridge,Carpenters Arms pub Cambridge Victoria Road CB4,0.920,https://www.carpentersarmscambridge.com/,https://www.carpentersarmscambridge.com/,,[],manual:Official Brewpoint/Wells craft pub site for 184-186 Victoria Road CB4 3DZ.
node/21137287,Green Dragon,,CB4,CB,52.2179459,0.1454823,5,Water Street,Cambridge,Green Dragon pub Cambridge Water Street CB4,0.930,https://greendragoncambridge.co.uk/,https://greendragoncambridge.co.uk/,,[],"manual:Official site for 5 Water Street, Chesterton CB4 1NZ riverside pub."
node/21642213,Green Man,,CB2,CB,52.1765857,0.1130565,55,"High Street, Trumpington",Cambridge,Green Man pub Cambridge High Street Trumpington CB2,0.920,https://www.thegreenmantrumpington.com/,https://www.thegreenmantrumpington.com/,,[],"manual:Official Mitchells & Butlers pub site for 55 High Street, Trumpington CB2 9HZ."
node/24672502,The Dumpling Tree,,CB1,CB,52.1892439,0.1530615,,Perne Road,Cambridge,The Dumpling Tree pub Cambridge Perne Road CB1,0.930,https://www.thedumplingtree.com/,https://www.thedumplingtree.com/,,[],manual:Official site for 59 Perne Road CB1 3RX Chinese bar-restaurant in former pub building.
node/24673114,Rathmore Club,,CB1,CB,52.188595,0.1398253,,Cherry Hinton Road,Cambridge,Rathmore Club pub Cambridge Cherry Hinton Road CB1,0.850,https://rathmore-club.goto-where.com/,https://rathmore-club.goto-where.com/,,[],manual:Rathmore Club listing site; 70 Cherry Hinton Road CB1 7AA. User-found.
node/25285271,Salisbury Arms,,CB1,CB,52.1983154,0.1354166,76,Tenison Road,Cambridge,Salisbury Arms pub Cambridge Tenison Road CB1,0.920,https://www.salisburyarmscambridge.co.uk/,https://www.salisburyarmscambridge.co.uk/,,[],manual:Official Brewpoint craft pub site for 76 Tenison Road CB1 2DW.
node/25285273,Live & Let Live,,CB1,CB,52.1993737,0.1351376,40,Mawson Road,Cambridge,Live & Let Live pub Cambridge Mawson Road CB1,0.000,,,,[],manual:No dedicated official website found for 40 Mawson Road CB1 2EA. Independent real-ale local; Facebook page only.
node/25612057,King William IV,,CB24,CB,52.2549151,0.1041496,8,Church Street,Cambridge,King William IV pub Cambridge Church Street CB24,0.910,https://www.kingbillhiston.co.uk/,https://www.kingbillhiston.co.uk/,,[],"manual:Official site for King Bill at 8 Church Street, Histon CB24 9EP (village pub, not central Cambridge)."
node/26113438,Red Lion,,CB25,CB,52.25186,0.2952122,,,,Red Lion pub Cambridge CB25,0.920,https://www.redlion-sp.co.uk/,https://www.redlion-sp.co.uk/,,"[""https://www.batemansbrewery.co.uk/find-a-pint/red-lion-swaffham-prior/""]","manual:Official pub site for 43 High Street, Swaffham Prior CB25 0LD. Batemans brewery page is chain listing."
node/26117016,Maid's Head,,CB7,CB,52.3116378,0.3034194,,,,Maid's Head pub Cambridge CB7,0.910,https://www.maidshead.co.uk/,https://www.maidshead.co.uk/,,[],"manual:Official site for 12 High Street, Wicken CB7 5XR (East Cambs village; OSM postcode CB7 5XU approximate)."
node/26531001,Three Tuns,,CB21,CB,52.1167337,0.2388543,,,,Three Tuns pub Cambridge CB21,0.930,https://www.thethreetuns-greatabington.co.uk/,https://www.thethreetuns-greatabington.co.uk/,,[],"manual:Official site for 75 High Street, Great Abington CB21 6AB (Thai restaurant/pub, not Fen Drayton)."
node/26660989,Black Horse,,CB23,CB,52.2397665,0.0219337,35,Park Street,,Black Horse pub Cambridge Park Street CB23,0.920,https://www.blackhorsedrydrayton.com/,https://www.blackhorsedrydrayton.com/,,[],"manual:Official site for 35 Park Street, Dry Drayton CB23 8DA. New owners Oct 2025; still trading."
node/26976846,Brewery Tap,,CB25,CB,52.2715375,0.1889567,,,,Brewery Tap pub Cambridge CB25,0.000,,,,[],"manual:No official website found. Identified as The Taps at 19 Denny End Road, Waterbeach CB25 9PB; reopened Jun 2024, still listed open Oct 2025."
node/29676417,The Three Tuns,,CB24,CB,52.2960988,-0.0378902,,High Street,Cambridge,The Three Tuns pub Cambridge High Street CB24,0.930,https://threetunsfendrayton.co.uk/,https://threetunsfendrayton.co.uk/,,[],"manual:Official site for thatched pub on High Street, Fen Drayton CB24 4SJ (distinct from Great Abington Three Tuns)."
node/30152966,Dog & Duck,,CB21,CB,52.0979157,0.2772189,63,High Street,,"""Dog & Duck"" pub Cambridge CB21",0.950,https://www.dogandduck-linton.co.uk/,https://www.dogandduck-linton.co.uk/,,[],manual:Dog & Duck Linton
node/30152969,The Crown,,CB21,CB,52.0962236,0.2745235,,,,"""The Crown"" pub Cambridge CB21",0.950,https://crownatlinton.co.uk/,https://crownatlinton.co.uk/,,[],manual:Crown Linton
node/30153028,Waggon & Horses,,CB21,CB,52.0975045,0.2832695,110,High Street,,"""Waggon & Horses"" pub Cambridge CB21",0.000,,,,[],manual:Facebook only
node/33129159,Queen's Head,,CB22,CB,52.1246992,0.0994388,,,,"""Queen's Head"" pub Cambridge CB22",0.950,https://www.queensheadnewton.co.uk/,https://www.queensheadnewton.co.uk/,,[],manual:Queen's Head Newton
node/33129704,The Hoops,,CB23,CB,52.1823617,0.0567843,,,,"""The Hoops"" pub Cambridge CB23",0.950,https://the-hoops.co.uk/,https://the-hoops.co.uk/,,[],manual:Hoops Barton
node/148190061,The Porterhouse,,CB24,CB,52.3101619,0.0548797,1,Station Road,Cambridge,"""The Porterhouse"" pub Cambridge CB24",0.950,https://theporterhousepub.com/,https://theporterhousepub.com/,,[],manual:Porterhouse Willingham
node/255594710,Red Lion,,CB6,CB,52.3486154,0.2189977,47,High Street,Ely,"""Red Lion"" pub Cambridge CB6",0.950,https://www.theredlionstretham.co.uk/,https://www.theredlionstretham.co.uk/,,[],manual:Red Lion Stretham
node/304736366,The Fox,,CB25,CB,52.2799663,0.3247658,2,North Street,,"""The Fox"" pub Cambridge CB25",0.950,https://www.thefoxburwell.co.uk/,https://www.thefoxburwell.co.uk/,,[],manual:Fox Burwell
node/304736391,The Anchor,,CB25,CB,52.284466,0.324657,63,North Street,,"""The Anchor"" pub Cambridge CB25",0.950,https://www.theanchorburwell.co.uk/,https://www.theanchorburwell.co.uk/,,[],manual:Anchor Burwell
node/304736523,The Five Bells,,CB25,CB,52.2712636,0.3277123,44,High Street,,"""The Five Bells"" pub Cambridge CB25",0.950,https://www.fivebellsburwell.co.uk/,https://www.fivebellsburwell.co.uk/,,[],manual:Five Bells Burwell
node/429597760,The Clarendon Arms,,CB1,CB,52.2046367,0.1275966,35-36,Clarendon Street,Cambridge,"""The Clarendon Arms"" pub Cambridge CB1",0.950,https://www.theclarendonarms.com/,https://www.theclarendonarms.com/,,[],manual:Clarendon Arms
node/473728763,Carpenters Arms,,CB7,CB,52.3289283,0.3479971,76,Brook Street,Ely,"""Carpenters Arms"" pub Cambridge CB7",0.950,https://www.carpentersarmswilbraham.co.uk/,https://www.carpentersarmswilbraham.co.uk/,,[],manual:Carpenters Arms Great Wilbraham
node/473728905,The Fountain,,CB7,CB,52.3342618,0.3368668,1,Churchgate Street,Ely,"""The Fountain"" pub Cambridge CB7",0.900,https://www.craftunionpubs.com/fountain-soham,https://www.craftunionpubs.com/fountain-soham,,[],manual:Fountain Inn Soham
node/473729205,Comrades Club,,CB7,CB,52.3344962,0.3379195,3,Market Street,Ely,"""Comrades Club"" pub Cambridge CB7",0.920,https://sohamcomradesclub.co.uk/,https://sohamcomradesclub.co.uk/,,[],manual:Soham Comrades Club official site; Market Street CB7 5JG. User-found.
node/473729209,Red Lion,,CB7,CB,52.331818,0.3385115,17,High Street,,"""Red Lion"" pub Cambridge CB7",0.950,https://www.redlionsoham.com/,https://www.redlionsoham.com/,,[],manual:Red Lion Soham
node/473729213,The Ship,,CB7,CB,52.3311149,0.3390493,2,High Street,Ely,"""The Ship"" pub Cambridge CB7",0.400,https://www.theshipsoham.co.uk/,https://www.theshipsoham.co.uk/,,[],manual:Ship Soham - verify URL; HTTP error
node/1594688118,Architect,,CB3,CB,52.2120376,0.1130864,43,Castle Street,Cambridge,"""Architect"" pub Cambridge CB3",0.400,https://www.architectpub.co.uk/,https://www.architectpub.co.uk/,,[],manual:Architect; HTTP error
node/1594688120,The Castle Inn,Adnams,CB3,CB,52.2119866,0.1134995,38,Castle Street,Cambridge,"""The Castle Inn"" pub Cambridge CB3",0.950,https://www.thecastleinn.pub/,https://www.thecastleinn.pub/,,[],manual:Castle Inn
node/1832280892,King Street Run,,CB1,CB,52.2072285,0.1252435,86-88,King Street,Cambridge,"""King Street Run"" pub Cambridge CB1",0.000,,,,[],manual:King Street Run - no dedicated site; shares King Street Brewery
node/4820111626,Station Tavern,Young's,CB1,CB,52.1949073,0.1376457,2,Station Square,Cambridge,"""Station Tavern"" pub Cambridge CB1",0.950,https://www.thestationtavern.co.uk/,https://www.thestationtavern.co.uk/,,[],manual:Station Tavern
node/5676057080,Old Ticket Office,,CB1,CB,52.1946413,0.1377721,,Station Road,Cambridge,"""Old Ticket Office"" pub Cambridge Station Road CB1",0.950,https://www.oldticketoffice.com/,https://www.oldticketoffice.com/,,[],manual:Official City Pub Company site; address Cambridge Railway Station CB1 2JW matches venue.
node/8423728790,The Three Horseshoes,,CB22,CB,52.144507,0.1472315,,,,"""The Three Horseshoes"" pub Cambridge CB22",0.900,https://threehorseshoes-pub.com/,https://threehorseshoes-pub.com/,,"[""https://3horseshoes.co.uk/""]",manual:Stapleford village pub at Church St CB22 5DS; two linked official domains operated by same licensee.
node/9042161425,The Bird or Worm?,,CB5,CB,52.2084986,0.1392105,122,Newmarket Road,,"""The Bird or Worm?"" pub Cambridge Newmarket Road CB5",0.750,https://thebirdorworm.com/,https://thebirdorworm.com/,,[],manual:Minimal one-page official site (menu only) for Ninja Theory ground-floor bar at 122 Newmarket Rd CB5 8HE; no full pub website.
node/13142721772,The Regal - JD Wetherspoon,,CB2,CB,52.2028241,0.1235286,,,,"""The Regal"" JD Wetherspoon pub Cambridge CB2",0.950,https://www.jdwetherspoon.com/pubs/the-regal-cambridge/,https://www.jdwetherspoon.com/pubs/the-regal-cambridge/,,[],manual:Official J D Wetherspoon pub page; 38-39 St Andrews Street CB2 3AR.
way/52115600,Dobblers Inn,,CB1,CB,52.2054567,0.1400361,184,Sturton Street,Cambridge,"""Dobblers Inn"" pub Cambridge Sturton Street CB1",0.900,https://www.thedobblers.com/,https://www.thedobblers.com/,,[],manual:Official pub website at 184 Sturton Street CB1 2QF; Wells & Co community local.
way/67665889,The Geldart,,CB1,CB,52.2036588,0.1421985,1,Ainsworth Street,Cambridge,"""The Geldart"" pub Cambridge Ainsworth Street CB1",0.950,https://www.the-geldart.co.uk/,https://www.the-geldart.co.uk/,,[],manual:Official site for music/food pub at 1 Ainsworth Street CB1 2PF.
way/74341420,Monkfield Arms,,CB23,CB,52.2181331,-0.0678888,1,Monkfield Lane,Great Cambourne,"""Monkfield Arms"" pub Great Cambourne Monkfield Lane CB23",0.950,https://www.monkfieldarmspub.co.uk/,https://www.monkfieldarmspub.co.uk/,,[],"manual:Official Marston's pub site at 1 Monkfield Lane, Cambourne CB23 6AH."
way/96886062,The Barley Mow,,CB24,CB,52.251816,0.1057326,7,High Street,,"""The Barley Mow"" pub Cambridge High Street CB24",0.900,https://www.barleymowhiston.co.uk/,https://www.barleymowhiston.co.uk/,,[],"manual:Official Greene King Hive pub site; 7 High Street, Histon CB24 9JD."
way/101893151,The Fox,,CB23,CB,52.255071,0.0206319,,,,"""The Fox"" pub Cambridge CB23",0.950,https://www.foxbarhill.com/,https://www.foxbarhill.com/,,[],"manual:Official Punch Pubs site for The Fox at Gladeside, Bar Hill CB23 8DY."
way/110256311,The Tivoli,City Pub Group,CB4,CB,52.2136541,0.123844,16,Chesterton Road,Cambridge,"""The Tivoli"" pub Cambridge Chesterton Road CB4",0.950,https://www.thetivoli.co.uk/,https://www.thetivoli.co.uk/,,[],manual:Official venue site at 16 Chesterton Road CB4 3AX; Young's/City Pub Group.
way/110256313,Old Spring,,CB4,CB,52.2144217,0.1277523,1,Ferry Path,Cambridge,"""Old Spring"" pub Cambridge Ferry Path CB4",0.950,https://theoldspring.co.uk/,https://theoldspring.co.uk/,,"[""https://theoldspring.com/""]",manual:Official gastropub site at 1 Ferry Path CB4 1HB; .co.uk and .com both resolve.
way/110256317,The Boathouse,,CB4,CB,52.2136996,0.1235262,14,Chesterton Road,Cambridge,"""The Boathouse"" pub Cambridge Chesterton Road CB4",0.950,https://www.greeneking.co.uk/pubs/cambridgeshire/boathouse,https://www.greeneking.co.uk/pubs/cambridgeshire/boathouse,,[],manual:Official Greene King pub page at 14 Chesterton Road CB4 3AX.
way/118943808,Corner House,,CB5,CB,52.2095223,0.1434344,231,Newmarket Road,Cambridge,"""Corner House"" pub Cambridge Newmarket Road CB5",0.950,https://www.thecornerhousepub.co/,https://www.thecornerhousepub.co/,,"[""https://www.lapeninns.com/restaurants/the-corner-house""]",manual:Official Lapen Inns pub site at 231 Newmarket Road CB5 8JE.
way/125553129,The White Horse,,CB24,CB,52.2432599,0.1615111,20-22,High Street,Cambridge,"""The White Horse"" pub Cambridge High Street CB24",0.950,https://thewhitehorsemilton.co.uk/,https://thewhitehorsemilton.co.uk/,,[],manual:Milton village pub at 20-22 High Street CB24 6AJ; distinct from Barton White Horse.
way/125662864,The Hole in the Wall,,CB21,CB,52.2037798,0.2565659,,,,"""The Hole in the Wall"" pub Cambridge CB21",0.950,https://www.holeinthewalldining.co.uk/,https://www.holeinthewalldining.co.uk/,,[],"manual:Official country gastro pub site at 2 High Street, Little Wilbraham CB21 5JY."
way/127367856,The Ship,,CB4,CB,52.2310501,0.1288658,,Northfield Avenue,Cambridge,"""The Ship"" pub Cambridge Northfield Avenue CB4",0.900,https://www.theshipcambridge.co.uk/,https://www.theshipcambridge.co.uk/,,[],"manual:Official pub site at Northfield Avenue, King's Hedges CB4 2LG."
way/127812957,Sir Isaac Newton,,CB3,CB,52.2134269,0.1121754,84,Castle Street,Cambridge,"""Sir Isaac Newton"" pub Cambridge Castle Street CB3",0.950,https://www.sirisaacnewton-cambridge.co.uk/,https://www.sirisaacnewton-cambridge.co.uk/,,[],manual:Official pub site at 84 Castle Street CB3 0AJ.
way/129105260,The White Horse,,CB23,CB,52.1785608,0.0624125,,,,"""The White Horse"" pub Cambridge CB23",0.900,https://www.thewhitehorseinnbarton.co.uk/,https://www.thewhitehorseinnbarton.co.uk/,,[],manual:Barton village pub (listed as White Horse Inn) at 118 High Street CB23 7BG; OSM name omits 'Inn'.
way/134111534,Royal Standard,,CB1,CB,52.1969813,0.149732,292,Mill Road,Cambridge,"""Royal Standard"" pub Cambridge Mill Road CB1",0.850,https://cambridge.pub/royal-standard/,https://cambridge.pub/royal-standard/,,[],manual:Official venue page on Cambridge Blue Management group site; 292 Mill Road CB1 3NL.
way/134385094,The Blue Moon,,CB1,CB,52.2048657,0.1366267,2,Norfolk Street,Cambridge,"""The Blue Moon"" pub Cambridge Norfolk Street CB1",0.900,https://cambridge.pub/blue-moon/,https://cambridge.pub/blue-moon/,,[],manual:Official venue page on Cambridge Blue Management group site; 2 Norfolk Street CB1 2LF.
way/136196114,The Grapes,,CB4,CB,52.2149913,0.1106845,19,Histon Road,Cambridge,"""The Grapes"" pub Cambridge Histon Road CB4",0.150,,,,[],"manual:CAMRA lists no website; directory references to thegrapescambridge.co.uk and thegrapes.co.uk appear inactive. Only aggregator listings (inapub, useyourlocal) found."
way/147532393,George Inn,,CB22,CB,52.1307147,0.2099435,,,,"""George Inn"" pub Cambridge CB22",0.950,https://www.thegeorgeinnbabraham.co.uk/,https://www.thegeorgeinnbabraham.co.uk/,,[],"manual:Official site for George Inn at 43 High Street, Babraham CB22 3AG; matches CB22 district and wikidata entry."
way/148827006,The Tram Depot,,CB1,CB,52.204652,0.1328395,2-5,Dover Street,Cambridge,"""The Tram Depot"" pub Cambridge Dover Street CB1",0.950,https://thetramcambridge.co.uk/,https://thetramcambridge.co.uk/,,[],manual:Official operator site; address 5 Dover Street CB1 1DY matches OSM record.
way/152686984,The Poacher,,CB23,CB,52.2547944,-0.0742617,1,Brockley Road,Cambridge,"""The Poacher"" pub Cambridge Brockley Road CB23",0.850,http://poacherelsworth.co.uk/,http://poacherelsworth.co.uk/,,"[""https://poacherelsworth.co.uk/""]",manual:Official site for Elsworth Poacher at 1 Brockley Road CB23 4JS; CAMRA reports pub closed long-term Feb 2026 but site remains operator-owned.
way/154730026,The Green Man,,CB3,CB,52.1800352,0.0951156,59,High Street,Cambridge,"""The Green Man"" pub Cambridge High Street CB3",0.920,https://www.grantchestergreenman.com/,https://www.grantchestergreenman.com/,,[],manual:Grantchester Green Man at 59 High Street CB3 9NF; distinct from Trumpington Green Man (CB2). URL cited on OpenTable and CAMRA.
way/159256001,George Inn,,CB3,CB,52.2415917,0.0814685,71,High Street,Cambridge,"""George Inn"" pub Cambridge High Street CB3",0.880,https://thegeorgegirton.weebly.com/,https://thegeorgegirton.weebly.com/,,[],"manual:Official Weebly site for The George at 71 High Street, Girton CB3 0QD; Thai food and pub menus confirmed."
way/159256015,Old Crown,,CB3,CB,52.2425801,0.0813955,89,High Street,Cambridge,"""Old Crown"" pub Cambridge High Street CB3",0.950,https://oldcrowngirton.com/,https://oldcrowngirton.com/,,"[""https://www.lapeninns.com/restaurants/the-old-crown""]",manual:Official pub site at 89 High Street Girton CB3 0QD; Lapen Inns group page is operator site not primary venue URL.
way/169444849,The Bell,,CB25,CB,52.2232386,0.2581186,16,High Street,,"""The Bell"" pub Cambridge High Street CB25",0.950,https://thebellbottisham.com/,https://thebellbottisham.com/,,[],"manual:Official site for Bell Inn at 16 High Street, Bottisham CB25 9DA; booking and menu pages on same domain."
way/174752202,The Red Bull,,CB3,CB,52.196529,0.1086877,11,Barton Road,Cambridge,"""The Red Bull"" pub Cambridge Barton Road CB3",0.950,https://www.redbullcambridge.co.uk/,https://www.redbullcambridge.co.uk/,,[],manual:Official Charles Wells/Wells & Co pub site at 11 Barton Road CB3 9JZ; live site verified.
way/188821806,Railway Vue,,CB24,CB,52.2426074,0.1109166,163,Station Road,,"""Railway Vue"" pub Cambridge Station Road CB24",0.950,https://railwayvue.co.uk/,https://railwayvue.co.uk/,,"[""http://www.therailwayvue.co.uk/""]","manual:Official community pub site at 163 Station Road, Impington CB24 9NP; Punch Pubs refurbishment 2025."
way/190337333,Waggon and Horses,,CB24,CB,52.2881345,0.1286152,69,Margett Street,,"""Waggon and Horses"" pub Cambridge Margett Street CB24",0.100,,,,[],"manual:CAMRA and inapub list no website for Cottenham venue at 69 Margett Street CB24 8QY; reopened Nov 2024, presence via Facebook/Instagram only."
way/191142638,Rose & Crown,Milton Brewery,CB24,CB,52.2514123,0.1089762,2,Glebe Way,Cambridge,"""Rose & Crown"" pub Cambridge Glebe Way CB24",0.920,https://www.individualpubs.co.uk/roseandcrown/,https://www.individualpubs.co.uk/roseandcrown/,,[],"manual:Individual Pub Company (Milton Brewery) official page for 2 Glebe Way, Impington CB24 9JB; reopened Nov 2024."
way/200604966,The Admiral,,CB24,CB,52.3164398,0.0165512,31,High Street,Over,"""The Admiral"" pub Cambridge High Street CB24",0.100,,,,[],manual:No dedicated website for 31 High Street Over CB24 5NB; CAMRA lists none. Family-run pub reopened Jul 2024; contact via Facebook and theadmiralover@gmail.com.
way/211724201,Kings Head,,CB5,CB,52.2213751,0.1699269,50,High Street,Cambridge,"""Kings Head"" pub Cambridge High Street CB5",0.850,https://thekingsheadfenditton.wordpress.com/,https://thekingsheadfenditton.wordpress.com/,,[],"manual:Official WordPress site for Kings Head at 50 High Street, Fen Ditton CB5 8ST; reopened Jun 2025 under new licensees."
way/218983713,The Rose,,CB22,CB,52.1432958,0.1483285,81,London Road,Stapleford,"""The Rose"" pub Cambridge London Road CB22",0.950,https://www.therose-stapleford.co.uk/,https://www.therose-stapleford.co.uk/,,[],"manual:Official site for The Rose at 81 London Road, Stapleford CB22 5DG; Thai food, sister pub to George Inn Babraham."
way/219789582,The Sun,,CB25,CB,52.2655212,0.1907594,,,,"""The Sun"" pub Cambridge CB25",0.100,,,,[],"manual:Sun Inn at 7 Chapel Street, Waterbeach CB25 9HR has no official website per CAMRA; reopened Oct 2025; Facebook/social only."
way/219913530,George & Dragon,,CB23,CB,52.2562642,-0.0688011,41,Boxworth Road,Cambridge,"""George & Dragon"" pub Cambridge Boxworth Road CB23",0.950,https://www.georgeanddragon-elsworth.co.uk/,https://www.georgeanddragon-elsworth.co.uk/,,[],"manual:Official family-run gastropub site at 41 Boxworth Road, Elsworth CB23 4JQ."
way/220571908,Black Horse Inn,,CB25,CB,52.2395157,0.2781818,35,High Street,,"""Black Horse Inn"" pub Cambridge High Street CB25",0.950,https://www.theblackhorseswaffhambulbeck.co.uk/,https://www.theblackhorseswaffhambulbeck.co.uk/,,[],"manual:Official site for Black Horse Inn at 35 High Street, Swaffham Bulbeck CB25 0HP; pub rooms and dining."
way/220709642,Five Miles Inn,,CB7,CB,52.3078049,0.2521628,,Old School Lane,,"""Five Miles Inn"" pub Cambridge Old School Lane CB7",0.950,https://www.fivemilesinn.com/,https://www.fivemilesinn.com/,,[],"manual:Official site for Five Miles From Anywhere No Hurry Inn at Old School Lane, Upware CB7 5ZR."
way/224082817,Rose and Crown,,CB10,CB,52.0550645,0.3130915,,Crown Hill,Ashdon,"""Rose and Crown"" pub Cambridge Crown Hill CB10",0.950,https://roseandcrownashdon.co.uk/,https://roseandcrownashdon.co.uk/,,[],"manual:Official site for Rose & Crown at Crown Hill, Ashdon CB10 2HA; free house managed by Ian and Tracy Holt."
way/234005325,The Bell Inn,,CB21,CB,52.1312088,0.3204674,,,,"""The Bell Inn"" pub Cambridge CB21",0.920,https://thebellinnbalsham.com/,https://thebellinnbalsham.com/,,[],manual:Balsham village pub at 2 West Wickham Road CB21 4DZ; official site with menu PDF and phone 01223 892999 matching OSM.
way/234094833,The Black Bull,,CB21,CB,52.1313668,0.3166834,,,,"""The Black Bull"" pub Cambridge CB21",0.930,https://blackbull-balsham.co.uk/,https://blackbull-balsham.co.uk/,,[],manual:Grade II listed gastropub/inn at 27 High Street Balsham CB21 4DJ; phone 01223 893844 matches OSM.
way/338544409,Three Horseshoes,,CB23,CB,52.185464,0.0200054,22,South Street,Cambridge,"""Three Horseshoes"" pub Cambridge South Street CB23",0.850,https://www.threehorseshoescomberton.co.uk/,https://www.threehorseshoescomberton.co.uk/,,[],manual:Comberton pub at 22 South Street CB23 7DZ; official Wix site (distinct from Madingley Three Horseshoes at threehorseshoesmadingley.co.uk).
way/349728016,White Horse,,CB24,CB,52.2605125,0.064186,,Longstanton Road,Cambridge,"""White Horse"" pub Cambridge Longstanton Road CB24",0.920,https://www.whitehorse-oakington.co.uk/,https://www.whitehorse-oakington.co.uk/,,"[""https://www.twho.co.uk/""]",manual:Oakington village pub at 28 Longstanton Road CB24 3AB; twho.co.uk redirects to whitehorse-oakington.co.uk.
way/369262851,Black Horse,,CB24,CB,52.292125,0.0891137,,,,"""Black Horse"" pub Cambridge CB24",0.900,https://theblackhorserampton.co.uk/,https://theblackhorserampton.co.uk/,,"[""https://www.theblackhorserampton.co.uk/""]",manual:Rampton village pub at 6 High Street CB24 8QE; coordinates match Rampton area (calc_postcode CB24 8PR).
way/372486548,Six Bells,,CB1,CB,52.2003599,0.1344637,11,Covent Garden,Cambridge,"""Six Bells"" pub Cambridge Covent Garden CB1",0.930,https://sixbellspub.co.uk/,https://sixbellspub.co.uk/,,[],manual:City pub at 11 Covent Garden CB1 2HS off Mill Road; official site lists address and phone 01223 355559.
way/477382783,White Horse Inn,,CB24,CB,52.3017643,-0.0045852,1,Market Street,Swavesey,"""White Horse Inn"" pub Cambridge Market Street CB24",0.700,https://www.thewhitehorseswavesey.com/,https://www.thewhitehorseswavesey.com/,,[],manual:Swavesey pub at 1 Market Street CB24 4QG; former official domain (Pubs Galore/Wikidata) but site returned 503 and pub closed long-term March 2026.
way/490373509,Golden Ball Inn,,CB23,CB,52.2583927,-0.0306027,,High Street,,"""Golden Ball Inn"" pub Cambridge High Street CB23",0.600,https://www.goldenballhotel.co.uk/,https://www.goldenballhotel.co.uk/,,[],manual:Boxworth pub at 35 High Street CB23 4LY; goldenballhotel.co.uk was the listed official site but appears offline and pub closed long-term since June 2025.
way/561109559,White Horse,,CB22,CB,52.1152558,0.0589109,,,,"""White Horse"" pub Cambridge CB22",0.000,,,,[],manual:Foxton village pub at 45 High Street CB22 6RP; CAMRA and Pubs Galore report no known official website (Facebook only).
way/616021928,The Plough,,CB22,CB,52.1503938,0.1355474,2,High Street,,"""The Plough"" pub Cambridge High Street CB22",0.000,,,,[],manual:Great Shelford pub at 2 High Street CB22 5EH; no standalone website found; Visit South Cambs directs to Facebook for menus/hours.
way/617704032,The Greyhound,,CB22,CB,52.1246073,0.1685342,,,,"""The Greyhound"" pub Cambridge CB22",0.650,https://thegreyhoundsawston.co.uk/,https://thegreyhoundsawston.co.uk/,,"[""https://greyhoundsawston.co.uk/""]","manual:Sawston pub at 2 High Street CB22 3BG; domain listed in business directories and CAMRA email thegreyhound@sawston, but site did not load during verification."
way/619000773,Tickell Arms,,CB22,CB,52.1134614,0.148525,,North Road,,"""Tickell Arms"" pub Cambridge North Road CB22",0.930,https://thetickellarms.co.uk/,https://thetickellarms.co.uk/,,"[""https://www.cambscuisine.com/the-tickell-whittlesford""]",manual:Whittlesford pub/restaurant at 1 North Road CB22 4NZ; Cambscuisine group venue with active official site.
way/661740178,Duke of Wellington,,CB24,CB,52.3145221,0.063116,55,Church Street,,"""Duke of Wellington"" pub Cambridge Church Street CB24",0.000,,,,[],manual:Willingham pub at 55 Church Street CB24 5HS; Pubs Galore and CAMRA confirm no official website (Facebook page only).
way/945508474,The Old Red Lion,,CB21,CB,52.0995911,0.3484063,,Linton Road,,"""The Old Red Lion"" pub Cambridge Linton Road CB21",0.930,https://www.theoldredlion.co.uk/,https://www.theoldredlion.co.uk/,,[],"manual:Horseheath pub/inn on Linton Road CB21 4QF; official site with food, rooms and contact details."
way/1115730232,White Swan,,CB25,CB,52.2227975,0.2257806,9,Main Street,,"""White Swan"" pub Cambridge Main Street CB25",0.900,https://thewhiteswanquy.com/,https://thewhiteswanquy.com/,,[],manual:Stow-cum-Quy freehouse at 9 Main Street CB25 9AB; official site matches address.
way/1115734363,The Hop Bind,,CB24,CB,52.2882445,0.1243365,212,High Street,,"""The Hop Bind"" pub Cambridge High Street CB24",0.920,https://www.thehopbind.co.uk/,https://www.thehopbind.co.uk/,,[],manual:Cottenham coaching inn at 212 High Street CB24 8RZ; active official site.
way/1426256714,Royal Oak,,CB22,CB,52.1260312,0.0290461,31,West Green,retail,"""Royal Oak"" pub Cambridge West Green CB22",0.930,https://theroyaloakbarrington.co.uk/,https://theroyaloakbarrington.co.uk/,,"[""https://www.cambscuisine.com/the-royal-oak-barrington""]",manual:Barrington pub at 31 West Green CB22 7RZ; Cambscuisine venue with verified active official site.
