id,opening_hours
node/7039559892,Mo-Sa 12:00-23:29
node/10245706076,
way/157322970,Mo-Sa 12:00-23:00; Su 12:00-22:30
way/260681370,
node/295979629,
node/858431027,
node/12529152052,
way/107796329,
way/369188797,Mo-Sa 10:00-23:30; Su 11:00-23:00
way/163644475,
0d5652fd-a487-4213-991e-50f5fb86c290,
54986812-cc27-4db2-ab19-06ca9a65172f,
node/48928595,
way/270424950,
way/236653740,
way/107275360,
way/413193939,
way/778627033,Mo-Fr 11:00-23:00; Sa 11:00-23:30; Su 12:00-22:30
way/89970679,
way/200356056,
way/204000375,Mo-We 11:00-23:00; Th-Fr 11:00-00:00
way/310350976,
way/257334015,Mo-Fr 12:00-23:30; Sa-Su 11:00-23:00
node/10251784717,"Mo-Th 08:00-23:00; Fr,Sa 08:00-23:30; Su 08:00-19:30"
node/277909036,"Su-Tu 16:00-24:00, We 16:00-01:00, Th 16:00-01:30, Fr,Sa 16:00-03:00"
way/157322996,Mo 16:00-23:00; Tu-We 12:00-23:00; Th-Fr 12:00-00:00; Sa 12:00-01:00
way/161720577,"Mo-Sa 12:00-24:00, Su 12:00-21:00"
way/195649317,Su-We 16:00-00:00; Th 16:00-02:30; Fr-Sa 16:00-03:00
way/157323017,
node/3010570949,
way/276100290,09:00-23:00
node/6119354792,Mo-Sa 12:00-23:30; Su 12:00-22:00
way/448779543,
way/303225529,
way/205408905,
node/296620391,
way/373272377,"Mo,Su 11:00-23:00; Tu-Sa 11:00-24:00"
way/395695853,"Mo-Fr 15:00-23:00; Sa,Su 11:00-23:00"
node/5238249940,Mo-Th 11:00-23:00; Fr 11:00-00:0; Sa 12:00-00:00; Su 12:00-21:30
node/371601279,"Mo,Tu 16:00-23:00, We,Th 12:00-24:00, Fr,Sa 12:00-01:00, Su 12:00-23:00"
way/163644465,
way/157323000,"Mo-We,Su 12:00-24:00; Th-Sa 12:00-01:00"
way/142390004,
way/264131977,
node/278312956,
node/7039548576,Mo-Fr 11:00-23:00
way/314760744,Mo-Sa 11:00-23:00; Su 11:00-22:00
bdf58937-ad8f-4427-bed5-659edaa38a11,
node/13717302373,
way/696129533,
node/8355222754,We-Th 16:00-22:00; Fr 16:00-24:00; Sa 12:00-24:00; Su 12:00-18:00
node/472446463,
way/142241624,12:00-23:00
0c35de19-2d54-4c2f-9942-93f38ced4a49,
way/444200909,Mo-Th 12:00-23:00; Fr-Sa 12:00-01:00; Su 12:00-23:00
way/1385726376,Mo-Th off; Fr 16:00-22:00; Sa 13:00-22:00; Su off; PH off
way/444593912,
way/444642776,Mo-We 12:00-23:00; Th 12:00-00:00; Fr-Sa 12:00-01:00; Su 12:00-22:00
node/12198799907,Mo-We 16:00-23:00; Th 12:00-23:00; Fr 12:00-00:30; Sa 12:00-01:00; Su 12:00-23:00
6154170c-9ae2-430e-a146-d965ef6dfcd6,
way/1047662587,
af647587-2acc-4755-baf4-c06d9bb8b73a,
way/767855492,
way/935593053,
way/228435778,
way/230406331,
9ba74653-4cf8-475d-8ab8-ac4bd90998c8,
way/507095501,
way/296756574,
way/1351858504,
way/99878205,
way/163505839,
way/1337211309,
way/163502247,
way/511586538,
way/310789678,
way/28836414,
way/930391987,
way/511169062,
way/1069433877,
way/965232197,
way/550447429,
way/965224998,Mo-Th 11:30-23:30; Fr-Sa 11:00-01:00; Su 11:00-24:00
way/1116641607,
node/356973074,
way/1027522305,
way/1120585512,
way/436113666,
node/2018688106,Mo-Sa 12:00-23:00; Su 12:00-22:00
way/191304258,
node/11603173108,
way/413367881,
way/192328204,"Mo-Th 12:00-23:00; Fr,Sa 12:00-24:00; Su 12:00-22:00"
way/187272264,
way/190897365,
node/6019687353,"Mo-We 10:00-23:00; Th 10:00-23:30; Fr,Sa 10:00-24:00; Su 10:00-22:30"
node/3576622823,
way/190626268,Mo-We 17:00-23:00; Th 17:00-24:00; Fr 15:00-24:00; Sa 12:00-24:00; Su 12:00-22:30
way/190897364,
way/353735190,Mo-Su 12:00-23:00
way/191304272,
way/193308924,Mo-We 11:00-23:00; Th-Sa 11:00-24:00; Su 11:00-22:30
way/195200692,Mo-Sa 12:00-23:00; Su 12:00-22:30
way/372953882,Mo-Su 12:00-22:30
way/189811893,Mo-Tu 11:30-23:00; We-Sa 11:30-24:00; Su 11:30-22:30
node/573854610,Mo-Sa 12:00-23:00; Su 12:00-18:00
way/140144150,"Mo-Th,Su 09:00-00:00; Fr-Sa 09:00-01:00"
node/638738965,
way/195649318,Mo 12:00-22:00; Tu 12:00-23:00; We 12:00-00:00; Th 12:00-23:00; Fr-Su 12:00-00:00
way/195649319,
way/354074631,
node/5418886554,Mo-Th 12:00-23:00; Fr-Sa 12:00-24:00; Su 12:00-22:30
node/7250542203,
way/209682393,
way/354074632,Mo 08:00-22:00; Tu-Fr 08:00-23:00; Sa 09:00-23:00; Su 09:00-22:00
node/269253652,"Su-Th 11:00-00:00; Fr,Sa 11:00-01:00"
way/465890007,"Mo-Th 12:00-00:30, Fr 12:00-03:00, Sa 12:00-03:30, Su 12:00-00:30"
node/4607932812,
way/447182149,
way/930548529,"Su-Th 08:00-24:00; Fr,Sa 08:00-01:00"
2cd8c236-f5d4-44cb-962b-76e1b2b973c7,
node/6488078275,
way/241713664,
node/1322154184,Su-Th 10:00-23:00; Fr-Sa 10:00-01:00
way/609577381,
way/179004382,
way/1090201138,
way/930766693,
node/296506670,
way/930360465,
node/269255191,"Su-Th 09:00-23:30; Fr,Sa 09:00-01:00"
way/465306936,
node/529875654,
way/122187910,
way/196384557,
node/11020498904,Fr 17:00-23:00; Sa 13:00-20:00; Su 14:00-23:00
way/459254728,
way/826625488,
way/826625485,
node/7523464145,Mo-Sa 12:00-23:00; Su 12:00-22:00
way/23376430,"Mo-We 12:00-23:00; Th 12:00-00:00; Fr,Sa 12:00-01:00; Su 12:00-22:00"
node/7056928285,Th 16:00-23:00; Fr 16:00-02:00; Sa 12:00-02:00; Su 12:00-20:00
b6cdb852-5c7e-4869-bf56-04e9e917108f,
way/198577468,
way/1208115927,Fr 16:00-23:00; Sa 12:00-23:00; Su 12:00-18:00
way/200217289,Su-Th 11:00-23:00; Fr-Sa 11:00-02:00
way/164570576,
way/214590379,
way/196917803,
way/682382151,Su-Th 11:00-23:00; Fr-Sa 11:00-00:00
way/205876522,
way/205593042,
node/249672846,Mo-Th 11:00-00:00; Fr 11:00-01:00; Sa 10:00-01:00; Su 10:00-23:00
way/376872583,
way/655249175,
way/219045183,Mo-Th 16:00-23:00; Fr-Sa 12:00-00:00; Su 12:00-22:00
way/139911657,
way/198639606,
node/249672865,
way/940451832,Mo-Su 12:00-23:00
node/11061470043,Tu 16:00-22:30; We 14:00-22:30; Th-Sa 12:00-22:30; Su 12:00-21:30; Mo off
181555b6-dff2-4d1c-aa21-e249f70e5280,
8ddfb0e1-1d53-45c3-aebe-a7a9e15557cd,
way/412076101,
way/159296346,Mo-Th 15:00-23:00; Fr 14:00-01:00; Sa 12:00-01:00; Su 12:00-23:00
node/12242503,
node/1975218592,
way/1060529595,
way/425809862,
node/265664308,Mo-Su 12:00-23:00
node/249310455,"Mo-Th 12:00-23:00, Fr,Sa 12:00-01:30, Su 12:00-22:30"
node/278291760,
way/204148499,
way/425809832,Mo-Sa 12:00-23:00; Su 12:00-22:30
way/422666464,"Mo-Fr 12:30-23:30, Sa 11:00+, Su 11:30+"
way/616081584,
node/339719862,Mo-Th 12:00-00:00; Fr 12:00-02:00; Sa 11:00-02:00; Su 11:00-00:00
way/230788987,
node/11128539820,
way/373262266,
way/1059879142,
way/533902320,Mo 16:00-21:00; Tu-Th 16:00-22:00; Fr 16:00-23:00; Sa 13:00-23:00; Su 13:00-21:00
node/2831429756,Mo 16:00-23:00; Tu-Th 12:00-23:00; Fr-Sa 12:00-00:00; Su 12:00-23:00
way/142390003,
way/305492454,Mo-We 17:00-23:00; Th 16:00-24:00; Fr 16:00-02:00; Sa 12:00-02:00; Su 12:00-22:00
way/220801895,Mo-We 15:00-23:00; Th-Sa 12:00-23:00; Su 12:00-22:30
node/4558839822,
way/973123074,Mo-We 12:00-23:00; Th 12:00-00:00; Fr-Sa 12:00-01:00; Su 09:00-22:30
way/273890986,
way/200855783,Mo-Sa 12:00-23:00; Su 12:00-22:30
way/379838816,Th-Sa 12:00-23:00; Su 12:00-22:30; Mo 16:00-23:00; Tu-We 12:00-00:00
way/200855784,
way/142371494,"Mo-Th 16:00-24:00; Fr,Sa 12:00-24:00; Su 12:00-22:30"
node/9394266492,
way/996134486,Mo-Th 15:00-23:30; Fr-Sa 12:00-24:00; Su 12:00-23:30
way/546566232,
way/458942013,
way/409334180,
way/987440460,Mo-Th 12:00-23:00; Fr 11:00-24:00; Sa 11:30-24:00; Su 11:30-23:00
way/461624372,"Mo-We 16:00-01:00; Th,Fr 16:00-03:00; Sa 12:00-03:00; Su 12:00-01:00"
way/546566227,Mo 12:00-22:00; Tu-Th 12:00-23:00; Fr-Sa 12:00-24:00; Su 12:00-22:00
way/1169647919,
way/445139621,Mo 16:00-24:00; Tu-Th 16:00-24:00; Fr 16:00-02:00; Sa 14:00-02:00; Su 14:00-21:00
node/1420042285,
way/389564046,
way/934330566,Mo-Th 17:00-23:00; Fr 14:00-24:30; Sa 12:00-24:30; Su 12:00-22:00
way/945438537,
node/13327212416,
way/1360397272,Mo-Sa 11:00-23:00; Su 12:00-22:00
node/3280571386,Mo-Th 11:00-23:00; Fr 11:00-24:00; Su 10:00-22:30; Sa 10:00-24:00
way/288532780,"Mo-Th 16:00-23:00; Fr 12:00-24:00; Sa 12:00-01:00, Su 12:00-22:30"
way/429089060,
way/429273275,
node/12531850553,
way/1208480794,
way/50826303,
way/50885254,
way/132612884,
way/182913386,
way/430938730,Mo-Th 11:00-23:00; Fr-Sa 11:00-24:00; Su 12:00-22:30
way/195029749,
way/533670749,
node/13191255035,
way/429066804,Mo-Th 16:00-23:00; Fr-Sa 12:00-24:00; Su 12:00-22:00
node/160548974,Mo-Sa 12:00-23:00; Su 12:00-22:30
way/71500781,
way/413304152,Su-We 12:00-23:00; Th-Sa 12:00-24:00
way/195008372,
way/420501808,Mo-Sa 12:00-23:00; Su 12:00-22:30
way/408226105,"Mo-Th 17:00-24:00; Fr,Sa 16:00-01:00; Su 16:00-24:00"
way/1396546690,
way/680363356,
way/680295876,We-Th 12:00-24:00; Fr-Sa 12:00-01:00; Su-Tu 12:00-23:00
way/681581511,
way/626162189,
way/685395571,
way/309899227,
way/310872642,
way/680896798,
way/1232304253,
way/626162208,
node/3077522360,
way/309900396,
way/916682836,
way/684584616,
way/516163788,
way/593535886,
way/221310845,
way/594763297,
way/115190097,Mo-Sa 11:00-23:00; Su 11:00-22:30
way/921356497,
way/142313535,"Mo 16:00-23:00; Tu-We,Su 12:00-23:00; Th-Sa 12:00-24:00"
way/371174113,Mo-Th 16:00-23:00; Fr 16:00-24:00; Sa 12:00-24:00; Su 12:00-23:00
way/228900858,
node/306966699,
way/373406676,Mo-Th 15:00-23:00; Fr 15:00-01:00; Sa 12:00-01:00; Su 12:00-23:00
way/757875931,
way/1285226741,Mo Off; Tu Off; We Off; Th 15:00-23:00; Fr 15:00-24:30; Sa 12:00-24:30; Su 12:00-22:00
way/436146455,Mo-We 16:00-23:00; Th 12:00-23:00; Fr-Sa 12:00-01:00; Su 12:00-22:00
node/331933100,
way/879875254,Mo-Th 16:00-23:00; Fr 16:00-01:00; Sa 12:00-01:00; Su 12:00-23:00
way/875103908,
way/224178092,
way/458783542,
way/976351907,Mo-Su 09:00-23:00
7bf5b7a8-3672-4d2e-985f-09e46cc34c3f,
08b8fb79-3bce-4053-afe2-bd2f39166df3,
way/366327540,Mo 12:00-23:00; Tu-We 12:00-23:00; Th 12:00-00:00; Fr-Sa 12:00-01:00; Su 12:00-22:30
way/142371465,"Mo-Th 12:00-23:00, Fr,Sa 12:00-01:00, Su 12:00-22:30"
a888527e-8e3f-4d4a-9b38-2f942ed9377f,
fb8739dc-635a-4fc9-97e2-f7103a09cf9c,
ea691433-979e-4d94-ba90-36c8db8d759b,
a6d78559-f2c5-4df3-8564-217a75e30cff,
way/395000517,Mo-Th 16:00-24:00; Fr 16:00-01:00; Sa 13:00-01:00; Su 13:00-24:00
way/589699814,Mo-Sa 11:00-22:00; Su 12:00-22:00
way/372701658,Mo-We 16:00-23:00; Th-Fr 16:00-24:00; Sa 12:00-24:00; Su 12:00-23:00
way/970859357,"Mo-Th 16:00-23:00, Fr,Sa 12:00-24:00, Su 12:00-22:00"
way/333082445,Mo-Su 12:00-22:00
way/469649790,
way/373347592,
way/372808122,
way/237487429,Mo-Th 17:00-22:00; Fr-Su 12:00-22:00
way/587954387,"Tu,We,Su 15:00-24:00; Mo off, Th 15:00-01:30, Fr,Sa 15:00-03:00"
way/366327440,Mo off; Tu-Fr 12:00-23:00; Sa 11:00-23:00; Su 12:00-23:00
way/953306259,"Mo-Th 16:00-22:30; Fr,Sa 12:00-22:30; Su 12:00-22:00"
node/52755412,
way/262258278,
way/411359426,Mo-Th 11:00-01:00; Fr-Su 11:00-03:00
way/593373600,
way/142371498,"Mo,Tu 16:00-23:00; We 12:00-24:00; Th 12:00-01:00; Fr 12:00-03:00; Sa 12:00-03:00; Su 12:00-22:00"
way/459672112,
way/956665216,Mo-Sa 12:00-23:00; Su 12:00-22:00
way/466647109,Mo-Th 17:00-24:00; Fr-Sa 16:00-03:00; Su 16:00-24:00
way/863500628,
way/531572661,Mo-Th 12:00-01:00; Fr-Sa 12:00-02:00; Su 12:00-01:00
way/606507213,Mo-Fr 16:00-23:00; Sa 12:00-23:00; Su 12:00-22:30
node/2296112253,"Mo-Th,Su 12:00-23:00; Fr-Sa 12:00-01:00"
way/272507642,
e5997a64-880a-4cad-9a17-30c8972e15e3,
way/525700383,"Mo-We 16:00-24:00, Th,Su 12:00-24:00, Fr,Sa 12:00-01:30"
way/95243702,Mo-Th 12:00-00:00; Fr 12:00-01:00; Sa 12:00-02:00; Su 12:00-00:00
way/982884990,Mo-Th 16:00-22:00; Fr-Su 12:00-22:00
way/663004043,Mo-We 15:00-23:00; Th-Sa 12:00-23:00; Su 12:00-22:00
way/416439002,
way/480686698,
way/600916017,Mo 16:00-23:00; Tu-Sa 12:00-23:00; Su 12:00-10:30
way/475491527,
way/848656899,12:00-23:00
way/601823724,
way/387574439,
way/457300035,Mo-We 16:00-23:00; Th 16:00-24:00; Fr 16:00-01:00; Sa 12:00-01:00; Su 13:00-22:30
way/601291041,"Mo 11:00-23:45; Tu-Th 11:00-24:00; Fr-Sa 11:00-00:30, Su 11:00-23:45"
way/668568684,
way/95243769,Mo-Su 12:00-23:00
way/637516538,Mo-Th 16:00-23:00; Fr 16:00-01:00; Sa 12:00-02:00; Su 12:00-22:30
way/439335533,
way/146989400,
way/172306189,
way/430451203,Mo-Sa 12:00-23:00; Su 12:00-22:30
way/100835971,
way/146986827,
way/430448024,Mo-Fr 12:00-23:00
way/147191437,Mo-Fr 11:00-23:00; Sa 11:00-19:30; Su Off
way/170525606,Mo-Fr 11:00-23:00
way/97175520,
3ed679cd-1ddd-4fab-9604-085dfb83983f,
way/42935883,Mo-Fr 07:30-23:00; Sa 10:00-22:00
node/593553106,
node/475933772,Mo-Su 10:00-23:00
way/503225516,
way/186152883,Mo-Sa 12:00-23:00; Su 12:00-21:30
way/146989396,
way/569138325,Su-We 08:00-23:30; Th-Sa 08:00-24:00
way/568747636,
way/203530059,Mo-Fr 12:00-23:00
way/502991820,
way/147495191,
node/338472534,"Mo-Th 10:00-23:30, Fr,Sa 10:00-00:30, Su 10:00-22:30"
node/338463555,"Mo-Fr 11:30-23:00, Sa 12:00-20:00"
way/569138307,
way/257148829,Mo-Sa 12:00-23:00; Su 12:00-23:00
way/572670795,Mo-Fr 12:00-23:00
way/98515735,
way/420644092,
way/42527973,"Mo 12:00-23:00; Tu 12:00-23:30; We 12:00-24:00; Th,Fr 12:00-25:00; Sa 17:00-25:00"
way/99379732,
way/155363856,Mo-Fr 12:00-23:00
way/99379796,Mo-Th 12:00-22:30; Fr-Sa 12:00-23:30; Su 12:00-22:00
node/5192841322,Tu-We 16:00-26:00; Th-Fr 12:00-27:00; Sa 17:00-27:00
way/99379749,
way/203180588,Mo-Fr 12:00-23:00
way/70298958,
way/147734606,Mo-Tu 12:00-23:00; We 12:00-24:00; Th-Sa 12:00-01:00; Su 12:00-23:00
way/98526005,Mo-Sa 11:00-23:00; Su 12:00-22:00
way/155363890,Mo-Sa 12:00-23:00; Su 12:00-20:00
way/155341971,
way/99067531,
way/155343103,Mo 17:00-22:00; Tu-We 12:00-22:30; Th-Sa 12:00-23:30
node/452433527,
way/163272356,
way/99813922,Mo-Sa 12:00-23:00; Su 12:00-20:00
way/145481097,Mo-Th 12:00-23:00; Fr-Su 12:00-24:00
way/99057959,
way/155363891,Mo-Sa 12:00-23:00; Su 12:00-21:00
way/665469557,
node/988573532,
way/163997057,
88efd5f1-e9f9-4f0c-a28a-412e52e5ae7d,
way/146543172,
way/154856396,
way/100442829,
node/248444184,
way/155366810,
way/155354349,
node/294950903,
way/149390344,Mo-Su 10:00-01:00
way/164244210,"Mo-We,Su 12:00-23:00; Th-Sa 12:00-02:00"
way/160527361,"Sa-We 12:00-24:00, Th,Fr 12:00-01:00"
way/164475611,
way/149070189,
way/187581780,
way/672780137,
way/160279486,
way/203526627,Mo-Fr 11:00-23:00; Sa 16:00-23:00
node/291953084,
node/289075156,
way/667230136,Mo-Su 11:00-23:00
way/163995943,
way/629300448,Mo-Fr 09:00-23:00; Sa 11:00-20:00; Su off
node/4969009472,Th-Sa 11:00-02:00; Mo-We 11:00-00:00; Su 11:00-23:00
way/164245940,
way/164527293,
way/157021561,
way/159052524,Mo-Fr 11:00-00:00
way/161289706,
way/155367405,Mo-Fr 12:00-00:00; Sa 12:00-01:00; Su 13:00-22:00
way/164534150,
way/1183654746,"Mo-We,Fr 12:00-22:00; Th 12:00-23:00; Sa 13:00-23:00; Su 15:00-22:00"
way/157236295,Mo-We 13:00-24:00; Th 13:00-01:00; Fr-Sa 13:00-03:00; Su 13:00-24:00
node/301516360,
way/631252074,
d5feda4f-5add-449c-ab40-57d0ac23f4ed,
way/837365135,
node/366073245,Mo-Sa 07:00-23:30; Su 09:00-22:30
node/1150003215,
way/835395161,
ae5318d5-591b-4177-abae-b8f84c51eda3,
way/835331043,
way/160163216,
node/291754220,
node/302013654,
way/160138936,
way/89968893,
way/31235539,Mo-Su 11:00-23:00
way/163644470,
d336c8d3-78d5-4826-80b7-9f6794822330,
node/306135577,
way/958434661,Mo-Fr 12:00-00:00
c878f9cb-8a31-4a78-ad6a-4826c4c22504,
node/12250692107,
way/159751191,
node/6802993456,
way/160096670,"Mo-Fr 08:00-23:00; Sa,Su closed"
f5c2e112-0ddd-4886-b4d9-3983d4bd87fb,
way/625338336,Mo 16:00-23:00; Tu-Fr 12:00-23:00; Sa-Su off
node/4009487830,
a4245ce0-9970-41a5-9c82-9526c3ef3d04,
node/116097320,
way/156734417,
node/116097730,
node/366073061,
node/369119280,
way/156734415,
way/326328749,
way/231202433,
node/4564625488,
node/12599228001,Mo-Sa 11:00-23:30
node/288045288,Su-Fr 12:00-23:30; Sa 11:00-18:00
node/666918951,
node/25475187,Mo-Fr 11:00-23:00; Sa 12:00-22:00; Su 12:00-20:00
way/141393953,Mo-Fr 11:00-23:00; Th 11:00-24:00; Sa 12:00-22:00
node/12534156760,
node/25473538,
way/582966821,Mo-Th 08:00-23:00; Fr 08:00-01:00; Sa-Su 08:00-23:00
way/169291627,
way/474237299,
e4317f54-7d00-407f-b7c3-aef59457d197,
node/296614817,
node/5593327043,Mo-We 12:00-23:00; Th 12:00-01:00; Fr 12:00-00:00; Sa 11:00-00:00; Su 11:00-23:00
way/156725307,Mo 12:00+; Tu-Fr 12:00-23:00
node/1561417481,Mo-Sa 12:00-23:00; Su 12:00-18:00
node/9306966309,
node/592029659,
node/292705417,Mo-Fr 08:00-23:00; Sa 10:00-23:00; Su 10:00-18:00
node/591974938,"Mo-We, Fr-Sa 11:00-23:00; Th 11:00-00:00; Su 12:00-19:00"
way/142680573,Mo 11:30-22:00; Tu-Fr 11:30-23:00
node/739967562,
node/1547392947,Mo-Th 10:00-23:00; Fr 10:00-25:00; Sa 11:00-20:00
node/796482320,
node/277906484,
node/1497452179,
node/12877542100,
node/1497452168,Mo-Fr 11:00-23:00
node/692162535,
45dfe1c8-ab58-4f1c-a5ab-f3aa5e01fffd,
node/5641663540,
node/289830212,
node/1497452177,Tu-Fr 08:30-15:30; Mo 11:30-15:30
way/274708128,Mo 07:00-22:00; Tu-Fr 07:00-23:00; Sa 08:00-22:00; Su 08:00-18:00
way/863516669,Mo-Fr 08:00-23:00; Sa 08:30-23:00; Su 09:30-21:00
node/295975604,
node/259253467,
way/155428084,
node/25496840,
98eaa8a8-0498-4867-92ec-2e5eb96ff852,
59b60d2c-c608-4888-9020-642e25b3cac9,
way/996506223,
way/99275253,Mo-We 11:30-22:00; Th-Fr 11:30-23:00; Sa 11:30-22:00; Su 12:00-20:00
node/21686579,
way/60186067,Mo-Su 11:30-23:00
way/996071727,
node/316763478,
way/159922613,
node/666475908,
node/1144626359,
node/12431593816,
way/159925752,
way/815099779,Mo-Sa 11:00-23:00; Su 12:00-22:00
way/159922620,
32609020-2f6a-4e95-baed-b142ea93aacd,
way/1472842938,Mo-Sa 11:00-23:00; Su 12:00-19:00
c1ab2ddd-e4fa-46ee-a363-2d08dd4fcac7,
node/702773347,"Mo-We 11:00-00:00, 09:00-18:00; Th, Fr 11:00-01:00; Sa 11:00-22:00"
way/522314555,
way/523388241,Mo-Fr 11:00-23:00
c2b7164e-1ab3-4c8f-9d6d-8b15a93c0905,
way/529246698,
node/266560384,"Mo 11:00-22:00; Tu-We, Fr 11:00-23:00; Th 11:00-17:00; Sa 12:00-20:00"
way/155428083,
node/12534156761,
way/809354345,
node/5141625722,
2773b4fb-d9de-478f-8975-2a7f846e7829,
way/325208608,
node/505769332,
way/166320158,"Mo-Tu, Sa 11:00-23:00; We-Fr 11:00-23:30; Su 12:00-22:30"
way/165589488,
way/809951119,
way/440123089,
way/469650901,
node/3815898017,
way/148677469,
way/60890308,
way/220287079,
way/220287081,
way/161420190,
way/31284161,
07b36712-9d82-467d-ae4e-c88ab674e3d1,
way/456681384,"Mo-Tu, Th, Su 12:00-24:00; We 12:00-23:00; Fr-Sa 12:00-01:00"
node/1387549550,Mo-Su 17:00-24:00+
node/375848733,Tu-Sa 12:00-23:00; Su 1200-1800
way/474422893,
way/1275812271,Fr-Sa 12:00-24:00; Su-Th 12:00-23:00
way/197691952,
node/291981188,Mo-Sa 11:00-23:00; Su 12:00-22:30
9713b5d8-b927-4d61-9248-2fa58ece1630,
node/175684023,
way/31293000,Mo-Th 12:00-23:00; Fr-Sa 12:00-01:00; Su 12:00-23:00
way/726988825,Su-Fr 12:00-22:00; Sa 10:00-22:00
93bd3dcd-350e-4e51-a639-487d5cd7a203,
way/357565938,
node/425175495,Mo-Th 12:00-23:00; Fr 12:00-00:00; Sa 12:00-23:00; Su 12:00-22:00
node/299308588,
way/469688061,Mo-Sa 12:00-23:00; Su 12:00-22:00
bd9b78f1-f8da-4f4a-ae36-9d677fec2cf4,
way/230373565,Mo-Th 12:00-23:00; Fr-Sa 12:00-24:00; Su 12:00-22:00
way/237044752,
way/352696768,Mo-Sa 10:00-02:00; Su 10:00-01:00
way/68510578,
way/67383553,Mo-Th 16:00-23:00; Fr 16:00-24:00; Sa 12:00-24:00; Su 12:00-22:00
db09097e-0523-4566-b49c-0a2eee486688,
way/751430300,
way/251492809,Tu-Fr 16:00-22:00; Sa 14:00-22:00; Su 15:00-22:00
way/209257299,"We,Th 17:00-23:00; Fr,Sa 12:00-00:00; Su-Tu off"
4bf8795f-404f-467e-84e5-7454ef2dc7bd,
way/31324086,
way/32826147,
way/156211836,
way/31900825,
way/119903501,
way/227827311,
way/68424243,Mo-Fr 12:00-22:00; Sa 10:00-22:00; Su 12:00-22:00
way/30729269,Mo-Sa 12:00-23:00; Su 12:00-22:30
node/25597628,
node/46714849,
node/491564007,
node/815398933,
way/197695792,
node/299310964,
way/230252979,
way/126145232,
way/377056423,Su-Th 11:00-23:00; Fr-Sa 11:00-24:00
node/339394917,
node/331298014,Mo-Sa 12:00-23:00; Su 12:00-22:30
way/536043069,Mo-Th 12:00-23:00; Fr-Sa 12:00-24:00; Su 12:00-22:00
way/31052744,
way/107521318,Mo-We 16:00-00:00; Th-Fr 16:00-01:00; Sa 11:00-1:30; Su 11:00-23:30
way/157026553,
way/512346650,Mo-We 11:00-23:00; Th-Sa 11:00-24:00; Su 12:00-23:00
node/302410081,Mo-Tu 16:00-22:00; We 16:00-23:00; Th-Sa 12:00-23:00; Su 12:00-21:00
way/284934739,
node/618596228,
node/10092511647,Mo 15:00-22:00; Tu-Th 12:00-22:00; Fr-Sa 12:00-23:00; Su 12:00-22:00
way/188766830,
way/67449821,
node/2208150035,
node/299595796,
way/1001831569,
way/119476480,Su-We 15:00-02:00 Th 15:00-03:00 Fr 15:00-04:00
way/31293177,
way/1089936277,"Su, We-Th 18:00-23:00; Fr 19:00-02:00; Sa 18:00-02:00"
node/288170087,
way/1061817830,Mo-Sa 11:00-24:00; Su 11:30-24:00
way/982457191,"Su-We 12:00-00:00; Th 12:00-01:00, Fr 12:00-02:00, Sa 12:00-03:00"
way/149382915,
way/31025059,Mo-We 12:00-23:00; Th-Sa 12:00-24:00; Su 12:00-23:00
node/331318827,Mo-We 15:00-23:00; Th 12:00-23:00; Fr-Sa 12:00-00:00; Su 12:00-22:30
way/198218569,
way/237999207,12:00-24:00
node/2476984665,
way/469650891,
way/222031886,Mo-Th 12:00-23:00; Fr-Sa 12:00-01:00; Su 12:00-21:00
way/374036067,"Mo off; Tu,We 17:00-23:00; Th,Fr 17:00-24:00; Sa 12:00-24:00; Su 12:00-22:30"
way/67234436,
way/119439310,
way/299662731,
way/397429638,
way/153779530,"Tu-We 16:00-23:00, Th 12:00-24:00, Fr-Sa 12:00-01:00, Su 12:00-22:00"
node/2531024418,
way/31340567,
way/352905274,
26b815e9-7d0d-4753-9395-c537d9bed12a,
way/807556793,
node/802966782,
f1a7742c-5568-4ac4-8eb7-ab29b66fd480,
way/366382271,Mo-We 12:00-23:00; Th-Sa 12:00-24:00; Su 12:00-22:30
way/501641166,Mo-Su 12:00-23:00
way/441509845,Mo 08:00-23:30; Tu-We 08:00-24:00; Th-Su 08:00-01:00
node/477938811,Mo-Th 11:00-22:30; Fr-Sa 11:00-23:00; Su 11:00-22:30
way/530088186,
way/530088481,Mo 16:00-23:00; Tu-We 12:00-23:00; Tu-Sa 12:00-00:00; Su 12:00-22:30
node/1600324548,
node/305587200,
node/593452626,
node/448921712,Mo-Th 11:00-23:00; Fr-Sa 11:00-00:00; Su 12:00-22:30
node/10213894381,
way/490082508,
node/2341125350,
node/451271,
node/273404382,
node/11269168700,
node/672835711,
way/449555765,
way/832071957,
way/1339956662,
node/11901214589,
node/2437697969,"Su-Th 12:00-23:00; Fr,Sa 12:00-24:00"
node/330128416,
a23fc9c6-e08b-420b-a95a-f9d8e68b4805,
a126ec94-14ee-4af1-9c23-4ba9ef287482,
node/733975796,
node/1687799181,
f7360445-1408-4a12-8e26-514b40347a84,
way/1332679971,Mo-Th 12:00-23:00; Fr-Sa 12:00-24:00; Su 12:00-23:00
node/8132648120,Mo-Th 11:00-00:00; Fr-Sa 11:00-01:00; Su 12:00-00:00
node/460668847,
node/27364392,
node/1598393379,
node/331362139,
way/1030316322,
node/13315502601,
way/1007692612,
way/378840186,
3151adbb-2b00-4594-94cd-b588730dbd70,
node/262637210,
7f63076e-bde3-4541-ad9a-5cf385f0a30a,
way/238385297,
way/381748316,
node/262443436,Mo-We 12:00-24:00; Th-Sa 12:00-25:00; Su 12:00-24:00
way/640280851,
node/292234943,
way/378840185,Mo 16:00-23:00; Tu-We 16:00-23:00; Th-Sa 12:00-24:00; Su 12:00-22:00
node/459269359,
way/640280048,Mo-Th 16:00-23:00; Fr 16:00-23:30; Sa 12:00-24:00; Su 12:00-23:00
way/265265245,Mo-Th 15:00-00:00; Fr 15:00-01:00; Sa 12:00-01:30; Su 12:00-23:00
way/660792782,
way/957099697,
way/536399756,
node/256404255,Su-Th 08:00-24:00; Fr-Sa 08:00-25:00
way/262600569,Mo-Th 17:00-23:00; Fr 16:00-23:00; Sa 14:00-23:00; Su 14:00-22:30
way/816170887,"Mo-We 16:00-00:00, Th 16:00-01:00, Fr 16:00-02:30, Sa 12:00-02:30, Su 12:00-23:00"
node/6634608910,
way/925218087,
node/658958423,
node/9739982235,Sa-Su 12:00-21:00
node/10261263865,Mo-We 12:00-22:00; Th-Fr 12:00-23:00; Sa 11:00-23:00; Su 11:00-21:00
node/2310523851,
node/10263469468,
node/6939589391,
b57e1e27-d927-483e-8f85-bc4ba48e9143,
node/520913454,Tu-Th 16:00-23:00; Fr 14:00-00:00; Sa 12:00-00:00; Su 12:00-22:30
way/1076851225,Mo-Th 15:00-23:00; Fr-Sa 12:00-01:00; Su 12:00-22:30
node/459819389,
way/1355051286,
node/2267462478,"Mo-Th 16:00-23:00; Fr,Sa 12:00-23:00; Su 13:00-22:00"
way/222077186,
node/529116489,
node/3497250394,
way/134777475,
node/6364969835,Su 12:00-22:30; Tu-We 16:00-23:00; Th-Sa 12:00-23:00
way/179791111,
node/496843507,
node/529116490,
way/1355051274,
way/1288548017,Mo-Th 16:00-23:00; Fr-Sa 12:00-01:00; Su 12:00-23:00
way/151161058,
node/2334811789,
node/459805640,
relation/2981008,
way/157617680,
node/25744507,
way/31915414,
node/599572738,
67f8a8cf-4172-4d25-97e9-394ee4b0d2c3,
node/27411557,"Mo-Th 16:00-12:00, Fr 16:00-01:00"
way/76046344,
way/70609598,Mo 16:00-22:30; Tu-Th 16:00-23:00; Fr-Sa 12:00-00:00; Su 12:00-21:30
way/1026053464,
node/25894993,
way/274050580,
way/319902239,
way/401973264,
node/480829681,
way/190104590,Mo-Th 17:00-23:00; Fr 15:00-00:30; Sa 12:00-00:30; Su 12:00-22:00
node/6052873806,
way/447950556,
node/8821717717,Mo 12:00-22:00; Tu-Fr 12:00-23:00; Sa 12:00-24:00; Su 12:00-22:00
node/646585258,"Mo-Th 07:00-00:00; Fr, Sa 07:00-01:00; Su 08:00-23:00"
way/427900370,Mo-Th 08:00-23:30; Fr 08:00-24:00; Sa 09:00-24:00; Su 09:00-22:30
way/416601731,Mo-Sa 08:30-22:30; Su 08:30-21:00
node/6561669265,
way/532061943,
node/993017354,
5da80f4e-ac37-493d-8931-cd414da43d12,
53fb20f2-43ac-435f-8b32-4b373a4e794c,
way/187242347,
way/1155385349,
d0b82c46-7bff-40d9-bd86-fd3cbf7fb9d2,
12621dac-1264-4c99-8465-80872a891760,
node/849138031,
way/156501798,Mo-Th 12:00-23:00; Fr-Sa 12:00-00:00; Su 12:00-22:30
way/201174974,
node/268040827,
7729fbd8-6ecc-4c45-b044-7540c4a62329,
node/4464548883,
node/6293653478,
way/339708839,
node/330128385,
node/1516630076,
way/247245128,
way/340247717,12:00-24:00
node/6293653585,
node/330128414,
2c46680c-7662-4728-b9c4-ccb588d5f073,
node/6796796385,
node/460531077,
way/38769659,
way/671119848,
node/7804014021,
node/8263743019,
way/1327090619,Mo-Th 10:00-23:00; Fr-Sa 10:00-24:00
way/391389796,Mo-Su 12:00-24:00
way/138428151,Mo-Th 12:00-23:00; Fr 12:00-24:00; Sa 11:00-24:00; Su 11:00-22:30; PH 12:00-23:00
way/1341558980,
node/451152,Mo-Th 12:00-23:00; Fr-Sa 12:00-24:00; Su 12:00-23:00
node/451154,
way/1191618802,
way/935053788,"Mo-Th 11:00-24:00; Fr,Sa 11:00-01:00; Su 12:00-24:00"
way/224432174,Mo-Tu 16:00-22:30; We-Th 16:00-23:00; Fr-Sa 16:00-00:00
node/459250820,Su-th 11:00-24:00; fr-sa 11:00-01:00
c4745311-cd39-4865-994a-2834a2293908,
node/1517871629,Mo-Fr 16:00-23:00; Sa-Su 14:00-23:00
way/264032017,
way/182783888,Mo-Th 16:00-23:00; Fr 14:00-00:00; Sa 12:00-00:00; Su 12:00-22:00
d5c5c085-41cf-4d47-ab6e-59eb3809f00a,
node/4250008044,
node/25717655,
node/26065903,"Mo-Th 14:00-24:00; Fr 14:00-24:00; Sa 00:00-02:00,11:00-24:00; Su 00:00-02:00,11:00-24:00"
way/395988684,Mo-Th 16:30-24:00; Fr 16:30-01:00; Sa 12:00-01:00; Su 12:00-23:00
way/536515003,
way/1013159521,Mo-Th 14:00-00:00; Fr 14:00-02:00; Sa 12:00-02:00; Su 12:00-00:00
node/25717653,Mo-Th 11:00-00:00; Fr-Sa 11:00-01:00; Su 12:00-23:00
way/366291167,Mo-Th 12:00-23:00; Fr-Sa 12:00-00:00; Su 12:00-22:30
way/223934463,Mo-Su 12:00-22:00
node/9805131739,"Mo-Th 12:00-24:00; Fr 11:00-24:00; Sa 00:00-01:00,11:00-24:00; Su 00:00-01:00,11:00-24:00"
way/445566137,
node/26197017,
way/272100746,
e9285a51-1a72-4999-9335-3a8fdccff1e3,
way/242607346,"Mo-Th 16:00-00:00, Fr 16:00-01:00, Sa 12:00-01:00, Su 12:00-00:00"
way/1018511173,"Mo-Th 11:00-23:00; Fr,Sa 11:00-00:00; Su 12:00-22:30"
way/230259989,
node/344875284,
node/344875712,
node/360045160,"Mo-We 17:00-24:00, Th 17:00-01:00, Fr,Sa 17:00-03:00; Su off"
way/779442726,
node/362359474,
way/227830213,Mo-Th 16:00-23:00; Fr 16:00-01:00; Sa 12:00-01:00; Su 12:00-22:30
way/952014248,"Mo-We 16:00-24:00, Th 16:00-01:00, Fr 15:00-02:00, Sa 12:00-02:00, Su 12:00-24:00"
way/99431569,
way/593167141,Mo-Sa 12:00-23:00; Su 12:00-22:30
way/810341385,Mo-Sa 12:00-24:00; Su 12:00-23:00
way/953834864,
way/475181226,
way/154117129,Mo-Th 12:00-23:00; Fr-Sa 12:00-24:00; Su 12:00-22:30
way/497785764,
way/131925577,
way/810341396,Mo-Sa 11:00-23:00; Su 12:00-22:30
way/416068944,Mo-Th 11:00-23:30; Fr 11:00-00:00; Sa 10:00-00:00; Su 11:00-22:30
node/4894490332,
way/475410870,
way/445564923,
way/676767336,
node/344791683,
node/403454627,
node/276369831,
way/950017049,
node/305415324,Mo-Th 16:00-23:30; Fr 16:00-00:00; Sa 14:00-00:00; Su 14:00-22:00
way/491695960,Mo-Su 12:00-00:00
way/274050569,
node/313181168,
node/306553504,
node/4548682168,
way/270765497,
node/305415325,
way/142306062,Mo-Sa 11:00-23:00; Su 11:00-22:00
way/142306063,
node/1538908200,
node/305415271,
node/305415323,
way/288035711,
node/1678321931,
node/687158190,Mo-Fr 17:00-23:00; Sa 12:00-23:00; Su 12:00-22:30
node/279651322,
node/30793153,
way/1026061437,
node/333205448,
way/153027823,
70be8d19-eb97-46f8-b388-f183d6199514,
node/255012045,Mo-We 12:00-23:00; Th-Fr 12:00-24:00; Sa 11:00-25:00; Su 12:00-22:00
node/12633199509,Mo-Th 12:00-23:00; Fr-Sa 12:00-24:00; Su 12:00-22:30
node/370092612,Mo-Th 11:00-23:00; Fr-Sa 11:00-25:00; Su 11:00-23:00
node/12007863429,Mo-Th 12:00-00:00; Fr-Sa 11:00-27:00; Su 11:00-00:00
node/656954583,Mo-We 16:00-01:00; Th-Fr 16:00-02:00; Sa 12:00-02:00; Su 12:00-01:00
node/12633199507,Mo-Th 12:00-23:00; Fr-Sa 11:00-24:00; Su 11:00-22:30
way/264128874,Mo off; Tu-We 15:00-23:00; Th 12:00-23:00; Fr-Sa 12:00-24:00; Su 12:00-22:00
way/533228529,Mo-Th 12:00-23:00; Fr-Sa 12:00-00:00; Su 12:00-22:30
node/370187947,"Mo-Su 11:00-24:00; Fr,Sa 11:00-23:00"
node/12633147087,Mo-Th 12:00-23:00; Fr-Sa 12:00-24:00; Su 12:00-23:00
node/12633199535,Mo-We 16:00-23:00; Th-Sa 12:00-24:00; Su 12:00-23:00
node/3750381862,Mon-Su 11:00-00:30
node/385018022,Mo-Th 12:00-23:30; Fr-Sa 12:00-24:30; Su 12:00-23:30
node/12007863407,Mo-Th 15:00-23:00; Fr 15:00-00:00; Sa 12:00-00:00; Su 12:00-23:00
node/1139265343,
node/1139431615,
8b7a5945-c25a-4abd-adba-8759b838ee8a,
a9e70c35-5e65-499d-b6f0-0695ec3091e8,
node/1932068442,
node/2445347232,
node/12400890860,
node/11045432726,
way/686252742,
way/150695607,
way/452856397,
node/1116251530,Mo-Sa 08:00-22:00; Su 08:00-20:00
way/955830217,
c1ba0d77-f42e-4a65-a5b3-46c506239b04,
way/132202715,
way/337127150,Mo-We 12:00-23:00; Th-Fr 12:00-00:00; Sa 10:00-00:00; Su 10:00-22:30
node/293754855,Mo-Sa 12:00-23:00; Su 12:00-22:00
node/332118048,Mo 10:00-23:00; Tu-Th 10:00-23:30; Fr 10:00-24:00; Sa 08:00-00:00; Su 09:00-23:00
way/93710880,Mo-Sa 12:00-23:00; Su 12:00-22:00
way/224892755,
way/225465143,
way/1240322213,
way/225442626,
node/280145696,"Mo-We 08:00-24:00, Th-Sa 08:00-01:00, Su 09:00-24:00"
way/673989153,
way/973079813,Tu-We 18:00-00:00; Th-Sa 12:00-02:00; Su 12:00-23:59
way/125751676,
node/296889741,
way/225442612,Mo-We 16:00-00:30; Th-Sa 16:00-01:30; Su 16:00-22:30
node/27017235,
way/104112035,
way/1010697200,"Mo-Fr 08:00-23:00; Sa,Su 10:00-23:00"
way/193375861,
way/232592409,
node/294599679,
way/850126738,Su-Tu 12:00-23:00; We-Sa 12:00-24:00
way/474249421,"Su-Th 12:00-00:00, Fr-Sa 12:00-01:00"
way/516754454,
node/294001546,
node/293390260,Mo-We 15:00-00:00; Th 15:00-01:00; Fr 12:00-02:00; Sa 11:00-02:00; Su 12:00-12:00
way/451480071,"Mo-Su,PH 12:00-20:00"
way/281133713,
node/11445942141,
way/225465195,
node/49314952,
way/1009113808,
node/8830280452,
way/849284678,
node/294659404,Mo-Su 09:00-18:00
way/451762775,
way/451564160,"Mo-Th 11:00-23:00; Fr,Sa 11:00-24:00; Su 11:30-22:30"
node/3730997811,
way/300898455,10:00-02:00
way/516912955,
way/148155199,
way/688991974,
way/368797311,
node/26610587,
way/108251970,Mo-Sa 11:00-23:00; Su 11:00-22:30
way/814956451,
node/6677415686,"Mo,Tu,We,Su 08:00-23:30; Th 08:00-24:30; Fr,Sa 08:00-25:30"
node/265649310,
way/79813535,
way/148305760,Mo-Sa 08:00-23:30; Su 09:00-22:30
way/844981115,
node/26610590,Fr-Sa 12:00-02:00; Su-Th 12:00-01:00
node/166967411,
way/689405276,
way/1009113811,
way/1308852871,
way/520149634,Mo-Fr 12:00-00:00; Sa 10:00-00:00; Su 10:00-23:00
way/107530526,
way/132319674,
way/946022259,Mo-Sa 11:00-23:00; Su 11:00-22:30
node/6381240591,
node/300500863,
node/49311908,
node/296891969,
way/193375860,
node/11545207226,"We, Fr 16:00-21:00; Sa 12:00-21:00; Su 14:00-21:00"
node/362582983,
node/304421987,
node/304145828,
way/460379480,
way/467012110,
way/256915441,
way/439016355,
way/1316914002,
way/1311966735,Mo-Sa 12:00-23:00; Su 12:00-22:30
way/229533245,
way/1315886898,
way/256331320,
node/6019922913,
node/896149763,
way/477964006,
node/304464944,
way/143214350,
node/408561640,
node/12229930329,
node/410936555,
node/411115268,
way/172055445,
node/411115264,
node/812151434,
way/523400975,
way/199398431,
way/85192380,
way/334243397,
way/373710205,"Su-Th 11:00-23:00; Fr,Sa 11:00-01:00"
node/311188199,
way/131196049,
way/1240005017,
node/292183282,
way/942555974,Mo-Th 12:00-23:00; Fr-Sa 12:00-00:00; Su 12:00-22:30; PH off
way/110467983,
way/199398466,
node/596791860,
node/676853367,
way/514560030,
way/451645113,Mo-Sa 11:00-23:00; Su 11:00-22:00
way/1248129184,Mo-Th 12:00-23:00; Fr-Sa 11:00-23:00; Su 12:00-22:30
way/67827145,
way/840360163,
way/409316355,Mo-Th 12:00-23:00; Fr 12:00-24:00; Sa 10:00-24:00; Su 12:00-22:30
way/553138189,Mo-Fr 12:00-23:00; Sa 12:00-23:00; Su 12:00-22:30
node/250080603,
node/13667302001,Su-Th 12:00-00:00; Fr-Sa 12:00-01:00
node/250080453,
way/117607358,
node/4285984291,"Mo-Th,Su 12:00-22:00; Fr-Sa 12:00-23:00"
node/2636979676,
node/98170592,"Mo-Th 12:00-23:00; Fr,Sa 10:00-00:00; Su 12:00-22:00"
way/110512372,
way/1238736065,Mo-Su 11:00-23:00
way/803510674,
node/2561724243,
node/881370103,
way/973132221,
way/449266220,Mo-We 11:00-23:00; Th-Sa 11:00-24:00; Su 11:00-22:30
way/929791965,
way/99475943,Mo-Th 15:00-23:00; Fr-Sa 12:00-00:00; Su 12:00-23:00
way/339202679,Mo-Th 11:00-23:00; Fr-Sa 11:00-24:00; Su 11:00-22:30
node/831456411,
way/291687162,Mo-Su 11:00-23:00
way/941142501,Mo-Sa 12:00-24:00; Su 12:00-22:30
node/192399976,Mo-Th 12:00-23:00; Fr-Sa 12:00-00:00; Su 12:00-22:30
way/107827281,Mo-Th 16:00-23:00; Fr 16:00-24:00; Sa 12:00-24:00; Su 12:00-22:30
way/117861610,
node/248453431,
node/630503145,
way/112528246,
way/123092742,Mo-Sa 10:00-23:00; Su 11:00-22:00
way/107710473,
node/899374404,
way/76844522,
way/75117566,Mo-Th 11:00-23:00; Fr-Sa 11:00-00:00; Su 11:00-22:30
way/109187435,
way/579402933,Mo-Su 11:00-00:00
way/70320037,"Mo-Sa 09:30-24:00; Su 00:00-01:00,09:30-23:00"
way/1238928087,Mo-Sa 12:00-23:00; Su 12:00-21:00
way/380853128,Mo-Sa 12:00-20:00; Su 12:00-19:00
node/4020316989,
way/172055438,Mo-Fr 16:00-00:00; Sa 12:00-00:00; Su 12:00-23:00
way/121897859,"Su-Tu, Th 07:30-23:00; We, Fr-Sa 07:30-00:00"
way/98612270,
way/76174399,
way/107755382,Tu-Th 17:00-23:00; Fr-Sa 14:00-00:00; Su 13:00-00:00
way/239482111,
way/107044526,
way/65658313,Tu-Fr 17:00-23:00; Sa 13:00-00:00; Su 13:00-23:00
way/543924851,
node/5762034694,
5bcabdc0-e382-4ec0-9827-ca50d34d1d6d,
node/535099403,Mo-Th 11:30-23:00; Fr-Sa 11:30-25:00; Su 11:30-22:30
way/543124606,
way/813087122,
way/365916813,Mo-Sa 11:00-23:00; Su 11:00-22:00
311057d3-05ea-4386-a013-aae81b860996,
way/366223826,
way/698319681,
node/721555244,
way/691555964,
node/12599552601,Mo-Su 12:00-23:00
way/199925624,
node/10924079510,
node/3196094985,
node/6284663193,
node/1324709953,
way/627999454,
way/968208603,
way/671115966,
node/12997774504,Mo-Tu 16:00-22:00; We-Th 12:00-22:00; Fr-Sa 12:00-24:00; Su 12:00-20:30
node/269859953,
way/93710851,Mo-Sa 12:00-23:00; Su 12:00-22:30
d33e0359-ec96-4866-834d-cda9247f3838,
node/9962758030,
way/90650944,"Mo-We,Sa 09:00-23:00; Th-Fr 09:00-00:00; Su 12:00-23:00"
node/13116885908,Mo-Su 12:00-23:00
node/592037510,
d927a3a9-592c-4967-918d-8b2ba373b151,
node/11146695407,
node/25510381,Mo-Sa 11:00-23:00; Su 11:00-22:30
way/93710844,Mo-Sa 12:00-23:00; Su 12:00-22:30
way/77739560,Su-We 09:00-23:00; Th-Sa 09:00-00:00
node/2182219226,
node/12889012255,Mo-Sa 11:00-23:00; Su 12:00-22:30
node/5202423829,Th-Fr 17:00-22:00 Sa 15:00-23:00
node/12997774502,Mo-Th 11:00-24:00; Fr-Sa 11:00-25:00; Su 11:00-23:00
way/90830736,Mo-Th 11:00-23:00; Fr-Sa 11:00-00:00; Su 12:00-22:30
node/13386371751,
node/4813283891,Fr 12:00-20:00; Sa 11:00-20:00; Su 12:00-18:00
node/266324793,
node/11304573103,Mo-Th 16:00-23:00; Fr-Sa 12:00-23:00; Su 12:00-22:00
e2c64c0b-8c72-457c-83f5-9bd863802fba,
node/11294886973,Th 17:00-22:00; Fr 15:00-22:30; Sa 12:00-22:30; Su 12:00-21:00
way/100799936,
61eead69-2103-453a-9235-ae99ca06bd5b,
6025e65a-011e-4070-b4b1-7b17040d12a5,
way/77765241,Mo-Sa 12:00-23:00; Su 12:00-22:30
way/128568070,
way/77765224,
node/347419938,
way/658688685,
way/90650951,
node/264790279,
way/77739551,Mo-Fr 12:00-23:00
way/102403099,
way/101328284,
node/4470034364,"Tu,Th,Fr 17:00-22:00; Sa 12:00-18:30; We,Su,Mo off"
way/813457443,
node/587850226,
way/90830735,"PH,Su-We 12:00-01:00, Th-Sa 12:00-02:00"
way/100674156,Mo-Fr 13:00-25:00; Sa-Su 12:00-25:00
way/100615020,
way/82770817,
node/9762808911,Mo-Tu 16:00-22:30; We-Sa 11:00-22:30; Su 12:00-18:00
node/7398105829,We-Fr 16:00-23:00; Sa 11:00-23:00; Su 12:00-19:00
way/82770796,
way/428337511,Mo-Sa 09:00-23:30; Su 11:00-22:00
node/12814480101,Mo-We 12:00-23:00; Th-Sa 12:00-00:00; Su 12:00-22:00
way/94069703,
way/101694683,
node/5493122124,
way/33893568,
way/95806698,
node/4564380187,Su-We 12:00-24:00; Th 12:00-25:00; Fr-Sa 12:00-26:00
node/295971752,Mo-Th 09:00-23:00; Fr-Sa 09:00-24:00; Su 09:00-22:30
way/77755297,"Mo-Th 09:00-23:00; Fr,Sa 09:00-00:00; Su 09:00-23:00"
node/268430691,
way/101328343,Mo-Th 08:00-11:00; Fr 08:00-24:00; Sa 09:00-24:00; Su 09:00-22:30
node/283218340,"Mo-Th 11:00-23:30; Fr,Sa 11:00-24:00; Su 12:00-23:00"
way/99929008,
way/82770837,
way/85166329,
node/587760188,Mo-Th 09:00-23:30; Fr-Sa 09:00-24:00; Su 09:00-23:00
node/247957492,Mo-Su 11:00-23:00; Th-Sa 11:00-23:30
way/102777880,Mo 12:00-22:00; Tu-Sa 12:00-23:30; Su 12:00-22:00
way/94758918,
way/230419025,Mo-Su 11:00-23:00
node/352930271,
way/100268281,
way/99869588,
node/8324913615,Mo-Fr 11:00-23:00; Sa 11:00-01:00; Su 12:00-22:30
way/77739567,Mo-Fr 07:00-23:00; Sa 08:00-23:00; Su 08:00-20:30
way/82770869,"Mo-Fr 06:00-09:00,11:00-23:00; Sa 12:00-23:00; Su 12:00-22:30"
way/101530109,"Mo-Th 12:00-23:00, Fr 12:00-01:00, Sa 16:00-01:00; Su off"
way/82770848,
node/13409071887,Mo-Sa 11:00-23:00; Su 12:00-21:00
way/82770915,
node/12997749797,Mo 12:00-22:00; Tu 12:00-23:00; We-Sa 12:00-24:00; Su 12:00-22:30
way/94758909,
way/82770789,Mo-Fr 12:00-23:00; Sa 11:00-23:00; Su 12:00-22:00
way/93710849,
node/5396322682,
way/89719962,
node/623428274,
node/293516727,"Su-Th 08:00-23:00; Fr,Sa 08:00-24:00"
way/100275592,
node/5314020623,
way/1168160316,
way/99869572,Mo-Su 12:00-22:00
way/100614943,Mo-Sa 11:00-23:00; Su 12:00-21:00
way/95125312,
node/269866730,
way/140087010,
node/306659436,Mo-Su 12:00-23:30
node/12997775906,Su-Th 09:00-24:00; Fr-Sa 09:00-25:00
node/13376685635,
way/82459256,
node/7138296487,
node/1707216586,
node/12997756180,Mo-Sa 12:00-23:00; 12:00-22:30
way/99928994,
way/85166223,
node/348782665,
node/287749130,
way/115978901,
way/207282617,Mo-Sa 12:00-23:00; Su 12:00-22:30
node/306666717,
way/1164917391,
way/101328387,
e3cdcc89-a22f-458e-98cb-591969ee1b10,
way/75392997,"Su-We 12:00-23:00, Th-Sa 12:00-01:00"
way/77765242,
aa28b638-473b-436a-a8b5-e261755bdcee,
32c5c20c-f736-4060-8c4a-f2f8d810fe83,
0b713a98-f03f-402f-865d-28b587838756,
node/4067222289,Mo-Tu 13:30-23:00; We-Th 12:00-23:00; Fr 12:00-24:30; Sa 11:00-24:30; Su 12:00-21:00
node/12231843057,
way/810273931,
3540c6dc-022d-48f1-a561-59e39fcc8cc3,
way/390045367,Mo-Sa 12:00-00:00; Su 12:00-22:00
node/10266443623,
node/10266440541,Mo-Th 11:00-23:00; Fr-Sa 11:00-24:00; Su 12:00-23:00
way/299668096,
node/12890502869,
67e9f328-cde2-4348-a5d2-0ba12c50baaa,
node/12890502854,Mo-Sa 11:00-23:00; Su 12:00-22:30
node/10266440600,Mo 12:00-19:00; Tu-We 12:00-21:00; Th-Sa 12:00-23:00; Su 12:00-20:00
way/1095220538,Mo-Fr 16:00-23:00; Sa-Su 12:00-23:00
node/10266440578,Mo-Sa 11:00-23:00; Su 12:00-22:30
node/12819770592,Mo-Th 16:00-23:00; Fr 12:00-24:00; Sa 11:30-24:00; Su 12:00-22:30
node/300452750,Mo-Sa 11:00-23:00; Su 12:00-22:30
node/5798900528,Mo-We 12:00-23:00; Th 12:00-24:00; Fr 12:00-25:00; Sa 10:00-25:00; Su 10:00-24:00
way/160669972,Su-Th 08:00-24:00; Fr-Sa 08:00-25:00
node/224146236,Th 18:00-26:00; Fr-Sa 18:00-28:00; Su 16:00-26:00
node/10266440633,Su-Th 12:00-23:00; Fr-Sa 12:00-00:00
node/10105926112,"Mo-Th, Sa 11:00-24:00; Fr 11:00-26:30; Su 11:30-23:00"
way/1093802500,Tu-Su 12:00-23:00; Dec 25-26 off
node/12952885350,Mo-We 12:00-23:00; Th 12:00-24:00; Fr 12:00-25:00; Sa 10:00-25:00; Su 10:00-23:00
way/160665955,Mo-Th 12:00-23:00; Fr-Sa 12:00-24:00; Su 12:00-22:30
node/12961239334,Su-We 12:00-24:00; Th 12:00-24:30; Fr-Sa 12:00-25:00
way/1240494108,
way/1095646248,Mo-Sa 11:00-23:00; Su 12:00-22:30
way/889916461,Mo-Th 12:00-24:00; Fr-Sa 12:00-25:00; Su 12:00-23:00
way/193321876,Mo-Sa 10:00-23:00; Su 10:00-22:30
node/10266449760,Mo-Th 12:00-23:00; Fr 12:00-23:30; Sa 11:00-23:30; Su 12:00-22:30
node/12890502853,Tu-Fr 16:00-23:00; Sa-Su 12:00-23:00
node/10253245701,Mo-Th 16:00-23:00; Fr 14:00-23:00; Sa 12:00-23:00; Su 13:00-23:00
node/5659383343,Mo-Sa 10:00-23:00; Su 10:00-22:30
node/10266440595,Mo-We 10:30-23:00; Th 10:30-24:00; Fr 10:30-26:00; Sa 10:00-26:00; Su 10:00-23:00
way/1240494104,Mo-Su 10:00-24:15
way/299668095,Su-Th 11:00-23:00; Fr-Sa 11:00-24:00
way/299668096,Mo-Th 11:30-23:00; Fr-Sa 11:30-24:00; Su 12:00-22:30
777b89b1-c081-40f3-ab0e-79ce2e91e3f5,
way/1075176772,Mo-Th 12:00-23:00; Fr-Sa 12:00-25:30; Su 12:00-22:30
way/97202478,
relation/15903999,
way/426236899,
way/1211922928,
way/421792158,Mo-Su 15:00-23:30
node/313234121,Mo-Sa 12:00-23:30; Su 12:00-21:30
node/264041224,
node/475257316,
way/374461268,
node/264797790,
node/264797750,
way/422986678,
way/1175033346,Mo-Th 15:00-23:00; Fr 15:00-23:00; Sa 12:00-23:00; Su 12:00-22:00
way/136012106,Mo-Fr 19:00-00:00; Sa 21:00-02:00; Su 14:00-00:00
node/601523012,Mo-Th 15:00-23:00; Fr 15:00-00:00; Sa 11:30-00:00; Su 12:00-22:30
node/601521583,
node/264803342,
way/539369586,
f9f0a5ff-e662-44a2-9581-7c1fe288c508,
b2fe0ed9-877a-4a43-a080-85bbc8eca74a,
node/449213965,
way/427545499,
way/214245068,
way/802738856,
1255c131-659c-431e-a65a-33ab779cf30c,
node/9607793865,
way/214247037,Su-Th 12:00-24:00; Fr 12:00-01:00; Sa 11:00-01:00
node/2519314340,Mo-Th 11:00-23:00; Fr-Sa 11:00-24:00
way/525502439,Tu-Fr 16:00+; Sa 14:00+
way/214245963,
way/965258342,
way/576049162,
node/2652399072,
node/2147605894,
node/684522391,
way/315002920,Su-Th 08:00-24:00; Fr-Sa 08:00-25:00
node/444540131,Su-We 12:00-24:00; Th-Sa 12:00-27:00
d89d1c50-35aa-4c17-8083-c36411b96e69,
node/12532959125,Mo-Th 14:00-24:00; Fr-Sa 12:00-25:00; Su 12:00-24:00
way/729179400,Mo-Th 12:00-23:00; Fr-Sa 12:00-24:00; Su 12:00-22:30
node/280592972,Mo-Th 18:00-27:00; Fr-Sa 18:00-28:00; Su 18:00-26:00
node/280606917,"Mo-Fr 16:00-23:00; Sa,Su 12:00-23:00"
way/845506223,"Mo-Fr 14:00-24:00, Sa,Su 12:00-24:00"
node/550437192,We-Fr 16:00-23:00; Sa 12:00-23:00; Su 12:00-20:00
node/12569588804,Mo-Th 12:00-23:00; Fr-Sa 12:00-24:00; Su 12:00-23:00
node/280593932,
node/12876936674,Mo-Th 11:00-23:00; Fr-Sa 11:00-24:00; Su 12:00-22:30
way/775813753,Su-Tu 11:30-23:00; We-Th 11:30-24:00; Fr-Sa 11:30-25:00
node/12532959124,
way/1019982948,
node/275452092,
node/12569614013,
way/458113481,
node/9833906511,
way/284450394,Mo-Th 15:00-23:00; Fr 15:00-00:00; Sa 12:00-00:00; Su 12:00-22:30
node/12797314961,
way/596687021,
way/73046057,
way/35428104,"Mo-Th 16:00-00:30, Fr 16:00-02:30, Sa 12:00-02:30, Su 12:00-00:30"
way/81679128,
way/79220804,Mo-Th 12:00-23:00; Fr-Sa 12:00-24:00; Su 12:00-22:00
way/1095462380,Tu-Th 16:00-23:00; Fr 16:00-23:30; Sa 12:00-23:30; Su 12:00-20:00
node/415580971,
way/82105873,
way/71327531,
way/291700402,Tu-Su 12:00-1:30
way/1208183645,
way/243679451,Mo-Th 12:00-23:00; Fr-Sa 12:00-24:00; Su 12:00-22:30
way/65382138,Mo-Su 08:00-24:00
way/1453911336,
way/73045981,
way/78765631,
way/81679283,
way/70913303,
way/78230784,
way/73045803,
way/1267662909,
way/71299826,Mo-We 12:00-23:00; Th 12:00-24:00; Fr-Sa 12:00-25:00; Su 12:00-23:00
node/303189871,
node/7398105830,
node/6795775062,Sa 12:00-21:00
node/9008509217,We-Fr 14:00-22:00; Sa 13:00-21:00; Su 12:00-19:00
node/9008497216,Mo 17:00-22:00; Tu-Th 15:00-22:00; Fr-Sa 13:00-22:00; Su 13:00-20:00
node/9008509218,We-Th 16:00-23:00; Fr 15:00-23:00; Sa 12:00-23:00; Su 12:00-22:00
node/4172844859,Sa 12:30-20:00
node/11007684249,
1b353c41-c236-4d31-a8ab-7b31cc4b3856,
45e0093b-6f6b-4912-b270-1b4532c1418b,
way/392465039,Tu-Sa 12:00-23:00; Su-Mo 12:00-22:00
way/391904298,"Mo-Th 17:00-23:00, Fr 17:00-24:00, Sa 12:00-24:00, Su 12:00-22:00"
b9713f01-d149-4ab2-af68-a88cdda7a237,
node/288026530,
way/952012500,
017d042c-83f2-42d2-9ae4-08b945db021b,
way/87977984,
way/260843129,
node/270420472,
way/544344833,
node/273533110,"Mo-Th 12:00-00:00, Fr-Sa 12:00-01:30, Su 12:00-00:00"
way/474345654,"Mo-We 16:00-23:00; Th 16:00-00:00; Fr,Sa 12:00-00:00; Su 12:00-22:30"
way/444744679,Mo-Sa 12:00-23:00; Su 12:00-22:00
node/248546654,
way/614423170,10:00-23:00
node/559985361,
node/9006872322,Tu 13:00-17:00; Th 17:00-23:00; Fr 16:00-23:00; Sa 13:00-23:00
way/87939544,
way/501842066,
way/424790398,
way/1199596936,
node/3813864109,
node/11163028502,
node/605393557,
node/287243496,
node/3493582134,We-Fr 16:00-22:30; Sa 12:00-00:00; Su 12:00-21:30
node/3796261415,
node/605393006,
node/265662292,
way/962636590,"Mo-Th,Sa 10:00-23:00; Fr 10:00-24:00; Su 11:00-22:30"
node/293506221,
node/10062643211,
node/3796265638,
way/135669417,Mo-Su 10:00-23:00
node/958765282,Su-Th 12:00-24:00; Fr-Sa 12:00-28:00
node/290869247,
node/11293946841,
way/1091557043,
node/1493030273,
node/10095833252,
node/3932136290,Mo-Th 16:00-23:00; Fr-Sa 12:00-23:00; Su 12:00-22:00
60bdc89d-78fd-4b40-a52b-6780a36f49a9,
node/3510377459,Mo 15:00-23:00; Tu-Th 14:00-23:00; Fr-Sa 13:00-24:00; Su 12:00-23:00
node/958790121,
node/958771969,
way/984433443,
node/4515363508,Mo-Fr 10:00-23:00; Sa 08:00-23:00; Su 09:00-23:00
node/10880980667,
way/232838695,
way/1211376678,
node/2684055013,
node/1199974660,
8d00564b-b2c7-4f2f-b65b-c7ed3d5cdf99,
b7ff71b0-ca8b-4a4b-9bf1-df7192c27c2f,
way/1020264673,
way/189512277,Su-Th 12:00-23:00; Fr-Sa 12:00-00:00
way/297712176,
way/297712178,Tu 16:00-23:00; We-Sa 12:00-23:00; Su 12:00-22:30
way/111213087,
way/189057265,
way/194526301,
way/189512279,"Mo-Sa 11:00-23:00, Su 12:00-22:30"
way/194212864,Mo-Th 07:00-23:00; Fr 07:00-00:00; Sa 08:00-00:00; Su 08:00-23:00
node/13505172132,"Mo,Tu 15:00-23:00; We-Sa 12:00-23:00; Su 12:00-22:00"
node/596495525,
way/239013600,Mo-Fr 13:00-23:00; Sa 12:00-23:00; Su 12:00-22:30
way/177636940,Mo-Th 16:00-22:00; Fr 16:00-23:00; Sa 12:00-23:00; Su 12:00-21:00
way/863145766,
way/376224323,Su-Th 11:00-23:00; Fr-Sa 11:00-00:00
9f796171-5af4-42eb-9344-034265e5ac2a,
node/13279695976,
way/251145063,
way/376224324,Mo-Sa 11:00-23:00; Su 11:00-22:00
way/422434399,Mo-Th 16:00-23:00; Fr 16:00-00:00; Sa 12:00-00:00; Su 12:00-22:00
way/997355498,off
way/422437719,"PH,Mo-Su 08:00-24:00"
way/489593405,
way/524304727,Mo-Sa 11:30-23:00; Su 11:30-22:30
way/922524127,Mo-Th 11:00-23:00; Fr 11:00-00:00; Sa 11:00-01:00; Su 12:00-22:00
way/59959849,
72fca699-cbeb-45c4-969c-087253b32c41,
way/59993524,
way/59959811,
way/106895343,
way/72247006,
way/58640885,
way/62325658,"Mo-Th 12:00-15:00, 17:00-21:00; Fr 12:00-21:00; Sa 11:00-13:00, 14:00-21:00; Su 12:00-18:00"
way/161857848,
way/74220865,
way/59982027,
way/106788720,
way/27515855,
way/289374226,"Mo-Th 11:00-23:00; Fr 11:00-24:00; Sa 00:00-01:00,11:00-24:00; Su 00:00-01:00,11:00-22:00"
node/2847109210,
node/26992533,
node/150609647,
node/479652522,Mo-Th 16:00-21:00; Fr-Su 13:00-21:00
node/1933445586,Mo-Sa 12:00-23:00; Su 12:00-22:30
way/289754952,Mo-Th 15:00-23:00; Fr-Sa 12:00-00:00; Su 12:00-22:00
way/289446739,
node/26992933,Su-Th 12:00-23:00; Fr-Sa 12:00-25:00
way/289754934,Mo 17:00-23:00; Tu-Sa 12:00-23:00; Su 12:00-22:30
bec3728e-39ab-4ff7-89b1-d14abea3fc73,
node/6568034385,Tu-Su 12:00-22:00
way/185915390,
way/337242148,
way/126610395,
way/142242672,
way/1232672895,
way/1441909739,
672727b2-5f01-4943-a319-a3ac921406c9,
node/1110092576,
node/663887799,
node/316076964,
node/8757588717,
node/663887781,Mo-We 14:00-23:00; Th 14:00-00:00; Fr 13:00-00:00; Sa 12:00-00:00; Su 12:00-23:00
667237c8-aa93-4370-bcc9-b0b06a5fc11b,
node/603248300,
way/289802013,
node/2447618917,Mo-We 11:00-23:00; Th-Sa 11:00-00:00; Su 12:00-22:30
node/611889351,
way/555937241,"Mo-Th 11:00-00:00, Fr-Sa 11:00-01:30, Su 12:00-00:00"
way/334030129,Su-Th 12:00-23:00; Fr-Sa 12:00-00:00
node/479652529,Su-Th 12:00-23:00; Fr-Sa 12:00-00:00
way/618118967,
node/2395017747,Mo-Th 12:00-23:00; Fr-Sa 12:00-00:00; Su 12:00-22:00
node/659512226,Mo-Th 11:00-23:00; Fr-Sa 11:00-01:00; Su 11:00-22:30
way/111349153,Mo-We 12:00-23:00; Th-Su 10:00-23:00
node/3637918315,Mo-Tu off; We-Th 12:00-23:00; Fr-Sa 12:00-00:00; Su 12:00-22:00
way/1245783602,We-Th 16:00-22:00; Fr 16:00-23:00; Sa 12:00-23:00; Su 12:00-20:00
way/452834181,11:00-11:30
node/4232481693,"Mo-Th 11:00-23:00; Fr, Sa 11:00-00:00; Su 12:00-22:30 || Mo-Sa 11:21:00; Su 12:00-19:00 ""Kitchen"""
node/273456489,
way/821901394,
way/583053300,
node/429257204,
node/264156218,
way/145406190,
way/1112549296,
way/96584368,
94351842-0a52-4e1e-89ac-d0b6651ee2b0,
way/1080977183,Mo 13:00-22:00; Tu-Th 12:30-23:00; Fr-Sa 12:30-23:30; Su 12:30-22:30
a8a95f1c-36de-4a22-8cda-08c9ae461132,
node/90272342,Mo-Th 11:00-23:00; Fr 11:00-24:00; Sa 09:00-24:00; Su 09:00-23:00
node/10280296806,Mo-Th 12:00-23:00; Fr 12:00-24:00; Sa 10:00-24:00; Su 10:00-23:00
node/449207412,Mo-Th 12:00-23:00; Fr-Sa 12:00-24:00; Su 12:00-22:00
node/12202023783,Mo-Fr 12:00-23:00; Sa 11:00-23:00; Su 12:00-22:30
node/9891375140,Tu 16:00-22:30; We-Sa 12:00-22:30; Su 12:00-21:00
way/479277796,Mo-Th 12:00-23:00; Fr 12:00-24:00; Sa 11:00-24:00; Su 11:00-22:30
node/12189261755,Mo-Sa 12:00-23:00; Su 12:00-22:30
way/593459444,Mo-Th 12:00-23:00; Fr-Sa 12:00-01:00; Su 12:00-23:00
node/12185302738,Mo-Th 12:00-23:00; Fr-Sa 12:00-24:00; Su 12:00-22:30
318db6de-bea0-4c64-b95b-bea8d6010e9a,
node/616235574,
d0a06ced-ab32-44c2-bf6f-1df4112c4bb6,
node/11786475613,Tu-Th 16:00-23:00; Fr 16:00-24:00; Sa 12:00-24:00; Su 12:00-23:00
fd9129f4-92f7-4fe4-8e75-805e35729f8a,
node/2846285826,
node/9510946145,
way/200175760,
node/25729218,
way/211942078,
way/200499475,"Mo-Fr 15:00-24:00, Sa,Su 12:00-24:00"
node/1828784790,
way/82732716,
way/86678068,
node/13367060313,
node/12572448581,Mo 16:00-23:00; Tu-Fr 16:00-24:00; Sa 12:30-24:00; Su 12:30-23:00
node/333125738,closed
node/12572476260,"Mo 17:00-23:00, Tu-Th 12:00-23:00, Fr 12:00-24:00, Sa 11:00-24:00, Su 12:00-23:00"
way/157452542,Mo-Fr 11:00-23:00; Sa 11:00-24:00; Su 12:00-22:30
way/80823095,
node/12572448556,
node/12572476234,
way/171081629,
node/1666149588,Mo-Su closed
node/333125744,
node/4821946845,
way/76866041,08:00-18:00
way/579389935,
node/12572448542,
way/434179033,"Mo-Th 12:00-23:00; Fr 12:00-24:00; Sa 00:00-01:00,12:00-24:00; Su 00:00-01:00,12:00-23:00"
node/5264614507,
way/930752231,"Mo-Th 12:00-22:00; Fr,Sa 12:00-23:00; Su 12:00-21:00"
node/9117411107,Mo-We 11:00-23:00; Th-Sa 11:00-24:00; Su 12:00-23:00
way/492411237,Mo-Th 17:00-23:00; Fr 15:00-24:00; Sa 12:00-24:00; Su 12:00-23:00
node/282022744,
node/178448909,
way/224131481,
way/754110894,
way/1033935072,
node/9657161178,Mo-Th 10:00-23:00; Fr 10:00-25:00; Sa-Su 12:00-25:00
node/12827193551,Mo-We 16:00-22:00; Th 16:00-23:00; Fr 16:00-24:00; Sa 14:00-24:00; Su 16:00-20:00
d4088ee0-6dec-42ae-9f33-77654f1ddb68,
node/12532965637,Mo-Th 16:00-23:00; Fr 16:00-25:00; Sa 12:00-25:00; Su 12:00-22:30
a5d83f32-5395-48f1-ac56-df151a464ca0,
node/12876881598,
node/280606863,
node/5843761645,Mo-Th 16:00-23:00; Fr-Sa 12:00-23:00; Su 12:00-22:00
way/1187589494,Mo-Th 10:00-23:00; Fr-Su 11:00-26:00
node/280606890,
way/372116667,Mo 12:00-00:00; Tu-Th 11:00-00:00; Fr 11:00-01:00; Sa 09:00-01:00; Su 09:00-00:00
node/13054215867,Mo-Th 15:00-24:30; Fr-Su 13:30-24:30
way/492091342,
way/288984963,
node/9026571820,Th-Fr 18:00-23:00; Sa 12:00-23:00; Su 12:00-22:00
404189b2-2698-467f-b89e-10eec8074728,
node/2478195217,
node/2464003776,
10935e99-30af-49de-bfee-81164637d5b7,
node/12438617775,
9469276a-51fa-47b7-bf35-69746b76a144,
way/1013465936,Mo-Th 12:00-23:00; Fr-Sa 12:00-24:00; Su 12:00-22:30
way/1141797704,
way/638690911,
way/950101217,
node/13691299423,Tu-Th 17:00-22:30; Fr 17:00-23:00; Sa 14:00-23:00; Su 14:00-22:30
node/4463795243,"Mo 17:00-22:00; Tu-We 11:30-14:30,17:00-22:00; Th-Fr 11:30-14:30, 17:00-23:00; Sa 11:00-15:00,18:00-23:00; Su 12:30-14:30"
way/239552326,
node/412209049,Mo-Th 16:00-23:00; Fr 16:00-23:00; Sa 12:00-23:00; Su 16:00-22:00
4012a8de-14d7-48ce-906a-6f6a3d68c6c6,
way/238585366,
1d2a492b-1cc4-4cd8-838f-075a6ff76406,
way/909348524,Mo-Sa 11:00-22:00; Su 12:00-22:30
way/112344676,
way/363961554,Mo 12:00-23:00; Tu-We 12:00-23:30; Th-Sa 12:00-00:00; Su 12:00-22:30
way/875868241,Mo-Th 11:00-23:00; Fr-Sa 11:00-00:00; Su 12:00-22:30
node/27512718,Mo-Sa 12:00-23:00; Su 12:00-22:00
node/1375162583,Tu-Th 17:00-00:00; Fr 15:00-00:00; Sa 13:00-00:00; Su 13:00-21:00
way/879574206,Mo-Sa 11:00-23:00; Su 12:00-22:30
node/8167917118,
node/364654278,
d061c16d-3e27-495a-b31b-ad77af26753a,
way/204733070,
node/441202439,Mo-Sa 11:00-23:00; Su 11:00-22:30
node/1720298837,
node/615621429,"Mo-Th 17:00-23:00; Fr,Sa 12:00-23:00; Su 12:00-22:30"
node/679821063,
node/2287275689,
way/204738603,
ddfe0721-b16e-4c5c-8f56-8b762a183107,
d5e31bf2-f872-4659-9270-e9aeef7ba818,
way/204733077,"Mo-We 17:00-23:00, Th 17:00-24:00, Fr 17:00-02:00, Sa 12:00-02:00, Su 12:00-23:00"
node/3068306969,
way/251032188,
node/1958568591,
way/854337125,
way/339465008,
node/3340684903,
way/99790830,
way/324737722,
node/287612487,
node/1112173867,
way/341419642,
way/425003585,Mo-Th 12:00-23:00; Fr 12:00-00:00; Sa 10:00-00:00; Su 10:00-22:30
way/1249142247,
node/3468565224,
node/3362469515,
way/770274342,
node/287612242,
node/1112279162,
node/1601053417,
way/111787083,Mo-Sa 11:00-23:00; Su 12:00-10:30
node/344369989,
way/340395024,
way/824641941,
5e8cd155-6880-4f2a-9666-8897bfcbf0de,
node/2217127366,Mo-We 16:00-23:00; Th 16:00-00:00; Fr 14:00-01:00; Sa 12:00-01:00; Su 12:00-23:00
4fd2672f-dd88-4f4a-a6ab-2b6f9b8b913e,
way/310822362,Mo-We 16:00-23:00; Th 16:00-00:00; Fr-Sa 12:00-02:00; Su 12:00-22:30
way/305154786,
node/251526423,
node/291671992,Su-Tu 12:00-23:00; We-Fr 12:00-00:00; Sa 10:00-13:00
node/283614125,
node/292938407,
way/302327793,
8430444c-e831-4279-b3ac-149545453001,
way/698372312,
way/138701168,
way/688103320,"Su-Th 11:00-23:00; Fr,Sa 11:00-24:00"
way/816983433,
way/592451312,
way/815853897,
node/800705084,
way/592451311,
way/592373230,
way/592186849,
way/460102253,
way/459902731,
way/804352652,
way/809290502,
way/244995917,
way/592186836,Mo-Sa 11:00-23:00; Su 12:00-22:30
way/804352650,
way/158998447,Mo-Su 12:00-23:00
way/157991592,"Mo-Th 12:00-24:00; Fr,Sa 12:00-01:00; Su 12:00-22:30"
way/29391600,
way/837636082,"Mo-Th 11:00-23:00; Fr, Sa 11:00-24:00; Su 12:00-22:30"
way/1053467007,Mo-Fr 12:00-23:00; Sa 10:00-23:00; Su 12:00-22:30
way/987524634,Mo-Fr 11:00-23:00; Sa 10:00-23:00; Su 10:00-22:30
way/30838121,Mo-Th 11:00-23:00; Fr-Sa 11:00-00:00; Su 09:00-18:00
6383b5c1-16fc-4369-9921-dd932226fee0,
way/951404431,
node/18235090,
way/157991596,12:00-23:00
way/1011542614,"Mo-Th 11:00-23:00; Fr,Sa 11:00-24:00; Su 12:00-22:30"
way/1011068934,
way/145796452,"Mo-Th 11:00-23:00; Fr,Sa 11:00-01:00; Su 11:00-23:00"
way/1010368002,
node/812415878,
way/407868651,10:00-00:30
way/1011102852,
way/1011414093,
way/287678177,
18d14389-d379-4b85-a05a-7d018bf4ce15,
5d295bf3-ccd9-464f-a312-38715be43905,
way/1223071579,
node/11383287251,
way/256603481,
node/11383287247,
way/1251782791,
node/194249790,
node/1446829604,
node/1314591894,
way/1155060967,
way/479854544,
node/288991925,
way/410303607,
way/913129291,
node/1657901115,
node/1314592576,
c26bc5d2-9d06-40c9-8e4d-4fed67556ea4,
node/1858255566,
node/6284670927,
node/8736085499,
node/288988361,
node/1296827396,Mo-Th 16:00-23:00; Fr 16:00-24:00; Sa 12:00-24:00; Su 12:00-22:30
node/298368300,
way/574202702,
node/169140546,
way/129098686,
node/5554760222,
way/237918839,Mo-Su 12:00-22:00
node/2261568916,"Mo-We 16:00-23:00; Th,Fr 16:00-24:00; Sa,Su 12:00-24:00"
way/129098674,
b139b7a0-e175-4e1b-8add-b71d2cc27e63,
way/856154834,
c4c659d0-07f4-41a5-bce3-89e968513f46,
way/436523538,
node/1737829082,"Mo-Sa 11:00-23:00, Su 11:00-22:30"
2d87e410-ea13-4489-9c97-6b8743143571,
8dc88f23-6738-49dc-a5b6-4228d42ef9ad,
way/204180591,"Mo-Th 07:00-23:00, Fr 07:00-00:00, Sa 08:00-00:00, Su 08:00-22:30"
way/204031258,Mo-Sa 10:00-23:00; Su 11:00-22:30
way/436529105,
way/836367566,
node/5782065244,Mo-Th 12:00-23:00; Fr-Sa 12:00-24:00; Su 12:00-22:30
node/169140424,
way/924558051,
node/3423539966,
way/790879743,
way/924558086,
way/757708326,
way/791132629,Mo-Su 12:00-23:00
way/757708319,
way/204488347,Su-Th 12:00-23:00; Fr-Sa 12:00-00:00
way/956366728,
way/317442798,
node/1973954225,
way/791165727,Su-Tu 12:00-23:00; We-Th 12:00-00:00; Fr-Sa 12:00-01:00
way/1106704861,
way/204180594,Mo 09:00-23:00; Tu-Sa 12:00-23:00; Su 12:00-22:30
way/99420375,
way/790879751,
way/331995902,
node/1737829080,Mo-Su 12:00-23:00
node/1141570209,
way/800485597,
node/4117016441,
way/450830263,Mo-Th 11:00-23:00; Fr-Sa 11:00-00:00; Su 12:00-23:00
node/39663028,
node/258750121,Mo-Th 11:00-23:00; Fr-Sa 11:00-00:00; Su 12:00-23:00
node/1645487214,
way/481262557,Mo-We 11:00-23:00; Th 11:00-00:00; Fr-Sa 11:00-01:00; Su 12:00-23:00
way/450830265,Su-Th 11:00-23:00; Fr-Sa 11:00-00:00
way/379967724,Mo-Sa 08:00-23:00; Su 12:00-23:00
way/531068519,Mo-Sa 08:30-23:00; Su 08:30-22:30
way/1229048703,
node/395410781,Mo-Tu 10:00-23:00; We-Su 10:00-00:00
way/481262547,Mo-Th 11:00-23:00; Fr-Sa 11:00-00:00; Su 12:00-22:30
way/488752418,"Su-Th 12:00-23:00, Fr,Sa 12:00-24:00"
node/4926469145,
way/1212143912,Mo-Th 16:00-23:00; Fr 16:00-00:00; Sa 12:00-00:00; Su 12:00-22:30
way/460796326,Mo-We 11:00-23:00; Th-Fr 11:00-00:00; Sa 10:00-00:00; Su 10:00-22:30
way/487723323,Mo-Th 11:00-00:00; Fr-Sa 11:00-01:00; Su 12:00-23:00
way/531239102,Mo-Sa 08:00-23:00; Su 12:00-22:30
node/1295894932,
way/448014277,Mo-Sa 12:00-23:00; Su 12:00-22:00
node/39741897,
way/1287078169,Mo-Th 16:00-23:00; Fr-Su 12:00-23:00
node/394942390,Su-Th 08:00-00:00; Fr-Sa 08:00-01:00
way/96105013,
node/1316301006,Mo-Fr 12:00-23:30; Sa 11:00-23:30; Su 12:00-23:00
8a50bcc2-906c-45e3-8db9-d665b8aed25b,
4e97460d-1ac4-4cc1-91b4-6314a6f14e93,
a867c35f-ebe2-42ab-b8fe-be22fc7098a7,
way/418075242,
409b421e-0a49-4d53-9fe4-1c4ec01f1d1f,
node/345871050,
way/547522392,Mo-Sa 10:00-23:00; Su 11:00-22:30
node/267432002,
node/581058547,
way/140515796,Mo-Sa 11:00-23:00; Su 12:00-23:00
way/140469340,
way/547522399,
node/311153571,
way/547238388,
way/31200563,
node/246518042,
node/295905009,
node/169440015,
2d533330-770b-4dfc-a5be-ce453c398953,
way/263674306,
node/169384510,
way/603491262,"Mo-Th, Sa 11:00-23:00; Fr 11:00-22:00"
way/113115182,
node/287553265,
way/161490892,Mo-We 10:00-23:00; Th-Sa 10:00-00:00; Su 10:00-22:30
way/531216986,
way/529667796,
way/321967936,
way/544897741,Mo-Fr 07:00-23:00; Sa 08:00-23:00; Su 08:00-22:30
way/531373357,
way/116957518,
f95b09be-710d-4cdf-a364-aeb6af1084dc,
way/118720825,Mo-Su 10:00-23:00
way/112544263,
way/188091841,Mo-Sa 12:00-23:00; Su 12:00-22:30
way/203884513,
way/130873539,
way/100822478,
way/1211583959,
way/418385090,Mo-Fr 11:00-23:00; Sa 12:00-23:00
way/1182778179,
way/129805303,
way/545664029,
way/449283140,
node/271387709,Mo-Sa 12:00-23:00; Su 12:00-22:30
027ccc56-b3f8-47fb-b208-746a4546ce97,
way/448420160,"Fr,Sa 11:00-24:00; Su 12:00-22:30; Mo-Th 11:00-23:00"
node/271516102,Mo-Su 11:00-23:00
way/448872664,"Mo-Su,PH 12:00-23:00"
node/3688619646,
way/242294516,
node/370604215,
way/449102845,
node/128329850,
way/447309968,
way/542748010,
node/302011571,
way/907561728,
way/340180684,
way/447309973,
node/148782410,"Mo-Su,PH 00:00-00:00"
node/385560795,
4e5caa67-dc69-4fd5-90aa-2d88ce0d6536,
node/618653525,
way/538990064,
way/158919239,Mo-Sa 12:00-23:00; Su 12:00-21:00
a956ed3f-23c9-4f54-b5f6-6c3b9bea1749,
node/568198493,
way/174444748,
node/8363665233,
way/262477180,
node/290621086,
way/147249462,
way/159407057,
way/203984283,"Mo-We 10:00-23:30, Th-Sa 10:00-24:00, Su 10:00-22:30"
way/547171167,
node/295905003,Mo-Fr 11:00-23:00
node/3223507051,
095a700d-b74c-47d8-b738-c22db71a39d9,
way/633865298,
8d942947-78ba-4457-8998-b59409b6fcef,
node/295466191,
way/121526267,
way/161525099,
node/13235500301,Mo-Sa 12:00-23:00; Su 12:00-22:00
way/551566816,
way/121526242,
node/27718642,Mo-Fr 11:00-23:00; Sa 12:00-23:00; Su 12:00-22:30
way/121526273,
way/421258894,
2a735f8f-0630-44a2-8754-d9b94df239b9,
node/675808547,Mo-Fr 12:00-22:00
e6cfdfad-da89-4b14-9484-4f244a7a8907,
c20dd7c8-c0db-4ba2-8257-7466ae53ae85,
node/675803384,
node/675867856,
node/675942580,
node/670648653,
node/291047638,
way/372477665,
way/298087465,
node/290017300,
way/273602168,
node/274268703,Mo-Th 12:00-23:00; Fr-Sa 12:00-01:00; Su 12:00-22:00
way/96598023,
node/275549532,
node/2510273562,
way/96598337,
way/529414452,
node/291977904,
1abb10d5-727c-4246-b93d-d9e053e0a3db,
d5eea275-b9df-4473-95ff-2422b44a5c9c,
node/292615228,Mo-Th 11:30-00:00; Fr-Sa 11:30-01:00; Su 11:30-23:00
way/863832100,
1cd6360d-8f7b-4d9d-8acb-4aa1b706e490,
33f2d007-8c43-4a2d-b67e-350d21fb8dd5,
046f2507-f75c-4872-8502-d667379ddd42,
way/147249458,
f56f4432-acdf-452f-9330-73480bab79a4,
way/865707213,
way/893965349,
way/861436031,
node/280835217,
way/781302184,
way/902771276,
node/862464724,"Mo-Fr 12:00-15:00,17:00-22:00; Sa 12:00-21:00; Su 12:00-19:00"
way/121083435,
way/904652259,Mo-Fr 12:00-23:00; Sa 10:00-23:00; Su 10:00-22:00
node/443032351,
node/280835439,Tu-Sa 12:00-23:00; Mo 17:00-23:00; Su 12:00-22:00
way/225536856,
node/8308248176,
2da5edda-4fc4-45bf-995b-c5540caa2438,
4b718a41-2e82-4ebb-b9f0-675c729686c7,
node/246112013,
node/9878756230,"Mo 17:00-22:00; Tu-Th 17:00-00:00; Fr, Sa 14:00-02:00; Su 12:00-23:00"
node/392625788,"Mo-Th,Su 12:00-23:00; Fr-Sa 12:00-01:00"
e3273078-3cd6-4569-af75-2e8518682f00,
way/1106581292,Mo-Th 15:00-23:00; Fr 15:00-24:00; Sa 12:00-24:00; Su 12:00-23:00
d26bd560-6a2d-4727-ad56-ba82f5e8256b,
node/246115186,
node/246111569,
way/1106823471,Mo-Th-16:00-23:00; Fr 16:00-24:00; Sa 12:00-24:00; Su 12:00-22:30
node/13577578001,
node/248932665,Mo-Th 16:00-23:00; Fr 16:00-00:00; Sa 12:00-00:00; Su 12:00-23:00
way/1206353507,Mo-Th 16:00-23:00; Fr 12:00-00:00; Sa 11:30-00:00; Su 12:00-22:30
node/273509342,
node/248921524,
node/4717389968,"Mo-We 16:00-23:00, Th 16:00-00:00, Fr 16:00-01:00, Sa 12:00-01:00, Su 12:00-23:00"
node/12679983901,
node/1314925438,Tu-Th 16:00-22:00; Fr 16:00-00:00; Sa 12:00-00:00; Su 12:00-22:30
node/248933565,
node/248921520,
way/961153760,Mo-Th 11:00-23:00; Fr-Sa 11:00-24:00; Su 11:00-22:30
node/248921522,
way/481010121,
node/279526311,
node/248921516,
node/289829475,"17:00-02:00; Th 17:00-03:00; Fr,Sa 17:00-04:00"
node/12093799635,"Mo-Tu,Su 17:00-24:00; We 17:00-01:00; Th-Sa 17:00-02:00"
way/837514107,
way/835630866,"Mo-Th 11:00-23:00; Fr,Sa 11:00-00:00; Su 12:00-22:30"
way/835849598,"Mo-Th 08:30-23:30; Fr,Sa 08:30-00:00; Su 08:30-23:30"
way/837514114,
way/182697408,
node/7858027226,
way/469910180,
bb9391c3-6c01-41b0-b2a9-1316b3d9662a,
node/9908253789,
way/151171737,
node/1134441899,
a82c31e5-476a-492c-b891-a20fb8022349,
way/150574019,
way/1211008216,
node/2252633852,
way/144670488,
node/20973312,
ef634373-6512-4b8b-8163-282e7a6731c3,
0d32922c-f940-4d7a-870a-35717c250a6e,
node/4026677008,
node/364655406,
way/1210875022,
node/1375172419,
way/151288979,
node/1149064292,
way/641951206,
node/377720122,
way/331966112,
way/911213761,Mo-Su 08:30-23:00
way/146549714,
way/1211647587,
way/150563483,"Mo-Th 09:00-22:00, Fr,Su 09:00-23:00, Sa 09:00-24:00"
way/944382658,
node/364654823,
way/836216414,
way/120935754,
way/144670484,
way/836216417,
way/144713460,
node/49300405,
node/20973316,
way/374780156,
node/290621074,
way/87853299,
node/364655175,
way/121083434,Mo-Su 12:00-22:00
node/539689482,
node/1478210424,"Th,Sa-Tu 12:00-22:30, We,Fr 12:00-24:00+"
e34dc9d8-eac0-4dad-a4de-14fccc19053a,
way/655597244,Mo-Sa 11:00-00:00; Su 12:00-23:00
85be582f-8511-456c-bb3f-bf4a185c54c4,
node/1360505703,
node/2080592567,"Mo-Fr 17:00-02:00; Sa,Su 12:00-02:00"
way/813541218,Mo-We 11:00-23:00; Th-Sa 11:00-00:00; Su 12:00-22:30
way/121272357,Mo-Sa 11:00-23:00; Su 12:00-21:00
way/809594843,
node/20821133,"""by appointment"""
way/121558830,
node/3701524147,
way/1424762272,
node/6345003065,Mo-Th 12:00-23:00; Fr-Sa 12:00-24:00; Su 12:00-23:00
node/1786388184,
node/1275835684,
way/803764529,
node/12595899238,We-Fr 17:00-23:00; Sa 13:00-23:00; Su 14:00-22:00
node/4975270291,
node/261310647,
3c36e23d-3d63-4d09-812a-050f14ea77b4,
way/1007077773,
node/261348576,
node/1103275887,Su-Tu 12:00-23:30; We-Th 12:00-00:30; Fr-Sa 12:00-01:00
way/428293736,
way/296861478,Mo-Sa 11:30-23:00; Su 12:00-22:30
way/498824930,
node/108035448,
node/261000393,Mo-Fr 16:00-23:00; Sa 12:00-23:00; Su 12:00-22:30
node/904362356,Mo-Su 08:00-00:00
node/7061825385,
way/972617699,
node/10087011293,
node/279391479,
8f87f083-846d-40cf-956c-8bf2d144d07f,
way/321450395,Mo-We 16:30-23:00; Th 16:30-00:00; Fr 16:30-01:00; Sa 12:00-01:00; Su 12:00-22:30
node/261245915,Mo 16:30-23:00; Tu-Th 16:30-24:00; Fr 16:30-25:00; Sa 12:00 - 25:00; Su 12:00-23:00
node/11006274641,"Mo 16:00-20:00; Tu 16:00-21:00; We 16:00-23:00; Th-Sa 12:00-23:00; Su, PH 12:00-20:00"
node/9316184134,"Mo-Fr 16:00-23:59,00:00-11:30; Sa 12:00-23:30; Su 12:00-22:30"
f74deb9b-b189-4561-bd39-e0d60a245b5e,
way/155062259,
way/321450393,
way/1090549508,Mo-Th 11:00-00:00; Fr-Sa 11:00-01:00; Su 12:00-23:00
way/503405904,
node/279391483,
node/266877019,
node/132960560,
way/321929832,
way/321923641,Mo-Fr 16:00-24:00; Sa 15:00-02:00; Su 15:00-24:00
way/171299014,
way/321214835,
way/1006213538,Mo-Th 12:00-23:00; Fr-Sa 12:00-24:00; Su 12:00-23:00
way/784394726,
node/446882323,
way/439037559,"Tu-Th 16:00-22:00, Fr 12:00-00:00, Sa 12:00-01:30"
way/501361093,
way/775919714,"Su-Th 12:00-23:00, Fr,Sa 12:00-24:00"
node/446882529,"Su-Th 11:00-24:00, Fr,Sa 11:00-01:00"
way/357280502,
node/30592674,
way/356687576,
way/159741243,
way/357564841,Mo-Th 12:00-23:00; Fr-Sa 11:00-00:00; Su 12:00-20:00
way/363039919,
way/357280516,
way/772671772,"Mo-Th 10:00-23:00, Su 11:00-22:30, Fr,Sa 10:00-24:00"
way/765454461,
way/436849635,Mo-Tu Closed; We-Fr 16:00-24:00; Sa 12:00-24:00; Su 12:00-23:00
node/489706578,Mo-Sa 12:00-22:00; Su 12:00-21:00
node/2151137768,
way/790740459,
node/1587485161,
way/362240472,Mo-Fr 12:00-23:00; Sa 10:00-23:00; Su 12:00-22:30
way/948721326,
relation/12704739,
92ee03b5-35c2-4ffa-99cb-e18b31c916e5,
node/402386714,"Mo-Th 10:00-23:00; Fr-Sa 10:00-24:00; Su 10:00-23:00 || Mo-Fr 12:00-22:00 open ""Kitchen"" || Sa 10:00-22:00; Su 10:00-21:00 open ""Kitchen"""
relation/12811040,Mo-Th 11:00-23:00; Fr-Sa 11:00-24:00; Su 11:00-22:30
node/8620475154,
way/226382772,"Su-Th 12:00-24:00, Fr,Sa 12:00-02:00"
way/952193494,
node/13435875145,
node/1496718867,
node/13518978862,
node/1713315332,
way/159244751,
way/945088844,"Su-Th 11:00-23:00; Fr,Sa 11:00-24:00"
node/8648598325,
way/959553654,
way/273759179,
node/425362689,
way/937498584,
node/11343785904,
node/8427001121,
node/540414280,
node/6572865790,
node/8714409426,
node/249786782,
node/249793689,
node/411901766,
node/3226659717,
way/524800980,Mo 11:00-22:00; Tu-Sa 11:00-24:00; Su 11:00-22:30
node/7179078030,
node/7179078032,
node/8707334318,Mo-Sa 16:00-22:00; Su 13:00-17:00
way/159731315,Mo-Su 12:00-00:00
way/151542785,
way/151524248,Mo-Th 12:00-23:00; Fr 12:00-25:00; Sa 11:00-25:00; Su 11:00-23:00
node/9205363977,
way/151490690,
way/147314581,
node/312668636,
way/148723643,
way/147338881,
way/115595349,
way/987866346,
way/225552211,
way/147338883,
node/266819667,
way/144667841,
bf418214-00fc-4336-a96d-dd03d17fe0d0,
way/582746347,
way/273610363,
way/272198116,
way/107803104,
node/452215462,
way/582498694,Mo-Sa 12:00-23:00; Su 12:30-22:30
node/5513818707,Mo-We 12:00-00:00; Th-Sa 12:00-01:00; Su 12:00-19:00
node/503562786,
node/452240939,
way/157779526,
node/1937328128,
61371506-6876-4f10-83e9-00a780028d2c,
8e4e58c7-07e1-4707-af1f-aee7853fb23f,
node/12988179262,
way/157779556,Mo-Sa 12:00-24:00; Su 12:00-23:30
way/280985110,"Mo-Sa 11:30-23:00, Su 12:00-22:30"
way/559103590,
way/993781439,
node/565470149,
node/348874860,"Mo-Th 12:00-23:00; Fr,Sa 12:00-23:45; Su 12:00-22:30"
way/572503114,
way/157771389,
way/279533213,Mo-Su 12:00-22:00
way/280980550,
way/279570944,Mo-We 12:00-23:00; Th 12:00-23:30; Fr 12:00-24:00; Sa 11:30-24:00; Su 12:00-22:30
node/26699558,Mo-Sa 11:00-23:00; Su 12:00-22:30
way/249343304,
way/279322556,Mo-Th 08:00-23:00; Fr-Sa 08:00-23:30; Su 10:00-22:30
way/288392846,
way/572506209,
way/157767122,
node/4467119633,Mo-Th 11:00-23:00; Fr-Sa 11:00-24:00; Su 12:00-22:30
way/288392857,Mo-Tu 16:00-23:00; We-Sa 13:00-23:00; Su off
node/11926973569,
node/348867089,
node/348911273,
way/475957291,
node/12988179261,
node/383980821,Mo-We 11:00-23:30; Th-Sa 10:00-01:00; Su 10:00-22:30
way/475721718,
way/477968049,Mo-Tu 12:01-23:01; We-Sa 12:01-00:01; Su 12:01-22:31
way/54666911,
way/273720735,
way/153698493,
node/499350848,
way/156620042,Mo-Sa 11:30-23:00; Su 11:30-22:30
node/466926232,
node/12183990594,"Mo-We,Su 11:30-23:00; Th-Sa 11:30-24:00"
way/275127241,"Mo-Th 12:00-23:00, Fr,Sa 12:00-24:00, Su 12:00-21:00"
way/273697641,
way/273631904,
way/272198115,
way/272084523,
way/157779664,"Mo-Fr 12:00-23:00, Sa 13:00-23:00"
way/272299419,
way/671497302,
d41c94e3-765a-4f0b-82d8-cd771149d5ec,
way/147997976,
way/149052141,
way/244772128,
way/244772129,
node/298220963,
node/298220599,Mo-Sa 10:00-23:30; Su 10:00-23:00
way/678633914,Mo-Sa 11:00-23:00; Su 11:00-22:30
node/10582361575,
node/6351723681,
way/680918475,
way/678633921,Mo-Sa 12:00-23:00; Su 12:00-22:30
way/202339356,
way/208892606,
way/202339357,
4c3dbf2a-3d87-461b-8e47-b1f507cced94,
way/299039548,
way/338696812,
way/629793088,
59661873-fc5b-4244-b7eb-22c1eee8a369,
way/605452758,
node/289996602,
way/299039550,
way/237795434,
way/629171088,
node/462025244,
way/631474504,
node/259774303,
way/342206350,
way/608184600,
way/249211261,
way/249211263,
way/592220489,
way/166891510,
way/290081133,
way/289953461,
way/589641506,
node/259774404,
way/244772119,Mo-Th 12:00-23:30; Fr-Sa 12:00-24:00; Su 12:00-22:00
node/385564475,Mo-Sa 12:00-22:00; Su 12:00-18:00
node/12045676386,Mo-Sa 11:00-23:00; Su 12:00-22:30
way/40917016,Mo-We 12:00-23:00; Th 12:00-23:30; Fr 12:00-24:00; Sa 12:00-23:00; Su 12:00-22:00
way/98535850,Mo-Fr 12:00-23:00; Sa 13:00-23:00; Su off
way/750447445,
way/138339524,Mo-Sa 11:00-23:00; Su 12:00-22:30
way/745483505,Mo-Fr 11:00-23:00
way/226909129,Mo 12:00-23:00; Tu-Sa 11:00-23:00; Su 12:00-22:30
way/648689210,
way/427341994,"Mo-Th 12:00-23:00; Fr,Sa 12:00-24:00; Su 12:00-22:00"
way/420411288,
node/271949863,
way/97209483,
way/651644530,Mo-Sa 12:00-23:00; Su 12:00-22:30
way/294886275,
way/188549801,
way/210891582,Mo-Th 12:00-23:30; Fr 12:00-00:00; Sa 12:00-23:00
node/257937397,
way/251068938,
way/294646443,Mo 09:00-23:00; Tu; We 08:00-23:00; Th-Sa 08:00-23:00; Su 09:00-22:30
way/294886276,Mo-Sa 11:00-01:00; Su 12:00-01:00
way/118806519,
way/98535852,Mo-Sa 12:00-23:00; Su off
way/422540681,"Mo 11:00-23:00; Tu,We 11:00-23:30; Th-Sa 11:00-00:00; Su 12:00-22:30"
9eeb2b4b-d67f-4976-b80f-0cfd197c9634,
way/148893860,
way/110479652,
way/134708045,
way/107039274,Mo-Sa 11:30-23:00; Su 11:30-22:30
way/148011247,
way/134708046,
way/134071472,
way/159039182,Mo-Th 11:00-23:00; Fr-Sa 11:00-00:00; Su 12:00-22:00
way/235396553,Mo-Sa 12:00-23:00; Su 11:00-22:30
way/235395299,
way/148878074,Mo-Sa 12:00-23:00; Su 12:00-22:30
way/276146932,Mo-Sa 10:00-23:00; Su 12:00-22:30
way/345140316,
way/345696147,
node/6185626255,
node/312159181,
way/244772127,
way/148695430,
way/431545353,
way/659258969,
way/110753811,
way/659467810,
way/183024352,
5358fac6-0b9d-42f1-9a0d-c1834240f62e,
node/3813178074,Mo-Sa 11:00-22:00; Su 11:00-20:00
node/2492718707,
node/375792331,
way/155494899,
node/4810177421,Mo 12:00-22:00; Tu 12:00-23:00; We-Th 12:00-23:30; Fr-Sa 12:00-24:00; Su 12:00-20:00
way/761312030,
way/107155373,
way/753467777,"Mo-Th 12:00-23:00, Fr,Sa 12:00-24:00, Su 12:00-22:30"
way/42030132,
way/733941338,
way/155488603,
way/517877764,
node/30585304,
node/2261572101,
way/149060320,
way/130524644,Mo-Sa 12:00-23:00; Su 12:00-22:00
way/121101761,
way/383103312,"Mo-Sa 11:00-23:00; Su 12:00-15:00,19:00-22:30"
way/226743215,
node/7099537759,Mo-Sa 10:00-23:00; Su 10:00-22:30
way/739710241,
way/95307390,
node/10895507318,
way/107063289,
node/15262028,Mo-Sa 12:00-23:30; Su 12:00-22:30
way/192794418,
way/739178496,
way/756311627,
way/756195971,
node/3895190286,
way/155488605,
way/749323368,
way/744634826,
way/121101785,Mo-Su 11:00-23:00
82059d1f-af40-4efd-a2ee-afd0835be1db,
node/302172067,Mo-Th 17:00-23:00; Fr 15:00-24:00; Sa 12:00-24:00; Su 12:00-22:00
node/288041082,
node/288044068,"Su-Th 07:30-23:30; Fr,Sa 07:30-24:00"
node/302166735,
node/288353870,
node/1941233361,
way/1044731268,
node/288044066,
node/249573138,
way/205562545,
way/1381522782,
f0859474-0517-49d0-b84f-d48174c99307,
dde5c4b7-0674-4104-8e63-19bd290436fa,
2fda8330-7a08-4540-b6a2-17f669e4dc58,
way/416458387,
node/266214958,
node/130577719,
node/255959341,
node/130577747,
way/909926391,
way/205143238,Mo-Sa 12:00-23:00; Su 12:00-22:00
way/948427610,
node/251811996,Mo-Th 12:00-23:00; Fr-Sa 12:00-24:00; Su 12:00-22:00
way/205902789,
way/175629795,
way/205143239,
way/175629798,"Mo-Th,Sa 12:00-24:00; Fr 12:00-26:00; Su 12:00-23:00"
way/209434696,"Mo-Th,Su 11:00-23:00; Fr-Sa 11:00-24:00"
node/251802173,
node/262702979,Su-Th 12:00-23:00; Fr-Sa 12:00-24:00
node/288598379,
node/3507694575,
way/1136139752,
way/209445869,
node/12077358666,
fd851dff-1b64-4b3e-8ecf-bb1c6fbaa0e6,
node/265255748,
node/923084994,"Mo-Fr 12:00-15:00,17:00-22:00; Sa 11:00-22:00; Su 12:00-21:00"
node/1097959374,
node/293970330,
node/8737259738,
f2134054-ab09-458e-a4d4-0446d4978f77,
node/27476034,
node/27408323,
node/1765203848,
way/96929137,
node/76660110,
node/27475739,
node/27477159,
node/1117274863,
node/567052197,
node/27476990,
node/249257137,"Su-Th 11:00-24:00; Fr,Sa 11:00-00:30"
node/27475983,
node/27476983,
node/1117274890,
node/27477157,
way/863760449,
way/148755881,
way/965793174,
way/174088740,
way/971536330,Tu-Fr 12:00-23:00; Sa 16:00-23:00; Su 12:00-23:30; Mo 14:00-23:00
node/631298804,
node/631298788,
8c1a4d5d-853d-413f-aea9-1fd797f4c889,
way/1228717963,
way/117232134,
node/1532645515,
way/586427054,Mo-Su 12:00-23:00
way/966387179,
way/176710324,
way/503644476,
node/313617793,
way/97403235,
node/3793532459,
node/313617797,
way/174088755,
way/961791327,Mo-Su 11:00-22:00
way/970789393,
node/419139639,
node/1522909770,
node/419139634,
way/176677099,Mo-Th 11:00-23:00; Fr 12:00-23:00; Sa 12:00-23:00; Su 12:00-22:00
way/922721396,
way/586427057,"Mo-Th, Su 09:00-23:00; Fr, Sa 09:00-00:00"
way/173773738,
node/400899977,
way/174088756,
way/332723845,
way/972149539,
way/1002485821,
way/1002485834,"Mo-Th 08:00-24:00; Fr 08:00-24:00; Sa 00:00-01:00,08:00-24:00; Su 00:00-01:00,08:00-24:00"
node/3261904462,"We,Th 17:00-22:00; Fr 16:00-22:30; Sa 15:00-22:30; Su 14:00-19:00"
fb1e8d73-8835-4d5a-af17-5b369f82bcd4,
21456e4e-30d0-4195-b427-c78e71313be4,
node/2928247913,
node/25592547,
node/242925119,
node/242938605,Su-We 09:00-23:00; Th-Sa 11:00-00:00
node/242925249,Mo-Sa 12:00-23:20; Su 12:00-22:50
node/7581534029,
way/315531458,
node/2928263022,
way/128419853,Mo-Sa 11:00-23:00; Su 12:00-22:30
way/128292693,"Mo-Th 12:00-23:00; Fr,Sa 12:00-24:00; Su 12:00-22:00"
d8471bd3-5d86-408c-b0c7-925f30aba817,
way/807272441,
node/12437701305,"Mo-We 12:00-23:30, Th-Sa 12:00-24:00, Su 12:00-22:30"
way/824789669,
way/192794336,Mo-Sa 11:00-23:00; Su 12:00-22:30
way/151789101,Mo-Sa 12:00-23:30; Su 12:00-22:30
way/803223234,
way/128292738,"Mo-We,Sa 12:00-23:00; Th,Fr 12:00-00:00; Su 12:00-22:30"
way/829086948,
way/367518277,
way/112673208,"Su-We 12:00-23:00, Th 12:00-24:00, Fr,Sa 12:00-01:00"
node/7532833476,Mo-Fr 11:00-23:00; Sa 11:00-23:30; Su 11:00-22:30
way/112678856,
way/364768722,
way/364339508,
way/361312259,
way/360905405,Mo-Th 09:00-23:30; Fr-Sa 09:00-24:00; Su 12:00-22:00
way/122260658,
e873d450-30fc-443f-8018-d7b087c14db3,
way/155265199,
way/361341226,
way/98535839,
way/361094607,Mo-Th 12:00-23:00; Fr-Sa 12:00-24:00; Su 12:00-22:30
node/3154333461,Mo-Fr 11:00-23:00; Sa 10:00-23:00; Su 10:00-22:30
way/154952350,Mo-Th 15:00-23:00; Fr 15:00-00:00; Sa 12:00-00:00; Su 12:00-22:30
way/155001536,
node/311481378,
way/157757561,
way/553157400,
068f5b5e-5e8d-46d0-942d-f1db4e586f4a,
node/311877348,
way/553157392,
way/422540678,
way/847530472,Mo-Th 12:00-23:00; Fr 12:00-01:30; Sa 19:00-01:30
way/79504992,Mo-We 12:00-23:00; Th-Fr 12:00-00:30; Sa 12:00-23:00; Su 12:00-10:30
node/49319602,
ff68e911-4971-4c71-8f52-ab989410f141,
node/2624195137,
way/800089338,
way/100267362,Mo-Sa 11:00-23:00; Su 12:00-22:30
node/10937912505,Mo-Su 12:00-23:00
node/298347049,
node/298347050,Mo-Sa 12:00-23:00; Su 12:00-22:30
node/833772427,
way/275292695,Mo-Su 12:00-23:00
710fe506-5ce6-4e45-85e9-4c0f72a36871,
242139f8-1f21-4ba4-bbca-6747af66e948,
node/2316821043,Mo-Su 11:00-23:00
way/800089340,
way/290457617,Mo-Th 12:00-23:30; Fr 12:00-00:00; Sa 11:00-00:00; Su 12:00-22:30
node/383932467,
node/7590593053,
way/112564610,Mo-We 11:00-23:00; Th-Sa 11:00-24:00; Su 12:00-22:30
node/7549942987,
node/29039088,
node/7550117864,
node/25475914,
node/338504993,
way/421566584,Tu-Fr 11:00-23:00; Mo 11:00-22:00; Sa 12:00-21:00
way/421882353,Tu-Fr 12:00-23:00; Sa 17:00-23:00
node/647873586,
way/527245738,Mo-We 12:00-23:00; Th-Sa 12:00-24:00
way/421882356,
way/75422589,
d250c99d-3686-4ad1-a872-18debbadf20f,
way/1194233515,
way/97237916,
cc912fbd-2b8c-4e5b-a0e9-d14a961ab745,
way/191317959,
way/278118730,
node/383970848,
node/7929807779,Mo Off; Tu-Th 18:00-23:00; Fr Off; Sa Off; Su Off
way/85817497,
way/155731385,Mo-Fr 12:00-23:00; Sa Off; Su Off
node/281455014,
way/100264369,
node/1215861506,Tu-Sa 12:00-00:00; Su-Mo 12:00-23:00
node/7550093574,
way/161255236,
way/155724665,Mo-Sa 10:00-23:00; Su 10:00-22:30
node/430432974,"Su-Th 08:00-24:00, Fr-Sa 08:30-01:00"
node/380568360,Mo-Th 12:00-23:00; Fr 12:00-24:00; Sa 12:00-18:00
way/277929219,Mo-Th 07:00-24:00; Fr 07:00-01:00; Sa 08:00-01:00; Su 08:00-24:00
node/21593236,
node/255747947,12:00-24:00
node/21593232,
node/6358222785,Mo-We 12:00-23:00; Th-Fr 12:00-00:00
way/185312889,Mo-Sa 11:00-23:00; Su 12:00-22:30
node/1962911438,
way/309646651,
way/196657745,
way/277929202,
c6b9c4c8-b459-46d1-a4e5-314dae929731,
node/25471087,
way/986920651,
54e92513-f23f-4c5f-8dff-e7cc23a41e01,
way/277929211,
node/663260803,
way/277929217,
node/312156665,
way/986906891,
d3dd63ca-9b23-452f-a409-b67355089cfe,
fcbda728-fe90-45ba-9329-5f4095883dba,
node/566313869,Mo-Th 11:00-23:00; Fr-Sa 11:00-24:00; Su 12:00-22:30
way/565171598,Mo-Sa 11:00-23:00; Su 12:00-22:30
way/100013433,Mo-Sa 11:00-23:00; Su 12:00-22:30
way/123318572,
way/80208385,Mo-Th 11:00-23:30; Fr 11:00-00:00; Sa 12:00-22:30
way/173544268,
way/347393523,Mo-Sa 12:00-23:30; Su 12:00-22:30
node/691632516,
node/344084670,Su-We 12:00-00:00; Th-Sa 12:00-01:00
way/485638354,
node/691636621,
way/153690421,
way/249340692,
way/81459093,
way/157767121,
node/12920922066,
node/12920922056,
way/183366008,
node/266680230,
way/168980864,
node/13550924140,
way/175158234,
node/348817410,
way/175157358,
way/560417509,
way/993781413,
node/12920922063,
1065e055-8d96-49b7-8db1-8d563efbc97e,
node/246519847,"Mo-Th 12:00-23:00; Fr, Sa 12:00-01:00; Su 12:00-20:00"
3ead1dc0-34e4-470a-b481-fb80b7d56e0a,
way/160683906,
way/205407098,
way/71408542,
way/142300246,Mo-Th 11:00-23:00; Fr-Sa 10:00-23:00; Su 10:00-22:30
way/558503742,Mo-Sa 11:00-23:00; Su 12:00-20:00
way/107035580,
way/558503751,Mo-Th 12:00-23:00; Fr-Sa 12:00-24:00; Su 12:00-20:00
node/303585906,"Mo-Th 16:00-23:00; Fr,Sa 14:00-23:00; Su 14:00-22:30"
way/183362087,
way/151297126,Mo-We 11:00-23:00; Th 11:00-23:30; Fr 11:00-24:00; Sa 12:00-24:00; Su 12:00-22:30
way/140517896,
relation/7183889,
node/1163880380,Mo-We 15:00-22:00; Th-Sa 12:00-22:00
way/68807961,
node/305760823,
9611f63a-118e-4be7-907c-2c4fdbf250e1,
way/99952332,
way/487479499,
way/244895533,"Mo, Tu 12:00-22:00; We-Sa 12:00-23:00"
way/428744489,Mo-We 12:00-23:00; Th 12:00-23:30; Fr-Sa 12:00-24:00; Su 12:00-22:30
node/25746185,
way/559282490,
way/244884784,
way/244884785,
way/161420189,
way/99952313,
way/244895534,Mo-We 10:00-23:00; Th 10:00-23:30; Fr-Sa 10:00-00:00; Su 10:00-22:30
