calc_postcode_district,calc_postcode_area,osm_type,osm_id,id,lat,lon,name,operator,photo_url1,photo_url2,photo_url3,photo_url4,photo_url5,founded,description,has_pub_garden,has_live_music,has_food_available,has_dog_friendly,has_pool_darts,has_accommodation,addr_housenumber,addr_street,phone,website,wikidata,opening_hours,opening_hours_a,opening_hours_b,opening_hours_c,opening_hours_d,opening_hours_e,opening_hours_f,tier_fetch_tier,tier_a_success,tier_a_http_status,tier_a_final_url,tier_a_error,tier_a_text_chars,tier_a_text_relpath,conf_description,conf_phone,conf_founded,conf_operator,conf_has_pub_garden,conf_has_live_music,conf_has_food_available,conf_has_dog_friendly,conf_has_pool_darts,conf_has_accommodation,enc_website_text_skip
E1,E,way,236653740,way/236653740,51.5189522,-0.0712189,Pride of Spitalfields,,,,,,,,"The Pride of Spitalfields is a traditional British pub located just off Brick Lane, known for its authentic East End charm and community atmosphere. It offers a selection of cask ales and craft beers, including an affordable pint of Guinness. The pub features cozy seating, a roaring fire, and hosts piano nights, fostering a sense of connection among patrons. Regulars appreciate its unpretentious vibe and heritage, making it a beloved spot for locals and visitors alike.",TRUE,TRUE,,,,,3,Heneage Street,,https://theprideofspitalfieldslondon.shop/,Q15059604,,,,,,,,A,1,200,https://theprideofspitalfieldslondon.shop/,,3012,data/tier_a_extractions/way_236653740_29279af438d84084.txt,1.0000,0.0000,0.0000,0.0000,0.7000,0.7000,0.5000,0.5000,0.5000,0.5000,
E11,E,supabase,,9ba74653-4cf8-475d-8ab8-ac4bd90998c8,51.5767,0.011682,Sir Alfred Hitchcock Hotel,Independent,,,,,,,"The pub offers a variety of dining options including Sunday roasts, steak nights, and a special Christmas menu. The atmosphere is described as cozy, ideal for gatherings with family and friends. Reservations are recommended for the Christmas Day feast.",,,TRUE,,,,,,(020) 8530 3724,https://www.thehitchcockhotel.com/,,,,,,,,,A,1,200,https://www.thehitchcockhotel.com/,,1298,data/tier_a_extractions/9ba74653-4cf8-475d-8ab8-ac4bd90998c8_13a9d02aff350961.txt,0.9000,,0.0000,,0.0000,0.0000,1.0000,0.0000,0.0000,0.0000,
E11,E,way,1351858504,way/1351858504,51.5765434,0.0278822,The Bull,,,,,,,,"The Bull is a friendly local pub in Wanstead, just 100 yards from the Tube station. It features a beer garden open until 11pm, serves fresh food five days a week, and welcomes families and dogs. The pub offers a kids' menu and dog-friendly amenities.",TRUE,,TRUE,TRUE,,,129,High Street,,https://www.thebullwanstead.com/,,,,,,,,,A,1,200,https://www.thebullwanstead.com/,,1688,data/tier_a_extractions/way_1351858504_e6db1065f3213832.txt,1.0000,0.0000,0.0000,0.0000,1.0000,0.0000,1.0000,1.0000,0.0000,0.0000,
E11,E,way,930391987,way/930391987,51.5579215,0.0173255,The Rookwood Village,Jim,,,,,,,"The Rookwood Village is a pub located in Leytonstone, offering a wide range of drinks including craft beers and cocktails, alongside a fresh menu featuring pizzas, burgers, and salads. The pub has large screen TVs for sports and a private function room. It also provides interactive darts and ping pong for entertainment.",,,TRUE,,TRUE,,314,Cann Hall Road,,https://therookwoodvillage.com/,,,,,,,,,A,1,200,https://therookwoodvillage.com/,,3087,data/tier_a_extractions/way_930391987_dbd32e9f6323d895.txt,1.0000,0.0000,0.0000,0.7000,0.0000,0.0000,1.0000,0.0000,1.0000,0.0000,
E13,E,way,1027522305,way/1027522305,51.5302424,0.0229144,The Black Lion,,,,,,,,"The Black Lion Pub is located near Plaistow tube station and offers a selection of real ales, premium beers, and homemade pub food. It features a large beer garden, a function room for hire, and is known for its friendly atmosphere and sports on TV. The pub is listed in CAMRA's Good Beer Guide and has free parking for patrons.",TRUE,,TRUE,,,,59-61,High Street,02084722351,https://blacklionplaistow.co.uk/,,,,,,,,,A,1,200,https://blacklionplaistow.co.uk/,,2058,data/tier_a_extractions/way_1027522305_7ecf75075eb19734.txt,1.0000,1.0000,0.0000,0.0000,1.0000,0.0000,1.0000,0.0000,0.0000,0.0000,
E16,E,node,529875654,node/529875654,51.5088147,0.0255735,Fox @ Excel,,,,,,,,"The Fox is a Warehouse Bar & Restaurant near ExCeL London, offering a vibrant atmosphere, versatile spaces, and a wide selection of food and drinks suitable for any occasion.",,,TRUE,,,,2,Western Gateway,,https://www.foxexcel.co.uk,,,,,,,,,A,1,200,https://www.foxexcel.co.uk,,657,data/tier_a_extractions/node_529875654_0da3b95d25cf1f4e.txt,1.0000,0.0000,0.0000,0.0000,0.0000,0.0000,1.0000,0.0000,0.0000,0.0000,
E17,E,node,7056928285,node/7056928285,51.5932478,-0.0414688,Exale Taproom,,,,,,,,,,,,,,,,Blackhorse Lane,,https://www.exale.uk/,,Th 16:00-23:00, Fr 16:00-02:00, Sa 12:00-02:00, Su 12:00-20:00,,,,A,0,200,https://www.exale.uk/,short_extract,0,,,,,,,,,,,,no_tier_a_text_relpath
E2,E,way,945438537,way/945438537,51.525347,-0.0710211,The Well and Bucket,Urban Pubs & Bars,,,,,,,"The Well & Bucket is a pub located in Bethnal Green, London, known for its great drinks and tasty food. It is a popular spot for football and offers a lively atmosphere. The pub also features an award-winning theatre above it, offering a variety of performances.",,TRUE,TRUE,,,,143,Bethnal Green Road,+44 20 3664 6454,https://www.urbanpubsandbars.com/venues/well-bucket,,,,,,,,,A,1,200,https://www.urbanpubsandbars.com/venues/well-bucket,,1945,data/tier_a_extractions/way_945438537_1b06594296a1dd62.txt,0.9000,,0.0000,,0.0000,0.7000,0.9000,0.0000,0.0000,0.0000,
E3,E,way,429089060,way/429089060,51.5321275,-0.0281061,Green Goose,"Young & Co.’s Brewery, P.L.C",,,,,,,"The Green Goose is an East End pub with a beer garden, offering seasonal British food and drinks. It screens World Cup 2026 fixtures and hosts a weekly pub quiz with jackpots. The pub emphasizes quality ingredients in its menu, featuring traditional dishes and vegan options.",TRUE,,TRUE,,,,112,Anglo Road,,https://www.greengooselondon.com/,,,,,,,,,A,1,200,https://www.greengooselondon.com/,,1923,data/tier_a_extractions/way_429089060_461d7e1276f26e04.txt,1.0000,0.0000,0.0000,1.0000,1.0000,0.0000,1.0000,0.0000,0.0000,0.0000,
E4,E,way,681581511,way/681581511,51.6073654,0.0006745,The County Arms,Greene King,,,,,,,,,,,,,,420,Hale End Road,,https://www.greeneking.co.uk/pubs/greater-london/county-arms,,,,,,,,,A,1,403,https://www.greeneking.co.uk/pubs/greater-london/county-arms,HTTPError:403,231,data/tier_a_extractions/way_681581511_6e70eda272bed655.txt,0.0000,0.0000,0.0000,,0.0000,0.0000,0.0000,0.0000,0.0000,0.0000,
E4,E,way,310872642,way/310872642,51.6168742,-0.0007495,The Larkshall,,,,,,,,"Local traditional pub in Chingford with a focus on seasonal dishes and local produce. Known for its beer garden and classic British fare, including fish and chips and BBQ roasts. The pub is a venue for watching the World Cup 2026 and offers a friendly atmosphere.",TRUE,,TRUE,TRUE,,,205,Larkshall Road,,https://www.larkshallpub.co.uk/,,,,,,,,,A,1,200,https://www.larkshallpub.co.uk/,,1716,data/tier_a_extractions/way_310872642_0567a1851b4d156a.txt,1.0000,0.0000,0.0000,0.0000,1.0000,0.0000,1.0000,1.0000,0.0000,0.0000,
E6,E,supabase,,3d49e7a8-7b6f-40da-9779-995212d8f8cf,51.5304,0.038098,Boleyn Tavern,Remarkable Pubs,,,,,,,,,,,,,,,,(020) 8472 2182,https://boleyntavern.co.uk/,,,,,,,,,A,0,200,https://boleyntavern.co.uk/,below_min_chars,73,,,,,,,,,,,,no_tier_a_text_relpath
E8,E,way,469649790,way/469649790,51.5367031,-0.0756943,Signature Brew Taproom and Venue,Signature Brew,,,,,,,"Signature Brew Haggerston is a dog-friendly pub located in a railway arch next to the Regent's Canal in Haggerston, East London. It serves fresh Signature Brew beers, guest beers, wine, and spirits, and hosts live music events. The venue features a dedicated space for live music photography and has an outdoor terrace.",TRUE,TRUE,,TRUE,,,340,Acton Mews,,https://www.signaturebrew.co.uk/pages/the-signature-brew-taproom-venue-in-haggerston-east-london,,,,,,,,,A,1,200,https://www.signaturebrew.co.uk/pages/the-signature-brew-taproom-venue-in-haggerston-east-london,,1257,data/tier_a_extractions/way_469649790_3226d3549a4934d9.txt,1.0000,0.0000,0.0000,,1.0000,1.0000,0.0000,1.0000,0.0000,0.0000,
E8,E,way,372808122,way/372808122,51.5495175,-0.054525,The Crown,,,,,,,,"The Crown & Half Crown is a neighbourhood pub in Hackney Central, offering good pints and a warm welcome. It features two spaces connected by an alleyway, regular karaoke, live music nights, and a guesthouse with 13 distinctive rooms.",,TRUE,,,,TRUE,418,Mare Street,,https://www.thecrownhackney.co.uk/,,,,,,,,,A,1,200,https://www.thecrownhackney.co.uk/,,1785,data/tier_a_extractions/way_372808122_1263457bf4f3e616.txt,1.0000,0.0000,0.0000,0.0000,0.0000,1.0000,0.0000,0.0000,0.0000,1.0000,
E8,E,way,459672112,way/459672112,51.5519623,-0.0746778,The Marquee Moon,,,,,,,,,,,,,,,48,Stoke Newington Road,,https://themarqueemoon.uk/,,,,,,,,,A,0,200,https://themarqueemoon.uk/,below_min_chars,87,,,,,,,,,,,,no_tier_a_text_relpath
E9,E,way,95243702,way/95243702,51.5416411,-0.0377196,People's Park Tavern,,,,,,,,"The People’s Park Tavern is a Hackney pub located in Victoria Park, featuring one of the largest beer gardens in London, a BBQ kitchen, a pop-up cocktail bar, and a tap wall. It is open 7 days a week from midday until midnight on Sunday to Thursday, and until 2am on Friday and Saturday.",TRUE,,TRUE,,,,360,Victoria Park Road,+44 20 8533 0040,https://www.peoplesparktavern.pub/,,Mo-Th 12:00-00:00, Fr 12:00-01:00, Sa 12:00-02:00, Su 12:00-00:00,,,,A,1,200,https://www.peoplesparktavern.pub/,,479,data/tier_a_extractions/way_95243702_147bec9cb6d8b4a0.txt,1.0000,,0.0000,0.0000,1.0000,0.0000,1.0000,0.0000,0.0000,0.0000,
E9,E,way,600916017,way/600916017,51.5369808,-0.04491,The Empress,,,,,,,,"The Empress is a Victorian pub and dining room in Hackney by Victoria Park, serving modern British food, good wine, and local beers and ales with a seasonal menu featuring quality produce from local suppliers.",,,TRUE,,,,130a,Lauriston Road,+44 20 8533 5123,https://empresse9.co.uk/,,Mo 16:00-23:00, Tu-Sa 12:00-23:00, Su 12:00-10:30,,,,,A,1,200,https://empresse9.co.uk/,,373,data/tier_a_extractions/way_600916017_51f4c1ab6d94fe46.txt,1.0000,,0.0000,0.0000,0.0000,0.0000,1.0000,0.0000,0.0000,0.0000,
EC1M,EC,way,569138325,way/569138325,51.5198291,-0.105994,The Sir John Oldcastle,Wetherspoon,,,,,,1680,"The Sir John Oldcastle is a pub named after The Sir John Oldcastle Tavern, established by 1680, and is associated with Shakespeare's character 'Falstaff'.",,,TRUE,,,,29-35,Farringdon Road,+44 20 7242 1013,https://www.jdwetherspoon.com/pubs/the-sir-john-oldcastle-farringdon,Q88973876,Su-We 08:00-23:30, Th-Sa 08:00-24:00,,,,,,A,1,200,https://www.jdwetherspoon.com/pubs/the-sir-john-oldcastle-farringdon,,469,data/tier_a_extractions/way_569138325_36c6a2dbeafbae07.txt,1.0000,,1.0000,,0.0000,0.0000,1.0000,0.0000,0.0000,0.0000,
EC1V,EC,way,100442829,way/100442829,51.531418,-0.1059198,Old Red Lion,,,,,,,,"The Old Red is Islington’s home for pints, pizzas, and plays, with a history dating back to 1415. It has been a gathering place for rebels, writers, and regulars for generations.",,,TRUE,,,,418,St. John Street,,https://weareoldred.co.uk/,Q7084824,,,,,,,,A,1,200,https://weareoldred.co.uk/,,282,data/tier_a_extractions/way_100442829_67f1706398c7d455.txt,1.0000,0.0000,1.0000,0.0000,0.0000,0.0000,0.8000,0.0000,0.0000,0.0000,
EC2M,EC,way,160163216,way/160163216,51.5188007,-0.086027,Red Lion,Greene King,,,,,,,,,,,,,,1,Eldon Street,,https://www.greeneking.co.uk/pubs/greater-london/red-lion,,,,,,,,,A,1,403,https://www.greeneking.co.uk/pubs/greater-london/red-lion,HTTPError:403,228,data/tier_a_extractions/way_160163216_6e8e1ea49e734339.txt,0.0000,0.0000,0.0000,,0.0000,0.0000,0.0000,0.0000,0.0000,0.0000,
EC3R,EC,node,292705417,node/292705417,51.5102919,-0.0861975,The Hydrant,Fuller's,,,,,,,,,,TRUE,,,,1,Monument Street,+44 20 7623 5446,https://www.thehydrant.co.uk/,,Mo-Fr 08:00-23:00, Sa 10:00-23:00, Su 10:00-18:00,,,,,A,1,200,https://www.thehydrant.co.uk/,,750,data/tier_a_extractions/node_292705417_82086ae84de9c52b.txt,0.0000,,0.0000,,0.0000,0.0000,1.0000,0.0000,0.0000,0.0000,
EC3V,EC,node,12877542100,node/12877542100,51.5127425,-0.0830857,Golden Goose,,,,,,,,,,,,,,,13-15,Leadenhall Market,,https://www.goldengoose.london/,,,,,,,,,A,1,200,https://www.goldengoose.london/,,306,data/tier_a_extractions/node_12877542100_7c816fbb75c1b82b.txt,0.0000,0.0000,0.0000,0.0000,0.0000,0.0000,0.0000,0.0000,0.0000,0.0000,
EC3V,EC,node,295975604,node/295975604,51.5128537,-0.0842485,The New Moon,,,,,,,,,,,,,,,88,Gracechurch Street,,https://www.newmoonleadenhall.com/,,,,,,,,,A,0,403,https://www.newmoonleadenhall.com/,HTTPError:403,103,,,,,,,,,,,,no_tier_a_text_relpath
EC3V,EC,node,259253467,node/259253467,51.5110721,-0.0847581,The Ship,Nicholson's,,,,,,,,,,,,,,11,Talbot Court,,https://www.nicholsonspubs.co.uk/restaurants/london/theshiptalbotcourtlondon,,,,,,,,,A,0,403,https://www.nicholsonspubs.co.uk/restaurants/london/theshiptalbotcourtlondon,HTTPError:403,0,,,,,,,,,,,,no_tier_a_text_relpath
EC4N,EC,way,522314555,way/522314555,51.5132609,-0.0926485,The Golden Fleece,Greene King,,,,,,,,,,,,,,8-9,Queen Street,,https://www.greeneking.co.uk/pubs/greater-london/golden-fleece,,,,,,,,,A,1,403,https://www.greeneking.co.uk/pubs/greater-london/golden-fleece,HTTPError:403,233,data/tier_a_extractions/way_522314555_38d887a76d2e4865.txt,0.0000,0.0000,0.0000,,0.0000,0.0000,0.0000,0.0000,0.0000,0.0000,
N1,N,node,331298014,node/331298014,51.5373158,-0.1095229,The Crown,Fuller's,,,,,,,"The Crown is located in Islington, near Upper Street, known for its vintage shops and proximity to music venues like Islington Assembly Hall and O2 Islington Arena. It offers a relaxing atmosphere with nearby parks for visitors to enjoy.",,,TRUE,,,,116,Cloudesley Road,+44 20 7837 7107,https://www.crownislington.co.uk/,Q17361843,Mo-Sa 12:00-23:00, Su 12:00-22:30,,,,,,A,1,200,https://www.crownislington.co.uk/,,1412,data/tier_a_extractions/node_331298014_0ab61119f8ab49da.txt,0.9000,,0.0000,,0.0000,0.0000,0.8000,0.0000,0.0000,0.0000,
N1,N,way,31293177,way/31293177,51.5446955,-0.1036583,The Library,Stonegate,,,,,,,"A pub offering a blend of traditional and modern vibes with a menu featuring stone-baked pizzas, burgers, and wings. It provides live sports on HD screens and a bottomless brunch menu with drinks. It promotes 2-for-1 cocktails daily.",,,TRUE,,,,235,Upper Street,,https://www.socialpubandkitchen.co.uk,,,,,,,,,A,1,200,https://www.socialpubandkitchen.co.uk,,631,data/tier_a_extractions/way_31293177_80a345140f964431.txt,1.0000,0.0000,0.0000,,0.0000,0.0000,1.0000,0.0000,0.0000,0.0000,
N10,N,way,366382271,way/366382271,51.5883692,-0.1412195,The Famous Royal Oak,,,,,,,,"The Famous Royal Oak is a family-run pub located in Muswell Hill, serving the community for over 200 years. It offers a warm welcome and friendly service, open Monday to Sunday.",,,,,,,73,St James's Lane,+44 20 3489 2845,https://thefamousroyaloak.co.uk,,Mo-We 12:00-23:00, Th-Sa 12:00-24:00, Su 12:00-22:30,,,,,A,1,200,https://thefamousroyaloak.co.uk,,701,data/tier_a_extractions/way_366382271_29af2e57292f617a.txt,1.0000,,1.0000,0.0000,0.0000,0.0000,0.0000,0.0000,0.0000,0.0000,
N14,N,node,11901214589,node/11901214589,51.6335353,-0.1316385,Annie Twomeys,Stonegate,,,,,,,"Annie Twomeys is a well-established, traditional Irish sports pub located in Southgate, London. It operates as a wet-led venue with a strong focus on drinks sales, particularly draught, and has a reputation for live sports coverage. The pub has a casual atmosphere and is community-oriented, appealing to sports fans and social groups.",,,FALSE,,,,110-112,Chase Side,+44 20 8882 3372,https://www.stonegatepubpartners.co.uk/find-a-pub/annie-twomeys-southgate_033038,,,,,,,,,A,1,200,https://www.stonegatepubpartners.co.uk/find-a-pub/annie-twomeys-southgate_033038,,1965,data/tier_a_extractions/node_11901214589_3c4502174f9ffa22.txt,1.0000,,0.0000,1.0000,0.0000,0.0000,1.0000,0.0000,0.0000,0.0000,
N16,N,node,262637210,node/262637210,51.5617228,-0.0735286,Coach & Horses,Friendship Pubs Company,,,,,,,"A friendly and relaxed traditional pub with a fantastic selection of modern beers, real ales, rare whiskies, and natural and organic wines.",,,,,,,178,Stoke Newington High Street,,https://www.thecoachandhorsesn16.co.uk/,Q26647406,,,,,,,,A,1,200,https://www.thecoachandhorsesn16.co.uk/,,654,data/tier_a_extractions/node_262637210_d7253b0d7951947e.txt,1.0000,0.0000,0.0000,1.0000,0.0000,0.0000,0.0000,0.0000,0.0000,0.0000,
N16,N,node,262443436,node/262443436,51.5620215,-0.079539,The Auld Shillelagh,,,,,,,,The Auld Shillelagh is recognized as the 'Most authentic Irish pub in the world outside Ireland' by the Irish Times. It hosts weekly music seisiún every other Thursday and Friday at 9pm.,,TRUE,,,,,105,Stoke Newington Church Street,+44 20 7249 5951,http://theauldshillelagh.co.uk/,,Mo-We 12:00-24:00, Th-Sa 12:00-25:00, Su 12:00-24:00,,,,,A,1,200,http://theauldshillelagh.co.uk/,,386,data/tier_a_extractions/node_262443436_bc613c7218c7b223.txt,0.9000,,0.0000,0.0000,0.5000,0.9000,0.5000,0.5000,0.5000,0.5000,
N16,N,node,292234943,node/292234943,51.5663124,-0.0726537,The Bird Cage,Stonegate,,,,,,,,,,,,,,58,Stamford Hill,,https://www.socialpubandkitchen.co.uk/find-a-pub,,,,,,,,,A,1,200,https://www.socialpubandkitchen.co.uk/find-a-pub,,371,data/tier_a_extractions/node_292234943_17ca7cb71ed47454.txt,0.0000,0.0000,0.0000,,0.0000,0.0000,0.0000,0.0000,0.0000,0.0000,
N16,N,way,957099697,way/957099697,51.557632,-0.0806089,The Londesborough,Wright Brothers Ltd,,,,,,1864,"The Londesborough is a family-owned Victorian pub in Stoke Newington, built in 1864. It offers a welcoming atmosphere with a lovely back garden, serves food and beverages, and is known for its Sunday roasts.",TRUE,,TRUE,TRUE,,,36,Barbauld Road,020 7254 5865,https://www.thelondesborough.com/,,,,,,,,,A,1,200,https://www.thelondesborough.com/,,1393,data/tier_a_extractions/way_957099697_bb9ebd0233a059e8.txt,1.0000,1.0000,1.0000,1.0000,1.0000,0.0000,1.0000,1.0000,0.0000,0.0000,
N17,N,way,1076851225,way/1076851225,51.5922323,-0.0692517,The Beehive,,,,,,,,"The Beehive is a Grade II listed pub in Tottenham, featuring cozy interiors and a large beer garden. It serves classic homecooked pub food, including burgers and fish and chips, and offers private hire spaces. The pub shows sports, especially football, and is popular on matchdays.",TRUE,,TRUE,,,,,Stoneleigh Road,+44 20 8808 3567,https://beehiven17.com/,Q27087260,Mo-Th 15:00-23:00, Fr-Sa 12:00-01:00, Su 12:00-22:30,,,,,A,1,200,https://beehiven17.com/,,1176,data/tier_a_extractions/way_1076851225_1ef4d56db3aac078.txt,1.0000,,0.0000,0.0000,1.0000,0.0000,1.0000,0.0000,0.0000,0.0000,
N19,N,way,447950556,way/447950556,51.5662715,-0.1366976,Whittington Stone,,,,,,,,"The Whittington Stone is a London pub that has recently undergone a £200,000 refurbishment, enhancing its traditional charm with new fabrics and designs. It features upgraded HDTVs, a new sound system for live sports, and bookable booths with TV screens. The pub offers a selection of local craft beers and an updated gin range, alongside a food menu with pub classics like fish and chips, burgers, and pies.",,,TRUE,,,,53,Highgate Hill,+44 20 7281 0905,https://www.greatlocalpubs.co.uk/whittington-stone-highgate,,,,,,,,,A,1,200,https://www.greatlocalpubs.co.uk/whittington-stone-highgate,,1011,data/tier_a_extractions/way_447950556_80d1efcab15ba2ea.txt,1.0000,,0.0000,0.0000,0.0000,0.0000,1.0000,0.0000,0.0000,0.0000,
N4,N,way,224432174,way/224432174,51.5811385,-0.0997163,Brouhaha Bar,,,,,,,,,,,,,,,499-501,Green Lanes,+44 20 8348 8553,https://www.brouhahabar.com,,Mo-Tu 16:00-22:30, We-Th 16:00-23:00, Fr-Sa 16:00-00:00,,,,,A,0,200,https://www.brouhahabar.com,short_extract,0,,,,,,,,,,,,no_tier_a_text_relpath
N7,N,way,288035711,way/288035711,51.5604549,-0.1237587,The Owl & Hitchhiker,,,,,,,,"The Owl is a lively London boozer on Holloway Road, known for great craft beers, old school arcade games, pool tables, and music.",,,,,TRUE,,471,Holloway Road,,https://www.owlandhitchhiker.pub,Q26585569,,,,,,,,A,1,200,https://www.owlandhitchhiker.pub,,288,data/tier_a_extractions/way_288035711_e49b324085170631.txt,1.0000,0.0000,0.0000,0.0000,0.0000,0.0000,0.0000,0.0000,1.0000,0.0000,
N8,N,node,12633199509,node/12633199509,51.5817289,-0.1263171,Maynard Arms,,,,,,,,,,,,,,,70,Park Road,+44 2083 416 283,https://www.maynardarmsn8.co.uk/,,Mo-Th 12:00-23:00, Fr-Sa 12:00-24:00, Su 12:00-22:30,,,,,A,0,403,https://www.maynardarmsn8.co.uk/,HTTPError:403,103,,,,,,,,,,,,no_tier_a_text_relpath
N8,N,node,370187947,node/370187947,51.5872491,-0.1325891,The Priory,,,,,,,,"A fun, friendly and lively pub at the foot of Muswell Hill and Alexandra Palace, offering a selection of beers, wines, spirits, and regular events. Facilities include a pool table, darts board, and Sky Sports.",,TRUE,,TRUE,TRUE,,169,Priory Road,020 8340 4925,https://www.thepriorypubn8.com,,"Mo-Su 11:00-24:00; Fr,Sa 11:00-23:00",,,,,,,A,1,200,https://www.thepriorypubn8.com,,748,data/tier_a_extractions/node_370187947_e54ad30e4d138a35.txt,1.0000,1.0000,0.0000,0.0000,0.0000,0.8000,0.0000,1.0000,1.0000,0.0000,
NW1,NW,way,337127150,way/337127150,51.5268807,-0.1370264,Crown & Anchor,,,,,,,,,,,,,,,137,Drummond Street,+44 20 7383 2681,https://www.thecrownandanchornw1.co.uk/,Q18207855,Mo-We 12:00-23:00, Th-Fr 12:00-00:00, Sa 10:00-00:00, Su 10:00-22:30,,,,A,0,403,https://www.thecrownandanchornw1.co.uk/,HTTPError:403,0,,,,,,,,,,,,no_tier_a_text_relpath
NW1,NW,way,225442612,way/225442612,51.5347025,-0.1392217,Simmons,,,,,,,,"Simmons is a late night cocktail bar known for its happy hour and vibrant atmosphere, offering a variety of cocktails, beers, and special events like Hip Hop LDN brunches and Margarita Mondays.",,,,,,,7,Camden High Street,,https://www.simmonsbar.co.uk/,,Mo-We 16:00-00:30, Th-Sa 16:00-01:30, Su 16:00-22:30,,,,,A,1,200,https://www.simmonsbar.co.uk/,,1907,data/tier_a_extractions/way_225442612_f4fd26e205645f43.txt,0.9000,0.0000,0.0000,0.0000,0.0000,0.0000,0.0000,0.0000,0.0000,0.0000,
NW1,NW,node,6677415686,node/6677415686,51.5407576,-0.1456555,The Ice Wharf,Wetherspoon,,,,,,,"The Ice Wharf is a canalside pub located on the site of the former London and North Western Stone Wharf, originally built in the 1830s to store imported ice. It features facilities like Wi-Fi, TV screens, and a licensed outside area.",TRUE,TRUE,TRUE,,,,,Jamestown Road,+44 20 7428 3770,https://www.jdwetherspoon.com/pubs/the-ice-wharf-camden,,"Mo,Tu,We,Su 08:00-23:30; Th 08:00-24:30; Fr,Sa 08:00-25:30",,,,,,,A,1,200,https://www.jdwetherspoon.com/pubs/the-ice-wharf-camden,,788,data/tier_a_extractions/node_6677415686_1e22b64a6381702b.txt,1.0000,,1.0000,,1.0000,1.0000,1.0000,0.0000,0.0000,0.0000,
NW1,NW,way,1308852871,way/1308852871,51.5299249,-0.1333891,The Prince Arthur,,,,,,,,"Prince Arthur is a funky London pub and Guest Accommodation featuring wood panelled walls, 60' style furnishings, and provocative art. It has a warm ambiance with dimmed lights and candles on tables. The pub offers outside seating for up to 45 people.",,,,,,TRUE,80-82,Eversholt Street,,https://www.princearthur.co.uk/,,,,,,,,,A,1,200,https://www.princearthur.co.uk/,,830,data/tier_a_extractions/way_1308852871_eff348a7b002dde9.txt,1.0000,0.0000,0.0000,0.0000,0.5000,0.5000,0.5000,0.5000,0.5000,1.0000,
SE1,SE,way,128568070,way/128568070,51.499119,-0.0736765,Marquis of Wellington,Stonegate,,,,,,,"Your friendly local in London, serving a brilliant array of delicious food and drink.",,,TRUE,,,,21,Druid Street,,https://www.socialpubandkitchen.co.uk/marquis-of-wellington-bermondsey,,,,,,,,,A,1,200,https://www.socialpubandkitchen.co.uk/marquis-of-wellington-bermondsey,,308,data/tier_a_extractions/way_128568070_9f822e53c4c074a2.txt,1.0000,0.0000,0.0000,,0.0000,0.0000,1.0000,0.0000,0.0000,0.0000,
SE1,SE,node,587850226,node/587850226,51.4948102,-0.0887005,Spit and Sawdust,,,,,,,,"Spit & Sawdust is a cosy, dog-friendly pub serving craft beers and bold Latin street food from Afuego Burger. It features a beer garden, sun terrace, free games, and live events.",TRUE,,TRUE,TRUE,TRUE,,21,Bartholomew Street,,https://www.spitandsawdustpub.co.uk/,,,,,,,,,A,1,200,https://www.spitandsawdustpub.co.uk/,,994,data/tier_a_extractions/node_587850226_f60ba970f0629261.txt,1.0000,0.0000,0.0000,0.0000,1.0000,0.5000,1.0000,1.0000,1.0000,0.5000,
SE1,SE,way,101694683,way/101694683,51.501197,-0.0870925,The Britannia,,,,,,,,"Smok’d at The Britannia offers a menu influenced by BBQ from around the world, featuring smoked meats and burgers, including vegetarian and vegan options. The pub hosts a Comedy Club every Sunday and weekly Poker nights.",,,TRUE,,,,44,Kipling Street,,https://www.britannia.smokd.co.uk/,,,,,,,,,A,1,200,https://www.britannia.smokd.co.uk/,,1367,data/tier_a_extractions/way_101694683_e93f5c26d6aff5d3.txt,1.0000,0.0000,0.0000,0.0000,0.0000,0.0000,1.0000,0.0000,0.0000,0.0000,
SE1,SE,way,94758909,way/94758909,51.5024086,-0.0771434,The Pommelers Rest,Wetherspoon,,,,,,,"The Pommelers Rest is a pub that was formerly the Tower Bridge Hotel, named after the area's historical connection with the leather trade. The term 'pommler' dates back to 1450, referring to leather workers.",,,TRUE,,,,196-198,Tower Bridge Road,+44 20 7378 1399,https://www.jdwetherspoon.com/pubs/the-pommelers-rest-tower-bridge/,Q88916691,,,,,,,,A,1,200,https://www.jdwetherspoon.com/pubs/the-pommelers-rest-tower-bridge/,,503,data/tier_a_extractions/way_94758909_20914ff03630eeba.txt,1.0000,,0.0000,,0.0000,0.0000,0.8000,0.0000,0.0000,0.0000,
SE1,SE,way,99869572,way/99869572,51.5038083,-0.094807,The Rose & Crown,PubLove,,,,,,,"The Rose & Crown offers an unforgettable pub experience in London Bridge with award-winning burgers, craft beers, and a selection of gin in a cosy setting. It features a welcoming atmosphere and top-quality offerings, making it a great spot for locals and visitors alike.",,,TRUE,,,,65,Union Street,+44 20 7407 7090,https://www.publove.co.uk/pubs/rose-and-crown,,Mo-Su 12:00-22:00,,,,,,,A,1,200,https://www.publove.co.uk/pubs/rose-and-crown,,1321,data/tier_a_extractions/way_99869572_d0afdd922c112725.txt,1.0000,,0.0000,1.0000,0.0000,0.0000,1.0000,0.0000,0.0000,0.0000,
SE1,SE,node,306659436,node/306659436,51.5012622,-0.1073934,The Stage Door,,,,,,,,"The Stage Door is a lively backstreet pub & kitchen near Waterloo station, offering a great selection of drinks and fantastic pub grub. It features a roof garden for nice weather and relaxed dining indoors. The pub is popular on match days and has a roof terrace for enjoying the sunshine.",TRUE,,TRUE,,,,30,Webber Street,+442072071728,https://www.thestagedoor.co.uk/,,Mo-Su 12:00-23:30,,,,,,,A,1,200,https://www.thestagedoor.co.uk/,,971,data/tier_a_extractions/node_306659436_4858d6133b42b9a1.txt,1.0000,1.0000,0.0000,0.0000,1.0000,0.0000,1.0000,0.0000,0.0000,0.0000,
SE1,SE,way,99928994,way/99928994,51.5010925,-0.0937912,The Trinity,Fuller's,,,,,,,"The Trinity is a beautiful, vibrant and modern pub with a traditional tudor-façade, offering modern craft beer and a cask range including London Pride and seasonal guest beers.",,,TRUE,TRUE,,,202-206,Borough High Street,,https://www.thetrinity.co.uk/,,,,,,,,,A,1,200,https://www.thetrinity.co.uk/,,1169,data/tier_a_extractions/way_99928994_f444c95509ae88a7.txt,1.0000,0.0000,0.0000,,0.0000,0.0000,1.0000,1.0000,0.0000,0.0000,
SE1,SE,node,12231843057,node/12231843057,51.5028376,-0.1150963,Wetherspoons - The Lion & The Unicorn,Wetherspoon,,,,,,,"The Lion & The Unicorn is a pub that is open until 12:00 am. It has a history linked to the Festival of Britain in 1951, featuring a pavilion that included a cafeteria and murals depicting British history.",,,TRUE,,,,,"The Sidings, Waterloo Station",,https://www.jdwetherspoon.com/pubs/the-lion-the-unicorn-waterloo/,,,,,,,,,A,1,200,https://www.jdwetherspoon.com/pubs/the-lion-the-unicorn-waterloo/,,788,data/tier_a_extractions/node_12231843057_6e5beaeeb34e6828.txt,0.9000,0.0000,0.0000,,0.0000,0.0000,0.8000,0.0000,0.0000,0.0000,
SE10,SE,way,1093802500,way/1093802500,51.4743686,-0.0149406,The Guildford Arms,,,,,,,,"The Guildford Arms is a beautiful neighbourhood pub in Greenwich known for great food, good company, and warm hospitality. It offers a welcoming atmosphere, a beer garden, and is dog-friendly. The pub is famous for its Sunday roasts and features a Robata Grill for grilled dishes.",TRUE,,TRUE,TRUE,,,55,Guildford Grove,+44 20 8691 6293,https://www.theguildfordarms.co.uk/,,Tu-Su 12:00-23:00, Dec 25-26 off,,,,,,A,1,200,https://www.theguildfordarms.co.uk/,,2445,data/tier_a_extractions/way_1093802500_f47d88fb995b8947.txt,1.0000,,0.0000,0.0000,1.0000,0.0000,1.0000,1.0000,0.0000,0.0000,
SE10,SE,node,12961239334,node/12961239334,51.4768597,-0.0167946,The North Pole,,,,,,,,,,,,,,,131,Greenwich High Road,+44 20 8853 3020,https://www.northpolegreenwich.co.uk/,,Su-We 12:00-24:00, Th 12:00-24:30, Fr-Sa 12:00-25:00,,,,,A,0,200,https://www.northpolegreenwich.co.uk/,below_min_chars,70,,,,,,,,,,,,no_tier_a_text_relpath
SE10,SE,way,1240494108,way/1240494108,51.5041262,0.0033751,The Observatory,Nicholson's,,,,,,,,,,,,,,,,,https://www.nicholsonspubs.co.uk/restaurants/london/theobservatory,,,,,,,,,A,0,403,https://www.nicholsonspubs.co.uk/restaurants/london/theobservatory,HTTPError:403,0,,,,,,,,,,,,no_tier_a_text_relpath
SE17,SE,node,3493582134,node/3493582134,51.4851591,-0.095928,Orbit Beers Brewery Tap Room,,,,,,,,"Orbit Beers Brewery & Taproom is located in Walworth, South London, offering a welcoming space with indoor and outdoor seating. It features regular DJs, a family-friendly atmosphere, and is dog-friendly. The kitchen, run by The Dragon Flame BBQ, serves smokehouse BBQ and Sunday roasts. The venue has nine taps of Orbit Beers and various drinks available.",TRUE,TRUE,TRUE,TRUE,,,,Fielding Street,,https://orbitbeers.com/pages/taproom,,We-Fr 16:00-22:30, Sa 12:00-00:00, Su 12:00-21:30,,,,,A,1,200,https://orbitbeers.com/pages/taproom,,2697,data/tier_a_extractions/node_3493582134_8cf7e4bf23f88650.txt,1.0000,0.0000,1.0000,0.0000,1.0000,1.0000,1.0000,1.0000,0.0000,0.0000,
SE18,SE,node,3932136290,node/3932136290,51.4923617,0.0717588,SALT Woolwich,,,,,,,,SALT was born from a vision to make great craft beer for everyone.,,,,,,,15,Major Draper Street,+44 20 8316 4413,https://www.saltbeerfactory.co.uk/,,Mo-Th 16:00-23:00, Fr-Sa 12:00-23:00, Su 12:00-22:00,,,,,A,1,200,https://www.saltbeerfactory.co.uk/,,176,data/tier_a_extractions/node_3932136290_19c4d6590dcd0216.txt,0.9000,,0.0000,0.0000,0.0000,0.0000,0.0000,0.0000,0.0000,0.0000,
SE18,SE,node,958771969,node/958771969,51.4899129,0.0667107,The Great Harry,Wetherspoon,,,,,,,"The Great Harry is a pub located in Woolwich, known for its historical significance related to King Henry VIII and the establishment of a dockyard for the Great Harry, his flagship. The pub offers various facilities including Wi-Fi, TV screens, and step-free access.",,,,,,,,,,https://www.jdwetherspoon.com/pubs/the-great-harry-woolwich,Q88973883,,,,,,,,A,1,200,https://www.jdwetherspoon.com/pubs/the-great-harry-woolwich,,671,data/tier_a_extractions/node_958771969_de8bb1ddcabe03c8.txt,0.9000,0.0000,0.0000,,0.0000,0.0000,0.0000,0.0000,0.0000,0.0000,
SE27,SE,node,4232481693,node/4232481693,51.4359536,-0.1045567,Knowles of Norwood,Portobello Brewing,,,,,,,Catch every moment of the World Cup live at Knowles. The best place in Norwood to watch the game with big screens and an electric atmosphere.,,,,,,,294-296,Norwood Road,+44 20 8670 4284,https://knowlesofnorwood.co.uk/,Q116037040,"Mo-Th 11:00-23:00; Fr, Sa 11:00-00:00; Su 12:00-22:30 || Mo-Sa 11:21:00; Su 12:00-19:00 ""Kitchen""",,,,,,,A,1,200,https://knowlesofnorwood.co.uk/,,320,data/tier_a_extractions/node_4232481693_4e9c5d585af01d05.txt,0.9000,,0.0000,,0.0000,0.0000,0.0000,0.0000,0.0000,0.0000,
SE3,SE,way,479277796,way/479277796,51.4679778,0.0036919,The Hare and Billet,Greene King,,,,,,,,,,,,,,1a,Eliot Cottages,+44 20 8852 2352,https://www.hareandbillet.com/,Q16993679,Mo-Th 12:00-23:00, Fr 12:00-24:00, Sa 11:00-24:00, Su 11:00-22:30,,,,A,0,403,https://www.hareandbillet.com/,HTTPError:403,103,,,,,,,,,,,,no_tier_a_text_relpath
SE5,SE,node,12572448581,node/12572448581,51.4740302,-0.0903889,Stormbird,,,,,,,,,,,,,,,25,Camberwell Church Street,,https://stormbirdcamberwell.com,,Mo 16:00-23:00, Tu-Fr 16:00-24:00, Sa 12:30-24:00, Su 12:30-23:00,,,,A,0,200,https://stormbirdcamberwell.com,below_min_chars,141,,,,,,,,,,,,no_tier_a_text_relpath
SE6,SE,way,434179033,way/434179033,51.4446223,-0.0244596,Catford Bridge Tavern,,,,,,,,"The pub offers a Sunday roast with options for kids to eat free with every adult roast, including veggie and vegan options.",,,TRUE,,,,,Station Approach,+44 20 8690 6759,https://catfordtavern.com/,,"Mo-Th 12:00-23:00; Fr 12:00-24:00; Sa 00:00-01:00,12:00-24:00; Su 00:00-01:00,12:00-23:00",,,,,,,A,1,200,https://catfordtavern.com/,,300,data/tier_a_extractions/way_434179033_cf85860ca4b67d68.txt,1.0000,,0.0000,0.0000,0.0000,0.0000,1.0000,0.0000,0.0000,0.0000,
SW15,SW,way,1011102852,way/1011102852,51.4627,-0.2166218,The Spotted Horse,Young's,,,,,,,"The Spotted Horse is a lively pub located on Putney High Street, offering a menu of fresh, seasonal British dishes and classic pub food. It features a rooftop terrace called Putney Beach Club, ideal for enjoying drinks and live sports, including Sky Sports coverage of major events. The pub is known for its Sunday roasts and is a popular spot for celebrations.",TRUE,,TRUE,,,,120-122,Putney High Street,+44 208 788 0246,https://www.spottedhorse.co.uk/,,,,,,,,,A,1,200,https://www.spottedhorse.co.uk/,,5019,data/tier_a_extractions/way_1011102852_47b74e1a430f6480.txt,1.0000,,0.0000,,1.0000,0.0000,1.0000,0.0000,0.0000,0.0000,
SW19,SW,node,39741897,node/39741897,51.4185272,-0.1853025,The Sultan,Hop Back Brewery,,,,,,,"The Sultan is an award-winning pub located in South West London, known for its warm atmosphere and a variety of cask beers from Hop Back Brewery. It features quiz nights, cabaret, folk nights, and live music events. The pub has a walled garden and offers a small selection of food. It has received multiple CAMRA awards and is recognized for its well-kept beer and friendly staff.",TRUE,TRUE,TRUE,,,,78,Norman Road,,https://www.hopback.co.uk/our-pubs/the-sultan/,,,,,,,,,A,1,200,https://www.hopback.co.uk/our-pubs/the-sultan/,,2751,data/tier_a_extractions/node_39741897_f8cb8abced59225f.txt,1.0000,0.0000,0.8000,1.0000,1.0000,1.0000,1.0000,0.0000,0.0000,0.0000,
SW1A,SW,way,418075242,way/418075242,51.5068767,-0.1404741,Blue Posts,Greene King,,,,,,,,,,,,,,6,Bennet Street,,https://www.greeneking.co.uk/pubs/greater-london/blue-posts-st-james-s,,,,,,,,,A,1,403,https://www.greeneking.co.uk/pubs/greater-london/blue-posts-st-james-s,HTTPError:403,241,data/tier_a_extractions/way_418075242_21ac62c191ce8ea7.txt,0.0000,0.0000,0.0000,,0.0000,0.0000,0.0000,0.0000,0.0000,0.0000,
SW1H,SW,way,321967936,way/321967936,51.4999401,-0.1337243,The Old Star,Greene King,,,,,,,,,,,,,,66,Broadway,,https://www.greeneking.co.uk/pubs/greater-london/old-star,,,,,,,,,A,1,403,https://www.greeneking.co.uk/pubs/greater-london/old-star,HTTPError:403,228,data/tier_a_extractions/way_321967936_234c34f14a328f68.txt,0.0000,0.0000,0.0000,,0.0000,0.0000,0.0000,0.0000,0.0000,0.0000,
SW1V,SW,way,448420160,way/448420160,51.4918154,-0.1408772,Marquis of Westminster,Stonegate,,,,,,1839,"The Marquis of Westminster is a historic gastropub in Pimlico, transformed after refurbishment. It offers a menu of classic favorites, breakfast options, expertly crafted cocktails, and a lively atmosphere. The pub also hosts a weekly quiz and provides private hire for events.",,,TRUE,,,,50,Warwick Way,+44 20 7828 1700,https://www.thechaptercollection.co.uk/marquis-of-westminster,,"Fr,Sa 11:00-24:00; Su 12:00-22:30; Mo-Th 11:00-23:00",,,,,,,A,1,200,https://www.thechaptercollection.co.uk/marquis-of-westminster,,1279,data/tier_a_extractions/way_448420160_99bded811579396f.txt,1.0000,,1.0000,,0.0000,0.0000,1.0000,0.0000,0.0000,0.0000,
SW1W,SW,node,568198493,node/568198493,51.4910922,-0.1549035,Fox and Hounds,,,,,,,,"The Fox and Hounds is a traditional end of terrace pub known for its character and personality. It caters to a diverse clientele and offers a selection of local and international drinks. The pub does not serve food, focusing instead on providing a comfortable environment for drinks and conversation.",,,FALSE,,,,29,Passmore Street,,https://foxandhoundssw1.co.uk/,,,,,,,,,A,1,200,https://foxandhoundssw1.co.uk/,,704,data/tier_a_extractions/node_568198493_22a7099b40794c0f.txt,1.0000,0.0000,0.0000,0.0000,0.0000,0.0000,1.0000,0.0000,0.0000,0.0000,
SW1W,SW,node,3223507051,node/3223507051,51.4929364,-0.1488249,Travellers Tavern,Greene King,,,,,,,,,,,,,,4,Elizabeth Street,+44 20 7730 3957,https://www.greeneking.co.uk/pubs/greater-london/travellers-tavern,,,,,,,,,A,1,403,https://www.greeneking.co.uk/pubs/greater-london/travellers-tavern,HTTPError:403,237,data/tier_a_extractions/node_3223507051_6fa257a5e4ea561b.txt,0.0000,,0.0000,,0.0000,0.0000,0.0000,0.0000,0.0000,0.0000,
SW3,SW,node,443032351,node/443032351,51.4885827,-0.16266,The Phoenix,,,,,,,,"The Phoenix in Chelsea offers a mix of modern and traditional British food with daily specials. It features a selection of real ales, a curated wine list, classic cocktails, and an outdoor terrace.",TRUE,,TRUE,,,,23,Smith Street,+44 20 7730 9182,https://www.thephoenixchelsea.co.uk/,,,,,,,,,A,1,200,https://www.thephoenixchelsea.co.uk/,,725,data/tier_a_extractions/node_443032351_571ef950d67ba672.txt,1.0000,,0.0000,0.0000,1.0000,0.0000,1.0000,0.0000,0.0000,0.0000,
SW5,SW,node,7858027226,node/7858027226,51.4908911,-0.1825444,The Duke of Clarence,"Young & Co.'s Brewery, P.L.C",,,,,,,"A hidden gem in South Kensington, The Duke of Clarence is known for its live sports atmosphere with 5 big screens. It offers a menu featuring British pub food, including fish and chips and Sunday roasts. The pub is a great spot for dinner after sightseeing and is committed to providing an excellent experience for sports fans.",,,TRUE,,,,148,Old Brompton Road,+44 20 7373 1285,https://www.thedukeofclarencesw5.co.uk/,,,,,,,,,A,1,200,https://www.thedukeofclarencesw5.co.uk/,,2685,data/tier_a_extractions/node_7858027226_90e048b96a8f56fb.txt,1.0000,,0.0000,1.0000,0.0000,0.0000,1.0000,0.0000,0.0000,0.0000,
SW6,SW,way,151171737,way/151171737,51.4799074,-0.1960165,Bootsy Brogan's,,,,,,,,"Bootsy Brogan's is an Irish style bar in West London, offering good food and personal service during the day, and attracting a lively crowd in the evenings. It features a big screen TV showing Sky Sports.",,,TRUE,,,,1,Fulham Broadway,,https://www.allinlondon.co.uk/clubs-bars/pubs/1639-bootsy-brogans,,,,,,,,,A,1,200,https://www.allinlondon.co.uk/clubs-bars/pubs/1639-bootsy-brogans,,553,data/tier_a_extractions/way_151171737_e32359d32e4e45e2.txt,1.0000,0.0000,0.0000,0.0000,0.0000,0.0000,1.0000,0.0000,0.0000,0.0000,
SW7,SW,node,1360505703,node/1360505703,51.4940964,-0.1821606,Stanhope Arms,Greene King,,,,,,,,,,,,,,97,Gloucester Road,+44 20 7373 4192,https://www.greeneking.co.uk/pubs/greater-london/stanhope-arms,,,,,,,,,A,1,403,https://www.greeneking.co.uk/pubs/greater-london/stanhope-arms,HTTPError:403,233,data/tier_a_extractions/node_1360505703_8a09d8d9bd3a9f0a.txt,0.0000,,0.0000,,0.0000,0.0000,0.0000,0.0000,0.0000,0.0000,
SW7,SW,way,809594843,way/809594843,51.4992807,-0.1808525,The Queens Arms,,,,,,,,,,,,,,,30,Queen's Gate Mews,+44 20 7823 9293,https://www.thequeensarmskensington.co.uk/,,,,,,,,,A,0,403,https://www.thequeensarmskensington.co.uk/,HTTPError:403,0,,,,,,,,,,,,no_tier_a_text_relpath
SW9,SW,node,279391479,node/279391479,51.4706805,-0.112081,Brixton Jamm,,,,,,,,"Brixton Jamm is a party venue in South London, central to Brixton's cultural and music scene for almost 20 years, hosting artists like Skepta and Adele. The building dates back to 1750.",,,,,,,261,Brixton Road,,https://www.brixtonjamm.org/,,,,,,,,,A,1,200,https://www.brixtonjamm.org/,,408,data/tier_a_extractions/node_279391479_193d4e5ef57408d4.txt,1.0000,0.0000,0.8000,0.0000,0.5000,0.5000,0.5000,0.5000,0.5000,0.5000,
W11,W,way,357564841,way/357564841,51.5166253,-0.2057168,The Castle,,,,,,,,,,,,,,,225,Portobello Road,+44 20 7221 7103,https://www.castleportobello.co.uk,,Mo-Th 12:00-23:00, Fr-Sa 11:00-00:00, Su 12:00-20:00,,,,,A,0,403,https://www.castleportobello.co.uk,HTTPError:403,0,,,,,,,,,,,,no_tier_a_text_relpath
W12,W,way,937498584,way/937498584,51.5056366,-0.2280941,The White Horse,Stonegate,,,,,,,,,,,,,,31,Uxbridge Road,+44 20 8723 4531,https://www.craftunionpubs.com/white-horse-shepherds-bush,,,,,,,,,A,1,200,https://www.craftunionpubs.com/white-horse-shepherds-bush,,332,data/tier_a_extractions/way_937498584_5682c5e3bf5efd22.txt,0.0000,,0.0000,,0.0000,0.0000,0.0000,0.0000,0.0000,0.0000,
W14,W,way,987866346,way/987866346,51.4993171,-0.2161018,The Havelock Tavern,,,,,,,,,,,,,,,57,Masbro' Road,,https://www.havelocktavern.com/,,,,,,,,,A,0,403,https://www.havelocktavern.com/,HTTPError:403,103,,,,,,,,,,,,no_tier_a_text_relpath
W14,W,way,144667841,way/144667841,51.4953255,-0.2030862,The Warwick Arms,Fuller's,,,,,,,"The Warwick Arms in Kensington serves food including home-cooked Indian cuisine and British pub classics. It features outside seating and offers a selection of cask ales, lagers, wines, spirits, and soft drinks.",TRUE,,TRUE,,,,160,Warwick Road,+44 20 7603 3560,https://www.warwick-arms-kensington.co.uk/,,,,,,,,,A,1,200,https://www.warwick-arms-kensington.co.uk/,,940,data/tier_a_extractions/way_144667841_ec4083b62d674d3c.txt,1.0000,,0.0000,,0.8000,0.0000,1.0000,0.0000,0.0000,0.0000,
W1C,W,node,452240939,node/452240939,51.5143279,-0.1474367,Spread Eagle,Greene King,,,,,,,,,,,,,,8,Woodstock Street,+44 20 7629 4695,https://www.greeneking.co.uk/pubs/greater-london/spread-eagle,,,,,,,,,A,1,403,https://www.greeneking.co.uk/pubs/greater-london/spread-eagle,HTTPError:403,232,data/tier_a_extractions/node_452240939_e5c887b7d778630e.txt,0.0000,,0.0000,,0.0000,0.0000,0.0000,0.0000,0.0000,0.0000,
W1D,W,way,157779526,way/157779526,51.5129204,-0.1322801,Admiral Duncan,Stonegate,,,,,,,"The Admiral Duncan features vibrant bar staff and an eclectic range of customers, hosting various event nights. They offer a limited-edition duo of cocktails with a focus on taste and style.",,,,,,,54,Old Compton Street,,https://www.admiral-duncan.co.uk/soho,Q4683676,,,,,,,,A,1,200,https://www.admiral-duncan.co.uk/soho,,914,data/tier_a_extractions/way_157779526_b94e94add1ed5098.txt,0.9000,0.0000,0.0000,,0.0000,0.0000,0.0000,0.0000,0.0000,0.0000,
W1D,W,way,572506209,way/572506209,51.5108129,-0.1353585,The Queen's Head,,,,,,,1736,"The Queens Head has been a free house in Soho since 1736, offering a unique pub experience without corporate constraints. It hosts live music every Sunday evening and is located near major venues like the Piccadilly Theatre.",,TRUE,,,,,,,+44 20 7437 1540,https://www.queensheadpiccadilly.com/,,,,,,,,,A,1,200,https://www.queensheadpiccadilly.com/,,2403,data/tier_a_extractions/way_572506209_c20eceb31f6bd3e9.txt,1.0000,,1.0000,0.0000,0.0000,1.0000,0.0000,0.0000,0.0000,0.0000,
W1D,W,way,288392857,way/288392857,51.5151219,-0.1331395,The Toucan,,,,,,,,,,,,,,,19,Carlisle Street,+44 20 7437 4123,https://www.thetoucansoho.co.uk/,,Mo-Tu 16:00-23:00, We-Sa 13:00-23:00, Su off,,,,,A,0,200,https://www.thetoucansoho.co.uk/,below_min_chars,29,,,,,,,,,,,,no_tier_a_text_relpath
W1H,W,node,10582361575,node/10582361575,51.5193391,-0.1614773,The Duke of Wellington,,,,,,,,"The Duke of Wellington aims to create a welcoming community pub in London, offering excellent food, a variety of beers, and quality wines. After closing in March 2016, it reopened in October 2020 following extensive refurbishment.",,,TRUE,,,,94A,Crawford Street,,https://thedukew1h.co.uk/,Q21008653,,,,,,,,A,1,200,https://thedukew1h.co.uk/,,829,data/tier_a_extractions/node_10582361575_212b5515109f9cc8.txt,1.0000,0.0000,0.0000,0.0000,0.0000,0.0000,1.0000,0.0000,0.0000,0.0000,
W1K,W,way,631474504,way/631474504,51.5041033,-0.1489078,Rose & Crown,Greene King,,,,,,,,,,,,,,2,Old Park Lane,,https://www.greeneking.co.uk/pubs/greater-london/rose-and-crown,,,,,,,,,A,1,403,https://www.greeneking.co.uk/pubs/greater-london/rose-and-crown,HTTPError:403,234,data/tier_a_extractions/way_631474504_ca10f6dbbbafa1dd.txt,0.0000,0.0000,0.0000,,0.0000,0.0000,0.0000,0.0000,0.0000,0.0000,
W1T,W,way,750447445,way/750447445,51.5225133,-0.1357722,Fitzrovia Belle,,,,,,,,"A community pub on Tottenham Court Road offering friendly service and a large food menu with classic pub favorites, daily specials, and a traditional Sunday Roast. It features two bars with a wide range of drinks and can host various events. The pub also has five boutique hotel rooms.",,,TRUE,,,TRUE,174,Tottenham Court Road,020 7387 7149,https://www.bellepubsandrestaurants.co.uk/fitzroviabelle,,,,,,,,,A,1,200,https://www.bellepubsandrestaurants.co.uk/fitzroviabelle,,1300,data/tier_a_extractions/way_750447445_a7f8a42680ced804.txt,1.0000,1.0000,0.0000,0.0000,0.0000,0.0000,1.0000,0.0000,0.0000,1.0000,
W1T,W,way,98535852,way/98535852,51.5192265,-0.1357686,The Queen Charlotte,BrewDog,,,,,,,,,,,,,,43,Goodge Street,+44 20 7323 9361,https://www.thequeencharlotte.co.uk/,,Mo-Sa 12:00-23:00, Su off,,,,,,A,0,200,https://www.thequeencharlotte.co.uk/,short_extract,0,,,,,,,,,,,,no_tier_a_text_relpath
W1W,W,way,276146932,way/276146932,51.5193164,-0.1407249,Crown & Sceptre,,,,,,,,,,,,,,,86,Great Titchfield Street,+44 20 7307 9971,https://www.thecrownandsceptrew1.co.uk/,,Mo-Sa 10:00-23:00, Su 12:00-22:30,,,,,,A,0,403,https://www.thecrownandsceptrew1.co.uk/,HTTPError:403,0,,,,,,,,,,,,no_tier_a_text_relpath
W2,W,way,121101761,way/121101761,51.5191374,-0.1953635,The Cow,,,,,,,,"The Cow is a vibrant venue known for its friendliness and cheer, specializing in Guinness and oysters. It offers prime pub fare with Northern European influences, featuring dishes like Fish stew, Bangers & Mash, and a Deluxe Seafood Platter.",,,TRUE,,,,89,Westbourne Park Road,,https://thecowlondon.com,,,,,,,,,A,1,200,https://thecowlondon.com,,525,data/tier_a_extractions/way_121101761_015e2810310a4b73.txt,1.0000,0.0000,0.0000,0.0000,0.0000,0.0000,1.0000,0.0000,0.0000,0.0000,
W2,W,way,739178496,way/739178496,51.5149697,-0.1763335,The Pride of Paddington,,,,,,,,"The Pride of Paddington is a Central London pub offering a variety of drinks, food, and live sports events. They will show the Womens Six Nations Championships and FIFA World Cup 2026 on big screens, providing a lively atmosphere. Accommodation packages are available for select stays.",,,TRUE,,,TRUE,1-3,Craven Road,+44 20 7402 2156,https://www.theprideofpaddington.co.uk/,,,,,,,,,A,1,200,https://www.theprideofpaddington.co.uk/,,1212,data/tier_a_extractions/way_739178496_888157e7325bba48.txt,0.9000,,0.0000,0.0000,0.5000,0.5000,0.8000,0.5000,0.5000,0.8000,
W2,W,way,756311627,way/756311627,51.5173989,-0.1955377,The Prince Bonaparte,,,,,,,,,,,,,,,80,Chepstow Road,+44 20 7313 9491,https://www.theprincebonapartew2.co.uk/,,,,,,,,,A,1,403,https://www.theprincebonapartew2.co.uk/,HTTPError:403,210,data/tier_a_extractions/way_756311627_ea5ba96a8401c22b.txt,0.0000,,0.0000,0.0000,0.0000,0.0000,0.0000,0.0000,0.0000,0.0000,
W2,W,way,744634826,way/744634826,51.5134848,-0.1712024,The Victoria,Fuller's,,,,,,,,,,TRUE,,,,10a,Strathearn Place,,https://www.victoriapaddington.co.uk/,Q17030403,,,,,,,,A,1,200,https://www.victoriapaddington.co.uk/,,644,data/tier_a_extractions/way_744634826_644c625a1d739660.txt,0.0000,0.0000,0.0000,,0.0000,0.0000,1.0000,0.0000,0.0000,0.0000,
W5,W,node,293970330,node/293970330,51.5040481,-0.3059067,Rose and Crown,Fuller's,,,,,,,,,,TRUE,,,,1,Church Place,,https://www.roseandcrownealing.co.uk/,,,,,,,,,A,1,200,https://www.roseandcrownealing.co.uk/,,644,data/tier_a_extractions/node_293970330_e5ca65a64f22723f.txt,0.0000,0.0000,0.0000,,0.0000,0.0000,1.0000,0.0000,0.0000,0.0000,
W6,W,node,419139634,node/419139634,51.4893442,-0.2290789,The Old City Arms,Stonegate,,,,,,,"There's food for any occasion at your nearest pub, including small plates, sharers, grills, burgers, and pub favourites. Food options differ at each pub.",,,TRUE,,,,,,,https://www.greatlocalpubs.co.uk/404,,,,,,,,,A,1,200,https://www.greatlocalpubs.co.uk/404,,255,data/tier_a_extractions/node_419139634_4a9d15c86f32cdb7.txt,0.9000,0.0000,0.0000,,0.0000,0.0000,1.0000,0.0000,0.0000,0.0000,
W6,W,way,176677099,way/176677099,51.4903483,-0.2398601,The Old Ship,Young's,,,,,,,"The Old Ship is an iconic riverside pub in Hammersmith, offering stunning views of the Thames, seasonal British food, and a relaxed atmosphere for drinks and celebrations. It features private hire spaces for events and is known for its Sunday roasts and wedding settings.",,,TRUE,,,,25,Upper Mall,+44 20 8748 2593,https://www.oldshiphammersmith.co.uk/,,Mo-Th 11:00-23:00, Fr 12:00-23:00, Sa 12:00-23:00, Su 12:00-22:00,,,,A,1,200,https://www.oldshiphammersmith.co.uk/,,4749,data/tier_a_extractions/way_176677099_c0fe824cda751dbd.txt,1.0000,,0.0000,,0.0000,0.0000,1.0000,0.0000,0.0000,0.0000,
W8,W,way,128292693,way/128292693,51.5020851,-0.1877493,Goat Tavern,Greene King,,,,,,,,,,,,,,3,Kensington High Street,,https://www.greeneking.co.uk/pubs/greater-london/goat-tavern,Q23301475,"Mo-Th 12:00-23:00; Fr,Sa 12:00-24:00; Su 12:00-22:00",,,,,,,A,1,403,https://www.greeneking.co.uk/pubs/greater-london/goat-tavern,HTTPError:403,231,data/tier_a_extractions/way_128292693_4faa051147b2dfdd.txt,0.0000,0.0000,0.0000,,0.0000,0.0000,0.0000,0.0000,0.0000,0.0000,
W8,W,way,829086948,way/829086948,51.49646,-0.1972511,The Hansom Cab,,,,,,,,,,,,,,,84-86,Earl's Court Road,,https://thehansomcab.com/,Q18160134,,,,,,,,A,0,200,https://thehansomcab.com/,short_extract,0,,,,,,,,,,,,no_tier_a_text_relpath
W8,W,way,112673208,way/112673208,51.5089768,-0.1949996,The Old Swan,Greene King,,,,,,,,,,,,,,206,Kensington Church Street,,https://www.greeneking.co.uk/pubs/greater-london/old-swan,,"Su-We 12:00-23:00, Th 12:00-24:00, Fr,Sa 12:00-01:00",,,,,,,A,1,403,https://www.greeneking.co.uk/pubs/greater-london/old-swan,HTTPError:403,228,data/tier_a_extractions/way_112673208_51a4b1e7cca8a739.txt,0.0000,0.0000,0.0000,,0.0000,0.0000,0.0000,0.0000,0.0000,0.0000,
WC1N,WC,node,25475914,node/25475914,51.5210917,-0.1228519,The Swan,Greene King,,,,,,,,,,,,,,,,,https://www.greeneking.co.uk/pubs/greater-london/swan,,,,,,,,,A,1,403,https://www.greeneking.co.uk/pubs/greater-london/swan,HTTPError:403,224,data/tier_a_extractions/node_25475914_82532750be922a79.txt,0.0000,0.0000,0.0000,,0.0000,0.0000,0.0000,0.0000,0.0000,0.0000,
WC1X,WC,way,85817497,way/85817497,51.5307642,-0.1199055,The Big Chill House,,,,,,,,"The Big Chill House offers a menu powered by Chick'n Sours, featuring fried chicken designed for sharing and pairing with drinks. It's a place for fueling up before DJs or enjoying late-night bites.",,,TRUE,,,,257-259,Pentonville Road,+44 20 7427 2540,https://www.bigchillbar.com/,Q26407136,,,,,,,,A,1,200,https://www.bigchillbar.com/,,318,data/tier_a_extractions/way_85817497_e2411b42a97c1e8d.txt,1.0000,,0.0000,0.0000,0.0000,0.0000,1.0000,0.0000,0.0000,0.0000,
WC2B,WC,node,312156665,node/312156665,51.5145794,-0.121732,The Prince of Wales,Greene King,,,,,,,,,,,,,,150-151,Drury Lane,,https://www.greeneking.co.uk/pubs/greater-london/prince-of-wales,,,,,,,,,A,1,403,https://www.greeneking.co.uk/pubs/greater-london/prince-of-wales,HTTPError:403,235,data/tier_a_extractions/node_312156665_424ae4f3edf25743.txt,0.0000,0.0000,0.0000,,0.0000,0.0000,0.0000,0.0000,0.0000,0.0000,
