calc_postcode_district,calc_postcode_area,osm_type,osm_id,id,lat,lon,name,operator,photo_url1,photo_url2,photo_url3,photo_url4,photo_url5,founded,description,has_pub_garden,has_live_music,has_food_available,has_dog_friendly,has_pool_darts,has_accommodation,addr_housenumber,addr_street,phone,website,wikidata,opening_hours,opening_hours_a,opening_hours_b,opening_hours_c,opening_hours_d,opening_hours_e,opening_hours_f
CB21,CB,node,17708621,node/17708621,52.1833653,0.2217954,Six Bells,Pubmaster,https://commons.wikimedia.org/wiki/Special:FilePath/Fulbourn_-_Six_Bells%2C_High_Street.jpg,,,,,,"pub in Fulbourn, South Cambridgeshire, England, UK",,,,,,,9,High Street,,https://www.sixbellsfulbourn.co.uk/,Q26457166,,,,,,,
CB1,CB,node,20458787,node/20458787,52.1984389,0.1422292,Earl of Beaconsfield,,,,,,,,,,,,,,,133,Mill Road,+44 1223 483447,https://www.earlofbeaconsfieldcambridge.co.uk/,,Mo-We 16:00-23:00; Th 12:00-23:00; Fr-Su 12:00-24:00,,,,,,
CB1,CB,node,20458870,node/20458870,52.1991085,0.1472394,The Empress,,,,,,,,,,,,,,,72,Thoday Street,,,,"Su-Th 16:00-23:00, Fr,Sa 16:00-00:30",,,,,,
CB1,CB,node,20823843,node/20823843,52.2047799,0.1303831,The Free Press,,https://commons.wikimedia.org/wiki/Special:FilePath/The_Free_Press_-_geograph.org.uk_-_710691.jpg,,,,,,"public house in Cambridge, UK",,,,,,,7,Prospect Row,,https://www.freepresscambridge.com/,Q55099458,Tu-Sa 12:00-23:00; Su 12:00-21:00,,,,,,
CB1,CB,node,20823855,node/20823855,52.2051547,0.1294263,The Elm Tree,,,,,,,,,,,,,,,16a,Orchard Street,+44 1223 502 632,http://theelmtreecambridge.co.uk/,,Mo-Sa 11:00-23:00,,,,,,
CB1,CB,node,20826694,node/20826694,52.2023787,0.1391899,Cambridge Blue,,,,,,,,,,,,,,,85-87,Gwydir Street,+441223471680,https://cambridge.pub/the-blue/,,Mo-Sa 12:00-23:00; Su 12:00-22:30,,,,,,
CB1,CB,node,20827166,node/20827166,52.1993383,0.1392595,White Swan,,,,,,,,,,,,,,,109,Mill Road,,https://whiteswanpubcambridge.co.uk/,,"Mo-Th 16:00-01:00, Fr 15:00-01:00, Sa 12:00-01:00, Su 12:00-24:00",,,,,,
CB2,CB,node,20921875,node/20921875,52.2089164,0.1181145,Baron of Beef,Greene King,https://commons.wikimedia.org/wiki/Special:FilePath/The_Baron_of_Beef_-_geograph.org.uk_-_786028.jpg,,,,,,"pub in Cambridge, Cambridgeshire, England, UK",,,,,,,19,Bridge Street,,https://www.greeneking.co.uk/pubs/cambridgeshire/baron-of-beef,Q7715679,,,,,,,
CB2,CB,node,20921876,node/20921876,52.2088653,0.1182051,The Mitre,Nicholson's,https://commons.wikimedia.org/wiki/Special:FilePath/The_Mitre%2C_Cambridge.jpg,,,,,,"pub in Cambridge, Cambridgeshire, England, UK",,,,,,,17,Bridge Street,,https://www.nicholsonspubs.co.uk/restaurants/eastofengland/themitrecambridge#/,Q26419234,,,,,,,
CB1,CB,node,20922152,node/20922152,52.2073062,0.1244397,Champion of the Thames,,https://commons.wikimedia.org/wiki/Special:FilePath/DSCN1703-champion-of-the-thames.jpg,,,,,,"pub in King Street, Cambridge, England",,,,,,,68,King Street,,https://thechampionofthethames.com/,Q7722052,"Mo-Th 16:00-23:00; Fr,Sa 12:00-23:00; Su 16:00-22:00",,,,,,
CB2,CB,node,20922155,node/20922155,52.1999887,0.1270451,Prince Regent,,,,,,,,,,,,,,,91,Regent Street,,https://www.greeneking.co.uk/pubs/cambridgeshire/prince-regent,,,,,,,,
CB2,CB,node,20922157,node/20922157,52.203079,0.1237329,The Castle Bar,Greene King,,,,,,,,,,,,,,37,St Andrew's Street,,https://www.thecastlebarcambridge.com/,,,,,,,,
CB1,CB,node,20922173,node/20922173,52.2072308,0.1216997,d'Arry's,,,,,,,,,,,,,,,2-4,King Street,,https://www.darrys.co.uk/,,"Mo-Th 11:30-22:00; Fr-Sa 11:30-23:00; Su 11:30-18:00 ""Wine Bar & Restaurant"" || We-Th 17:00-22:00; Fr 17:00-00:00; Sa 12:00-00:00; Su 12:00-17:00 ""Liquor Loft""",,,,,,
CB4,CB,node,20940218,node/20940218,52.2141817,0.1254885,The Waterman,,,,,,,,,,,,,,,32,Chesterton Road,+44 1223 323813,https://www.thewatermancambridge.com,,,,,,,,
CB3,CB,node,20940220,node/20940220,52.2105324,0.113247,The Punter,,,,,,,,,,,,,,,3,Pound Hill,,https://www.thepuntercambridge.com/,,,,,,,,
CB4,CB,node,20940431,node/20940431,52.2157616,0.1142635,Carpenters Arms,,,,,,,,,,,,,,,182-186,Victoria Road,,https://www.carpentersarmscambridge.com/,,Mo-Sa 12:00-23:00; Su 12:00-21:00,,,,,,
CB4,CB,node,21137287,node/21137287,52.2179459,0.1454823,Green Dragon,,https://commons.wikimedia.org/wiki/Special:FilePath/The_Green_Dragon_-_geograph.org.uk_-_774974.jpg,,,,,,"inn in Cambridge, Cambridgeshire, England, UK",,,,,,,5,Water Street,,https://greendragoncambridge.co.uk/,Q26419012,,,,,,,
CB2,CB,node,21391223,node/21391223,52.1964242,0.1249433,Panton Arms,,https://commons.wikimedia.org/wiki/Special:FilePath/Panton_Arms_-_geograph.org.uk_-_1581849.jpg,,,,,,"pub in Cambridge, UK",,,,,,,43,Panton Street,,https://thepantonarms.co.uk/,Q15990214,,,,,,,
CB2,CB,node,21391227,node/21391227,52.1959875,0.1253729,The Alma,,,,,,,,,,,,,,,26,Russell Court,,https://thealmacambridge.co.uk/,,"Mo,Tu 16:00-24:00, We-Su 12:00-24:00",,,,,,
CB2,CB,node,21642213,node/21642213,52.1765857,0.1130565,Green Man,,https://commons.wikimedia.org/wiki/Special:FilePath/The_Green_Man_-_geograph.org.uk_-_767412.jpg,,,,,,"inn in Cambridge, Cambridgeshire, England, UK",,,,,,,55,"High Street, Trumpington",,https://www.thegreenmantrumpington.com/,Q26419171,,,,,,,
CB2,CB,node,21642521,node/21642521,52.1745617,0.112904,Hudson's Ale House,,,,,,,,,,,,,,,77,High Street,+44 1223 570042,https://hudsons.pub/,,,,,,,,
CB3,CB,node,23719482,node/23719482,52.1833304,0.0940465,Blue Ball Inn,,,,,,,,,,,,,,,57,Broadway,+44 1223 846004,https://www.blueballgrantchester.co.uk/,,We-Sa 12:00-22:00; Su 12:00-19:00,,,,,,
CB1,CB,node,24672502,node/24672502,52.1892439,0.1530615,The Dumpling Tree,,,,,,,,,,,,,,,,Perne Road,,https://www.thedumplingtree.com/,,"Su-Th 11:30-21:30; Fr,Sa 11:30-22:30",,,,,,
CB1,CB,node,24673114,node/24673114,52.188595,0.1398253,Rathmore Club,,,,,,,,,,,,,,,,Cherry Hinton Road,,https://rathmore-club.goto-where.com/,,,,,,,,
CB1,CB,node,25285250,node/25285250,52.1989253,0.1390513,Devonshire Arms,Individual Pubs Ltd,,,,,,,,,,,,,,1,Devonshire Road,+44 1223 318610,https://www.individualpubs.co.uk/devonshire/,,Mo-We 16:00-23:00; Th-Sa 12:00-23:00; Su 12:00-22:30,,,,,,
CB1,CB,node,25285271,node/25285271,52.1983154,0.1354166,Salisbury Arms,,,,,,,,,,,,,,,76,Tenison Road,,https://www.salisburyarmscambridge.co.uk/,,,,,,,,
CB1,CB,node,25285273,node/25285273,52.1993737,0.1351376,Live & Let Live,,,,,,,,,,,,,,,40,Mawson Road,,,,,,,,,,
CB1,CB,node,25288641,node/25288641,52.1875591,0.1467045,The Rock,Greene King,,,,,,,,,,,,,,200,Cherry Hinton Road,,https://www.greeneking.co.uk/pubs/cambridgeshire/rock,,11:00-23:00,,,,,,
CB24,CB,node,25612057,node/25612057,52.2549151,0.1041496,King William IV,,https://commons.wikimedia.org/wiki/Special:FilePath/Histon%2C_The_King_William_IV_-_geograph.org.uk_-_3800038.jpg,,,,,,"pub in Histon, South Cambridgeshire, England, UK",,,,,,,8,Church Street,,https://www.kingbillhiston.co.uk/,Q26420307,"Mo,Tu 16:30-18:30; Th 16:30-22:00; We 16:30-20:30; Fr 15:30-22:00; Sa 12:00-20:00; Su 12:00-18:00",,,,,,
CB22,CB,node,25779979,node/25779979,52.1402923,0.1229162,The SideQuest,,,,,,,,,,,,,,,,,+44 1223 843901,https://www.thenavigator-thai.co.uk/,,,,,,,,
CB25,CB,node,26113438,node/26113438,52.25186,0.2952122,Red Lion,,https://commons.wikimedia.org/wiki/Special:FilePath/The_Red_Lion%2C_Swaffham_Prior_-_geograph.org.uk_-_1181704.jpg,,,,,,"pub in Swaffham Prior, East Cambridgeshire, Cambridgeshire, England, UK",,,,,,,,,,https://www.redlion-sp.co.uk/,Q26419962,,,,,,,
CB7,CB,node,26117016,node/26117016,52.3116378,0.3034194,Maid's Head,,https://commons.wikimedia.org/wiki/Special:FilePath/Wicken_buildings_(geograph_6725858).jpg,,,,,,"pub in Wicken, East Cambridgeshire, England, UK",,,,,,,,,,https://www.maidshead.co.uk/,Q26419384,,,,,,,
CB21,CB,node,26531001,node/26531001,52.1167337,0.2388543,Three Tuns,,https://commons.wikimedia.org/wiki/Special:FilePath/The_Three_Tuns%2C_Great_Abington_-_geograph.org.uk_-_1597135.jpg,,,,,,"pub in Great Abington, South Cambridgeshire, England, UK",,,,,,,,,,https://www.thethreetuns-greatabington.co.uk/,Q26420600,,,,,,,
CB23,CB,node,26660989,node/26660989,52.2397665,0.0219337,Black Horse,,https://commons.wikimedia.org/wiki/Special:FilePath/The_Black_Horse_Inn%2C_Dry_Drayton_-_geograph.org.uk_-_7547651.jpg,,,,,,"pub in Dry Drayton, South Cambridgeshire, England, UK",,,,,,,35,Park Street,,https://www.blackhorsedrydrayton.com/,Q26420662,,,,,,,
CB25,CB,node,26976846,node/26976846,52.2715375,0.1889567,Brewery Tap,,,,,,,,,,,,,,,,,,,,,,,,,,
CB24,CB,node,29676417,node/29676417,52.2960988,-0.0378902,The Three Tuns,,https://commons.wikimedia.org/wiki/Special:FilePath/The_Three_Tuns_inn_at_Fen_Drayton_(geograph_4071799).jpg,,,,,,"inn in Fen Drayton, South Cambridgeshire, England, UK",,,,,,,,High Street,,https://threetunsfendrayton.co.uk/,Q17544354,,,,,,,
CB21,CB,node,30152966,node/30152966,52.0979157,0.2772189,Dog & Duck,,https://commons.wikimedia.org/wiki/Special:FilePath/Dog%26Duck%2C_Linton%2C_Cambridgeshire.jpg,,,,,,"inn in Linton, South Cambridgeshire, England, UK",,,,,,,63,High Street,,https://www.dogandduck-linton.co.uk/,Q26456060,,,,,,,
CB21,CB,node,30152969,node/30152969,52.0962236,0.2745235,The Crown,,,,,,,,,,,,,,,,,,https://crownatlinton.co.uk/,,,,,,,,
CB21,CB,node,30153028,node/30153028,52.0975045,0.2832695,Waggon & Horses,,https://commons.wikimedia.org/wiki/Special:FilePath/Linton_buildings_(7)_(geograph_6170932).jpg,,,,,,"pub in Linton, South Cambridgeshire, England, UK",,,,,,,110,High Street,,,Q26420570,,,,,,,
CB22,CB,node,33129159,node/33129159,52.1246992,0.0994388,Queen's Head,,https://commons.wikimedia.org/wiki/Special:FilePath/The_Queen's_Head%2C_Newton_Cambs.JPG,,,,,,"pub in Newton, South Cambridgeshire, England, UK",,,,,,,,,,https://www.queensheadnewton.co.uk/,Q26458558,,,,,,,
CB23,CB,node,33129704,node/33129704,52.1823617,0.0567843,The Hoops,,https://commons.wikimedia.org/wiki/Special:FilePath/The_Hoops%2C_Barton_-_geograph.org.uk_-_705377.jpg,,,,,,"pub in Barton, South Cambridgeshire, England, UK",,,,,,,,,,https://the-hoops.co.uk/,Q26596670,,,,,,,
CB10,CB,node,41036541,node/41036541,52.0839352,0.1821939,Red Lion,,https://commons.wikimedia.org/wiki/Special:FilePath/The_Red_Lion%2C_Hinxton_-_geograph.org.uk_-_757970.jpg,,,,,,"pub in Hinxton, South Cambridgeshire, England, UK",,,,,,,32,High Street,+44 1799 530 601,https://redlionhinxton.co.uk/,Q26420952,,,,,,,
CB23,CB,node,60850826,node/60850826,52.1541094,0.0124804,The Wheatsheaf,,,,,,,,,,,,,,,,Cambridge Road,,http://www.lapergolacambridge.co.uk/the-wheatsheaf/,,,,,,,,
CB24,CB,node,148190061,node/148190061,52.3101619,0.0548797,The Porterhouse,,,,,,,,,,,,,,,1,Station Road,,https://theporterhousepub.com/,,"Mo-Sa 17:00-23:00, Su 12:00-15:00",,,,,,
CB6,CB,node,255594710,node/255594710,52.3486154,0.2189977,Red Lion,,,,,,,,,,,,,,,47,High Street,,https://www.theredlionstretham.co.uk/,,,,,,,,
CB1,CB,node,262797752,node/262797752,52.2074415,0.1222216,The Cambridge Brew House,,,,,,,,,,,,,,,1,King Street,+44 1223 855185,https://www.thecambridgebrewhouse.com/,,"Mo-Th 11:00-23:30; Fr, Sa 11:00-00:00; Su 11:00-22:30",,,,,,
CB2,CB,node,302381593,node/302381593,52.2006666,0.1197199,Little Rose,,https://commons.wikimedia.org/wiki/Special:FilePath/37_Trumpington_Street%2C_Cambridge.jpg,,,,,,"inn in Cambridge, Cambridgeshire, England, UK",,,,,,,37,Trumpington Street,,https://www.littlerosecambridge.com/,Q26626687,"Mo-Sa 12:00-23:00, Su 12:00-22:00",,,,,,
CB25,CB,node,304736366,node/304736366,52.2799663,0.3247658,The Fox,,https://commons.wikimedia.org/wiki/Special:FilePath/The_Fox%2C_Burwell_-_geograph.org.uk_-_1225087.jpg,,,,,,"pub in Burwell, East Cambridgeshire, England, UK",,,,,,,2,North Street,,https://www.thefoxburwell.co.uk/,Q26419376,,,,,,,
CB25,CB,node,304736391,node/304736391,52.284466,0.324657,The Anchor,,,,,,,,,,,,,,,63,North Street,,https://www.theanchorburwell.co.uk/,,,,,,,,
CB25,CB,node,304736523,node/304736523,52.2712636,0.3277123,The Five Bells,,,,,,,,,,,,,,,44,High Street,,https://www.fivebellsburwell.co.uk/,,,,,,,,
CB1,CB,node,429597760,node/429597760,52.2046367,0.1275966,The Clarendon Arms,,,,,,,,,,,,,,,35-36,Clarendon Street,,https://www.theclarendonarms.com/,,"Mo-Th 12:00-23:00; Fr,Sa 12:00-23:30; Su 12:00-22:00",,,,,,
CB7,CB,node,473728763,node/473728763,52.3289283,0.3479971,Carpenters Arms,,,,,,,,,,,,,,,76,Brook Street,,https://www.carpentersarmswilbraham.co.uk/,,,,,,,,
CB7,CB,node,473728905,node/473728905,52.3342618,0.3368668,The Fountain,,https://commons.wikimedia.org/wiki/Special:FilePath/The_Fountain%2C_Soham_-_geograph.org.uk_-_4351924.jpg,,,,,,"pub in Soham, East Cambridgeshire, England, UK",,,,,,,1,Churchgate Street,,https://www.craftunionpubs.com/fountain-soham,Q26454435,,,,,,,
CB7,CB,node,473729205,node/473729205,52.3344962,0.3379195,Comrades Club,,,,,,,,,,,,,,,3,Market Street,,https://sohamcomradesclub.co.uk/,,,,,,,,
CB7,CB,node,473729209,node/473729209,52.331818,0.3385115,Red Lion,,https://commons.wikimedia.org/wiki/Special:FilePath/Red_Lion_pub%2C_Soham.jpg,,,,,,"pub in Soham, East Cambridgeshire, England, UK",,,,,,,17,High Street,,https://www.redlionsoham.com/,Q26596815,,,,,,,
CB7,CB,node,473729213,node/473729213,52.3311149,0.3390493,The Ship,,,,,,,,,,,,,,,2,High Street,,,,,,,,,,
CB3,CB,node,1594688118,node/1594688118,52.2120376,0.1130864,Architect,,,,,,,,,,,,,,,43,Castle Street,,,,,,,,,,
CB3,CB,node,1594688120,node/1594688120,52.2119866,0.1134995,The Castle Inn,Adnams,https://commons.wikimedia.org/wiki/Special:FilePath/The_Castle_Inn_-_geograph.org.uk_-_3519208.jpg,,,,,,"pub in Cambridge, Cambridgeshire, England, UK",,,,,,,38,Castle Street,,https://www.thecastleinn.pub/,Q26405672,Mo-Su 12:00-23:00,,,,,,
CB1,CB,node,1832280892,node/1832280892,52.2072285,0.1252435,King Street Run,,https://commons.wikimedia.org/wiki/Special:FilePath/The_King_Street_Run_-_geograph.org.uk_-_4008241.jpg,,,,,,"pub in Cambridge, Cambridgeshire, England, UK",,,,,,,86-88,King Street,,,Q6412095,"Mo-Th 15:00-23:00, Fr,Sa 11:00-24:00, Su 12:00-23:00",,,,,,
CB2,CB,node,2021774032,node/2021774032,52.2006592,0.1266794,The Grain & Hop Store,Greene King,,,,,,,,,,,,,,,Regent Terrace,,https://www.greeneking.co.uk/pubs/cambridgeshire/grain-and-hop-store,,,,,,,,
CB2,CB,node,2538127975,node/2538127975,52.2042033,0.1191156,The Pint Shop,,,,,,,,,,,,,,,10,Peas Hill,,https://www.pintshop.co.uk/,,,,,,,,
CB1,CB,node,4820111626,node/4820111626,52.1949073,0.1376457,Station Tavern,Young's,,,,,,,,,,,,,,2,Station Square,,https://www.thestationtavern.co.uk/,,,,,,,,
CB1,CB,node,5676057080,node/5676057080,52.1946413,0.1377721,Old Ticket Office,,,,,,,,,,,,,,,,Station Road,,https://www.oldticketoffice.com/,,"Mo 12:00-22:00; Tu-Th 12:00-23:00; Fr,Sa 12:00-24:00; Su 12:00-21:00",,,,,,
CB22,CB,node,8423728790,node/8423728790,52.144507,0.1472315,The Three Horseshoes,,,,,,,,,,,,,,,,,,https://threehorseshoes-pub.com/,,"Mo,Tu 16:00-22:00; We-Sa 12:00-23:00; Su 12:00-22:00",,,,,,
CB5,CB,node,9042161425,node/9042161425,52.2084986,0.1392105,The Bird or Worm?,,,,,,,,,,,,,,,122,Newmarket Road,,https://thebirdorworm.com/,,Mo-We 11:00-19:00; Th 11:00-21:00; Fr 11:00-23:00,,,,,,
CB2,CB,node,13142721772,node/13142721772,52.2028241,0.1235286,The Regal - JD Wetherspoon,,,,,,,,,,,,,,,,,,https://www.jdwetherspoon.com/pubs/the-regal-cambridge/,,,,,,,,
CB1,CB,way,37800469,way/37800469,52.2012883,0.1407105,The Petersfield,,,,,,,,,,,,,,,2,Sturton Street,,https://www.thepetersfield.co.uk/,,,,,,,,
CB5,CB,way,45827856,way/45827856,52.2096423,0.1192179,The Maypole,Tolly Cobbold,https://commons.wikimedia.org/wiki/Special:FilePath/The_Maypole_-_geograph.org.uk_-_744248.jpg,,,,,,"pub in Cambridge, England",,,,,,,20a,Portugal Place,+44 1223 352999,https://www.maypolefreehouse.co.uk/,Q113995971,"Su-Fr 12:00-14:30,17:30-23:00; Sa 12:00-23:00",,,,,,
CB1,CB,way,49810020,way/49810020,52.1841374,0.1723581,Robin Hood,Greene King,https://commons.wikimedia.org/wiki/Special:FilePath/The_Robin_Hood_and_Little_John%2C_Cherry_Hinton_-_geograph.org.uk_-_609477.jpg,,,,,,"pub in Cambridge, England",,,,,,,1,Fulbourn Road,,https://www.greeneking-pubs.co.uk/pubs/cambridgeshire/robin-hood/,Q26491050,,,,,,,
CB1,CB,way,50928339,way/50928339,52.2038818,0.139364,The Alex,Greene King,,,,,,,,,,,,,,22-24,Gwydir Street,,https://www.thealexcambridge.com/,,,,,,,,
CB1,CB,way,52115600,way/52115600,52.2054567,0.1400361,Dobblers Inn,,,,,,,,,,,,,,,184,Sturton Street,,https://www.thedobblers.com/,,Mo-Th 14:00-23:00; Fr 13:30-23:00; Sa 12:00-23:00; Su 12:00-22:30,,,,,,
CB1,CB,way,67665889,way/67665889,52.2036588,0.1421985,The Geldart,,,,,,,,,,,,,,,1,Ainsworth Street,,https://www.the-geldart.co.uk/,,Tu-Th 17:00-23:00; Fr 17:00-24:00+; Sa 12:00-24:00+; Su 12:00-23:00,,,,,,
CB23,CB,way,74341420,way/74341420,52.2181331,-0.0678888,Monkfield Arms,,,,,,,,,,,,,,,1,Monkfield Lane,,https://www.monkfieldarmspub.co.uk/,,,,,,,,
CB24,CB,way,95941903,way/95941903,52.2516062,0.1062871,The Boot,Heartwood Inns,https://commons.wikimedia.org/wiki/Special:FilePath/Histon%2C_The_Boot_-_geograph.org.uk_-_2265065.jpg,,,,,,"pub in Histon, Cambridgeshire, England, UK",,,,,,,1,High Street,+44 1223 209010,https://boothiston.com/,Q26616194,Mo-Sa 12:00-23:00; Su 12:00-22:00,,,,,,
CB24,CB,way,95941914,way/95941914,52.2527426,0.1043253,The Red Lion,,,,,,,,,,,,,,,27,High Street,,https://theredlionhiston.co.uk/,,,,,,,,
CB24,CB,way,96886062,way/96886062,52.251816,0.1057326,The Barley Mow,,,,,,,,,,,,,,,7,High Street,,https://www.barleymowhiston.co.uk/,,Mo-Su 12:00-22:00+,,,,,,
CB23,CB,way,101893151,way/101893151,52.255071,0.0206319,The Fox,,,,,,,,,,,,,,,,,,https://www.foxbarhill.com/,,,,,,,,
CB4,CB,way,104927159,way/104927159,52.2227498,0.1364193,Milton Arms,Hungry Horse,,,,,,,,,,,,,,,Milton Road,,https://www.hungryhorse.co.uk/pubs/cambridgeshire/milton-arms/,,,,,,,,
CB3,CB,way,108883430,way/108883430,52.1803892,0.0955864,Red Lion,,,,,,,,,,,,,,,33,High Street,,https://www.metropolitanpubcompany.com/our-pubs/the-red-lion/,,,,,,,,
CB4,CB,way,110256311,way/110256311,52.2136541,0.123844,The Tivoli,City Pub Group,https://commons.wikimedia.org/wiki/Special:FilePath/The_Graduate_(aka_Barfly)%2C_Chesterton_Road_-_geograph.org.uk_-_823351.jpg,,,,,,"pub in Cambridge, Cambridgeshire, England, UK",,,,,,,16,Chesterton Road,,https://www.thetivoli.co.uk/,Q39197395,,,,,,,
CB4,CB,way,110256313,way/110256313,52.2144217,0.1277523,Old Spring,,,,,,,,,,,,,,,1,Ferry Path,,https://theoldspring.co.uk/,,Mo-Su 12:00-23:30,,,,,,
CB4,CB,way,110256317,way/110256317,52.2136996,0.1235262,The Boathouse,,,,,,,,,,,,,,,14,Chesterton Road,,https://www.greeneking.co.uk/pubs/cambridgeshire/boathouse,,,,,,,,
CB5,CB,way,118943808,way/118943808,52.2095223,0.1434344,Corner House,,,,,,,,,,,,,,,231,Newmarket Road,,https://www.thecornerhousepub.co/,,"Mo-Th 12:00-22:00; Fr,Sa 12:00-23:00; Su 12:00-22:00",,,,,,
CB24,CB,way,125534838,way/125534838,52.2437953,0.1618802,Lion & Lamb,,https://commons.wikimedia.org/wiki/Special:FilePath/The_Lion_and_Lamb%2C_Milton_-_geograph.org.uk_-_823097.jpg,,,,,,"pub in Milton, South Cambridgeshire, England, UK",,,,,,,19,High Street,,http://www.lionandlambmilton.co.uk/,Q26420262,"Tu-Th 12:00-21:00; Fr,Sa 12:00-18:00+; Su 12:00-18:00+",,,,,,
CB24,CB,way,125543652,way/125543652,52.2439244,0.1647833,The Brewers Inn,,https://commons.wikimedia.org/wiki/Special:FilePath/Jolly_Brewers_-_geograph.org.uk_-_4973606.jpg,,,,,,"pub in Milton, South Cambridgeshire, England, UK",,,,,,,5,Fen Road,+44 1223 861349,https://www.thebrewersinncambridge.co.uk/,Q26616238,,,,,,,
CB24,CB,way,125553129,way/125553129,52.2432599,0.1615111,The White Horse,,https://commons.wikimedia.org/wiki/Special:FilePath/The_White_Horse%2C_Milton_-_geograph.org.uk_-_823095.jpg,,,,,,"pub in Milton, South Cambridgeshire, England, UK",,,,,,,20-22,High Street,,https://thewhitehorsemilton.co.uk/,Q26616240,"Mo-Th 11:00-11:00, Fr,Sa 11:00-24:00, Su 12:00-22:30",,,,,,
CB21,CB,way,125662864,way/125662864,52.2037798,0.2565659,The Hole in the Wall,,https://commons.wikimedia.org/wiki/Special:FilePath/'The_Hole_In_The_Wall'_inn_-_geograph.org.uk_-_486909.jpg,,,,,,"pub in Little Wilbraham, South Cambridgeshire, England, UK",,,,,,,,,,https://www.holeinthewalldining.co.uk/,Q26616202,,,,,,,
CB4,CB,way,126246128,way/126246128,52.2221116,0.1188625,The Carlton Arms,,,,,,,,,,,,,,,,Carlton Way,,https://thecarltonarmscambridge.co.uk/,,,,,,,,
CB24,CB,way,126267419,way/126267419,52.2447502,0.163374,Waggon & Horses,,,,,,,,,,,,,,,39,High Street,,https://waggonmilton.co.uk/,,Mo-We 09:30-23:00; Th 09:00-24:00; Sa-Su 09:00-01:00,,,,,,
CB4,CB,way,127367856,way/127367856,52.2310501,0.1288658,The Ship,,,,,,,,,,,,,,,,Northfield Avenue,,https://www.theshipcambridge.co.uk/,,Mo-Th 12:00-23:00; Fr 12:00-23:30; Sa 10:00-23:30; Su 12:00-22:30,,,,,,
CB21,CB,way,127563477,way/127563477,52.1957964,0.2663254,Wilbrahams’ Hall Social Club,,,,,,,,,,,,,,,,High Street,,https://www.wilbrahams.co.uk/wilbrahams-hall-social-club/,,,,,,,,
CB3,CB,way,127812957,way/127812957,52.2134269,0.1121754,Sir Isaac Newton,,,,,,,,,,,,,,,84,Castle Street,,https://www.sirisaacnewton-cambridge.co.uk/,,"PH,Mo-Su 11:30-18:00+",,,,,,
CB4,CB,way,127965084,way/127965084,52.2279675,0.1455712,The Golden Hind,,,,,,,,,,,,,,,,Milton Road,+44 1223 420816,https://www.greeneking.co.uk/pubs/cambridgeshire/golden-hind,,,,,,,,
CB23,CB,way,129105260,way/129105260,52.1785608,0.0624125,The White Horse,,,,,,,,,,,,,,,,,,https://www.thewhitehorseinnbarton.co.uk/,,,,,,,,
CB4,CB,way,131306510,way/131306510,52.2174604,0.1394539,The Haymakers,Milton Brewery,,,,,,,,,,,,,,54,High Street,+44 1223 318077,https://www.individualpubs.co.uk/haymakers/,,,,,,,,
CB1,CB,way,132851029,way/132851029,52.1960794,0.1554075,The Brook,,,,,,,,,,,,,,,25,Brookfields,+44 1223 410023,https://thebrookpub.co.uk/,,Su-Tu 12:00-22:00; We-Sa 12:00-23:00,,,,,,
CB1,CB,way,134111534,way/134111534,52.1969813,0.149732,Royal Standard,,,,,,,,,,,,,,,292,Mill Road,,https://cambridge.pub/royal-standard/,,Mo-Fr 16:00-23:00; Sa 12:00-23:00; Su 12:00-22:30,,,,,,
CB1,CB,way,134125339,way/134125339,52.2003729,0.1397405,Kingston Arms,,,,,,,,,,,,,,,33,Kingston Street,,http://www.kingstonarms.co.uk/,,Mo-Su 11:30-23:00,,,,,,
CB1,CB,way,134385094,way/134385094,52.2048657,0.1366267,The Blue Moon,,,,,,,,,,,,,,,2,Norfolk Street,,https://cambridge.pub/blue-moon/,,"Mo-We 16:00-24:00, Su 16:00-23:00, Fr 16:00-02:00, Th 16:00-01:00, Sa 14:00-02:00",,,,,,
CB2,CB,way,134805845,way/134805845,52.197142,0.1294898,The Emperor,,,,,,,,,,,,,,,21,Hills Road,+44 1223 464633,http://www.theemperorcambridge.com/,,,,,,,,
CB4,CB,way,136196114,way/136196114,52.2149913,0.1106845,The Grapes,,,,,,,,,,,,,,,19,Histon Road,,,,,,,,,,
CB2,CB,way,136330945,way/136330945,52.2019315,0.1157523,The Anchor,,,,,,,,,,,,,,,,Silver Street,+44 1223 353554,https://www.anchorcambridge.com/,,,,,,,,
CB2,CB,way,136330946,way/136330946,52.2014876,0.116269,The Mill,Tolly Cobbold,https://commons.wikimedia.org/wiki/Special:FilePath/The_Mill_Public_House.jpg,,,,,,"pub in Cambridge, Cambridgeshire, England, UK",,,,,,,14,Mill Lane,+44 1223 311829,https://www.themillpubcambridge.com/,Q26419121,"Mo-Fr 12:00-15:00,17:00-21:00; Sa-Su 12:00-21:00",,,,,,
CB5,CB,way,137326140,way/137326140,52.2097315,0.143954,The Seven Stars,,,,,,,,,,,,,,,249,Newmarket Road,+44 1223 360993,https://www.thesevenstars.pub/,,,,,,,,
CB5,CB,way,137328263,way/137328263,52.2109791,0.1462944,The Wrestlers,,,,,,,,,,,,,,,337,Newmarket Road,+44 1223 566 554,http://www.charleswellspubs.co.uk/home/pub-guide/pub/wrestlers,,"Mo-Su 12:00-15:00,17:00-23:00",,,,,,
CB2,CB,way,137992313,way/137992313,52.2099259,0.116197,The Pickerel,,https://commons.wikimedia.org/wiki/Special:FilePath/The_Pickerel%2C_Cambridge.JPG,,,,,,"inn in Cambridge, Cambridgeshire, England, UK",,,,,,,30,Magdalene Street,,https://www.greeneking.co.uk/pubs/cambridgeshire/pickerel-inn,Q26394918,,,,,,,
CB3,CB,way,143469264,way/143469264,52.1997039,0.1138481,The Granta,,,,,,,,,,,,,,,14,Newnham Terrace,,https://www.greeneking.co.uk/pubs/cambridgeshire/granta,,,,,,,,
CB22,CB,way,147532393,way/147532393,52.1307147,0.2099435,George Inn,,https://commons.wikimedia.org/wiki/Special:FilePath/The_George_Inn_-_geograph.org.uk_-_5681017.jpg,,,,,,"pub in Babraham, South Cambridgeshire, England, UK",,,,,,,,,,https://www.thegeorgeinnbabraham.co.uk/,Q26616047,,,,,,,
CB1,CB,way,148827006,way/148827006,52.204652,0.1328395,The Tram Depot,,,,,,,,,,,,,,,2-5,Dover Street,,https://thetramcambridge.co.uk/,,,,,,,,
CB2,CB,way,149032866,way/149032866,52.2040769,0.1179926,The Eagle,Greene King,https://commons.wikimedia.org/wiki/Special:FilePath/The_Eagle_-_geograph.org.uk_-_5402848.jpg,,,,,,"pub in Cambridge, England",,,,,,,8,Bene't Street,,https://www.greeneking.co.uk/pubs/cambridgeshire/eagle,Q7731334,Mo-Su 11:00-,,,,,,
CB2,CB,way,149032883,way/149032883,52.204143,0.1184859,The Bath House,Greene King,https://commons.wikimedia.org/wiki/Special:FilePath/Bath_Hotel_(1).jpg,,,,,,"pub and former hotel in Cambridge, Cambridgeshire, England, UK",,,,,,,3,Bene't Street,,https://www.greeneking.co.uk/pubs/cambridgeshire/bath-house,Q26616702,,,,,,,
CB2,CB,way,150907263,way/150907263,52.1744329,0.1105612,The Lord Byron Inn,,,,,,,,,,,,,,,22,Church Lane,,https://www.lordbyroninn.co.uk/,,,,,,,,
CB23,CB,way,152686984,way/152686984,52.2547944,-0.0742617,The Poacher,,,,,,,,,,,,,,,1,Brockley Road,,http://poacherelsworth.co.uk/,,,,,,,,
CB3,CB,way,154730026,way/154730026,52.1800352,0.0951156,The Green Man,,https://commons.wikimedia.org/wiki/Special:FilePath/The_Green_Man%2C_Grantchester_-_geograph.org.uk_-_1072241.jpg,,,,,,"pub in Grantchester, South Cambridgeshire, England, UK",,,,,,,59,High Street,,https://www.grantchestergreenman.com/,Q26595957,,,,,,,
CB3,CB,way,159256001,way/159256001,52.2415917,0.0814685,George Inn,,,,,,,,,,,,,,,71,High Street,,https://thegeorgegirton.weebly.com/,,,,,,,,
CB3,CB,way,159256015,way/159256015,52.2425801,0.0813955,Old Crown,,,,,,,,,,,,,,,89,High Street,,https://oldcrowngirton.com/,,"Tu-Th,Su 12:00-22:30; Fr,Sa 12:00-23:00",,,,,,
CB4,CB,way,166369101,way/166369101,52.2144529,0.1246006,Portland Arms,,,,,,,,,,,,,,,129,Chesterton Road,,http://www.theportlandarms.co.uk/,,"Mo-We 16:30-23:00; Su, Th 12:00-23:00; Fr-Sa 12:00-00:00",,,,,,
CB25,CB,way,169444849,way/169444849,52.2232386,0.2581186,The Bell,,https://commons.wikimedia.org/wiki/Special:FilePath/The_Bell%2C_Bottisham_-_geograph.org.uk_-_1061528.jpg,,,,,,"inn in Bottisham, East Cambridgeshire, England, UK",,,,,,,16,High Street,,https://thebellbottisham.com/,Q26604078,Tu 17:00-22:30; We 11:00-22:30; Th 11:00-23:00; Fr 09:30-23:30; Sa 09:30-24:00; Su 09:30-23:00,,,,,,
CB5,CB,way,171887754,way/171887754,52.2082372,0.1327197,Burleigh Arms,,,,,,,,,,,,,,,9-11,Newmarket Road,,https://www.burleigharmscambridge.co.uk/,,We-Fr 12:00-22:30; Tu 17:00-22:00; Mo off; Sa 12:00-23:00; Su 12:00-20:00,,,,,,
CB1,CB,way,172320765,way/172320765,52.2076333,0.1266612,St Radegund,,https://commons.wikimedia.org/wiki/Special:FilePath/St_Radegund_pub%2C_Cambridge%2C_March_2012.jpg,,,,,1880,"pub in King Street, Cambridge, England",,,,,,,129,King Street,,https://www.stradegund.co.uk/,Q7595412,,,,,,,
CB5,CB,way,172407012,way/172407012,52.2114689,0.1185342,Byron's Bear,,,,,,,,,,,,,,,3,Thompson's Lane,+44 1223 776969,https://byronsbear.co.uk/,,,,,,,,
CB3,CB,way,174752202,way/174752202,52.196529,0.1086877,The Red Bull,,,,,,,,,,,,,,,11,Barton Road,,https://www.redbullcambridge.co.uk/,,,,,,,,
CB1,CB,way,177680599,way/177680599,52.185842,0.1720046,Red Lion,,https://commons.wikimedia.org/wiki/Special:FilePath/The_Red_Lion%2C_Mill_End_Road_-_geograph.org.uk_-_854259.jpg,,,,,,"pub in Cherry Hinton, Cambridge, Cambridgeshire, England, UK",,,,,,,20,Mill End Road,,http://www.theredlioncherryhinton.co.uk/index,Q26419120,,,,,,,
CB4,CB,way,179837563,way/179837563,52.2124557,0.1277858,Fort St George,Greene King,https://commons.wikimedia.org/wiki/Special:FilePath/Fort_St_George_In_England_pub%2C_Cambridge.JPG,,,,,,"pub in Cambridge, Cambridgeshire, England, UK",,,,,,,,,,https://www.greeneking-pubs.co.uk/pubs/cambridgeshire/fort-st-george/,Q5472087,Mo-Fr 11:00-23:00; Su 12:00-22:30; Sa 11:00-23:00,,,,,,
CB24,CB,way,188821806,way/188821806,52.2426074,0.1109166,Railway Vue,,,,,,,,,,,,,,,163,Station Road,,https://railwayvue.co.uk/,,,,,,,,
CB24,CB,way,190337333,way/190337333,52.2881345,0.1286152,Waggon and Horses,,,,,,,,,,,,,,,69,Margett Street,,,,,,,,,,
CB24,CB,way,191142638,way/191142638,52.2514123,0.1089762,Rose & Crown,Milton Brewery,,,,,,,,,,,,,,2,Glebe Way,+44 1223 318448,https://www.individualpubs.co.uk/roseandcrown/,,"Mo-Th 15:00-23:00; Fr,Sa 12:00-23:00; Su 12:00-22:00",,,,,,
CB24,CB,way,200604966,way/200604966,52.3164398,0.0165512,The Admiral,,,,,,,,,,,,,,,31,High Street,+44 1954 610837,,,Mo-Th 16:00-23:30; Fr-Sa 12:00-23:30; Su 12:00-22:30,,,,,,
CB5,CB,way,211724201,way/211724201,52.2213751,0.1699269,Kings Head,,https://commons.wikimedia.org/wiki/Special:FilePath/Kings_Head_-_geograph.org.uk_-_5045032.jpg,,,,,,"pub in Fen Ditton, South Cambridgeshire, England, UK",,,,,,,50,High Street,,https://thekingsheadfenditton.wordpress.com/,Q26473110,"Tu-Th 15:00-23:00, Fr 15:00-24:00, Sa 12:00-24:00, Su 12:00-20:00; Mo off",,,,,,
CB22,CB,way,218983713,way/218983713,52.1432958,0.1483285,The Rose,,,,,,,,,,,,,,,81,London Road,,https://www.therose-stapleford.co.uk/,,"Mo-Sa 12:00-15:00,17:30-18:00+",,,,,,
CB25,CB,way,219789582,way/219789582,52.2655212,0.1907594,The Sun,,,,,,,,,,,,,,,,,,,,,,,,,,
CB25,CB,way,219789595,way/219789595,52.2662278,0.1914351,White Horse,,,,,,,,,,,,,,,12,Green Side,+44 1223 505053,https://www.facebook.com/WhiteHorsePubWaterbeach/,,,,,,,,
CB23,CB,way,219913530,way/219913530,52.2562642,-0.0688011,George & Dragon,,,,,,,,,,,,,,,41,Boxworth Road,,https://www.georgeanddragon-elsworth.co.uk/,,,,,,,,
CB25,CB,way,220571908,way/220571908,52.2395157,0.2781818,Black Horse Inn,,,,,,,,,,,,,,,35,High Street,,https://www.theblackhorseswaffhambulbeck.co.uk/,,,,,,,,
CB7,CB,way,220709642,way/220709642,52.3078049,0.2521628,Five Miles Inn,,,,,,,,,,,,,,,,Old School Lane,,https://www.fivemilesinn.com/,,,,,,,,
CB10,CB,way,224082817,way/224082817,52.0550645,0.3130915,Rose and Crown,,https://commons.wikimedia.org/wiki/Special:FilePath/Rose_and_Crown%2C_Ashdon_-_geograph.org.uk_-_4188455.jpg,,,,,,"pub in Ashdon, Uttlesford, Essex, England, UK",,,,,,,,Crown Hill,,https://roseandcrownashdon.co.uk/,Q26608265,"Sa 12:00-23:00, Su 12:00-19:00; Mo off, We,Th 12:00-22:30, Fr,Sa 12:00-23:00; Tu off",,,,,,
CB1,CB,way,225399270,way/225399270,52.1921951,0.134303,Earl of Derby,Greene King,,,,,,,,,,,,,,129,Hills Road,,www.theearlofderby.com,,"Mo-Th 07:30-24:00, Fr-Sa 07:30-02:00, Su 08:30-24:00",,,,,,
CB21,CB,way,234005325,way/234005325,52.1312088,0.3204674,The Bell Inn,,,,,,,,,,,,,,,,,+44 1223 892999,https://thebellinnbalsham.com/,,12:00-23:00,,,,,,
CB21,CB,way,234094833,way/234094833,52.1313668,0.3166834,The Black Bull,,https://commons.wikimedia.org/wiki/Special:FilePath/The_Black_Bull%2C_Balsham_-_geograph.org.uk_-_995207.jpg,,,,,,"inn in Balsham, South Cambridgeshire, England, UK",,,,,,,,,+44 1223 893844,https://blackbull-balsham.co.uk/,Q26616339,"Mo-Fr 07:30-23:00, Sa-Su 08:00-23:00",,,,,,
CB21,CB,way,310364470,way/310364470,52.1783564,0.2239367,White Hart Country Inn,Greene King,,,,,,,,,,,,,,1,Balsham Road,+44 1223 880264,https://www.whitehartfulbourn.co.uk/,,"Mo-Sa 12:00-15:00, 17:30-23:00; Su 12:00-17:00",,,,,,
CB23,CB,way,338544409,way/338544409,52.185464,0.0200054,Three Horseshoes,,,,,,,,,,,,,,,22,South Street,,https://www.threehorseshoescomberton.co.uk/,,,,,,,,
CB1,CB,way,341321937,way/341321937,52.180245,0.1530568,The Queen Edith,Milton Brewery,,,,,,,,,,,,,,,Wulfstan Way,+44 1223 318536,https://www.individualpubs.co.uk/queenedith/,,Mo-We 16:00-23:00; Th-Sa 12:00-23:00; Su 12:00-22:00,,,,,,
CB24,CB,way,349728016,way/349728016,52.2605125,0.064186,White Horse,,,,,,,,,,,,,,,,Longstanton Road,,https://www.whitehorse-oakington.co.uk/,,,,,,,,
CB21,CB,way,354873330,way/354873330,52.1852362,0.2092158,Hat & Rabbit,,,,,,,,,,,,,,,4,Hinton Road,,https://hatandrabbitfulbourn.co.uk,,,,,,,,
CB24,CB,way,369262851,way/369262851,52.292125,0.0891137,Black Horse,,,,,,,,,,,,,,,,,,https://theblackhorserampton.co.uk/,,,,,,,,
CB1,CB,way,372486548,way/372486548,52.2003599,0.1344637,Six Bells,,,,,,,,,,,,,,,11,Covent Garden,,https://sixbellspub.co.uk/,,"Su-Th 16:00-23:30, Fr,Sa 16:00-00:30",,,,,,
CB10,CB,way,391785506,way/391785506,52.0508557,0.2532874,The Crown,,,,,,,,,,,,,,,,Little Walden Road,,https://www.thecrownlittlewalden.co.uk/,,,,,,,,
CB22,CB,way,463104474,way/463104474,52.0943959,0.1589049,John Barleycorn Pub,,,,,,,,,,,,,,,,Moorfield Road,+44 1223832699,http://johnbarleycorn.co.uk/,,,,,,,,
CB24,CB,way,477382783,way/477382783,52.3017643,-0.0045852,White Horse Inn,,https://commons.wikimedia.org/wiki/Special:FilePath/The_White_Horse%2C_Swavesey_-_geograph.org.uk_-_1502392.jpg,,,,,,"inn in Swavesey, South Cambridgeshire, England, UK",,,,,,,1,Market Street,,https://www.thewhitehorseswavesey.com/,Q26616264,Mo-Th 12:00-23:00; Fr-Sa 12:00-24:00; Su 12:00-22:00,,,,,,
CB23,CB,way,490373509,way/490373509,52.2583927,-0.0306027,Golden Ball Inn,,https://commons.wikimedia.org/wiki/Special:FilePath/The_Golden_Ball%2C_Boxworth_-_geograph.org.uk_-_1376258.jpg,,,,,,"pub in Boxworth, South Cambridgeshire, England, UK",,,,,,,,High Street,,,Q26420156,,,,,,,
CB23,CB,way,548260570,way/548260570,52.1516245,0.028208,Hare & Hounds,,https://commons.wikimedia.org/wiki/Special:FilePath/The_Hare_And_Hound_Public_House.jpg,,,,,,"pub in Harlton, South Cambridgeshire, England, UK",,,,,,,,,+447511940441,https://hareandhoundsharlton.co.uk/,Q26616052,,,,,,,
CB24,CB,way,550962204,way/550962204,52.2822862,0.0447811,The Black Bull,,,,,,,,,,,,,,,56,High Street,+44 1954 789589,https://blackbulllongstanton.co.uk/,,,,,,,,
CB22,CB,way,561109559,way/561109559,52.1152558,0.0589109,White Horse,,,,,,,,,,,,,,,,,,,,,,,,,,
CB24,CB,way,569137851,way/569137851,52.3128962,0.0568443,The Bank Micropub,,,,,,,,,,,,,,,9,High Street,,http://www.thebankmicropub.co.uk/,,,,,,,,
CB22,CB,way,616021928,way/616021928,52.1503938,0.1355474,The Plough,,,,,,,,,,,,,,,2,High Street,,,,"Mo-Th 15:00-11:30, Fr,Sa 12:00-11:30, Su 12:00-20:00",,,,,,
CB22,CB,way,617703785,way/617703785,52.1205295,0.168918,White Lion,,https://commons.wikimedia.org/wiki/Special:FilePath/The_White_Lion_public_house%2C_Sawston_-_geograph.org.uk_-_1507057.jpg,,,,,,"inn in Sawston, South Cambridgeshire, England, UK",,,,,,,96,High Street,,http://www.whitelionsawston.co.uk,Q26420913,,,,,,,
CB22,CB,way,617704032,way/617704032,52.1246073,0.1685342,The Greyhound,,https://commons.wikimedia.org/wiki/Special:FilePath/The_Greyhound_pub%2C_Sawston_-_geograph.org.uk_-_4037580.jpg,,,,,,"pub in Sawston, South Cambridgeshire, England, UK",,,,,,,,,,https://thegreyhoundsawston.co.uk/,Q26420909,,,,,,,
CB22,CB,way,619000773,way/619000773,52.1134614,0.148525,Tickell Arms,,https://commons.wikimedia.org/wiki/Special:FilePath/The_Tickell_Arms_-_geograph.org.uk_-_784762.jpg,,,,,,"pub in Whittlesford, South Cambridgeshire, England, UK",,,,,,,,North Road,,https://thetickellarms.co.uk/,Q26420899,,,,,,,
CB24,CB,way,661740178,way/661740178,52.3145221,0.063116,Duke of Wellington,,,,,,,,,,,,,,,55,Church Street,,,,"Tu-Sa 12:00-23:00, Su-Mo 12:00-10:30",,,,,,
CB25,CB,way,744784553,way/744784553,52.2715835,0.2954958,Dyke's End,,,,,,,,,,,,,,,,,+44 1638 743816,https://www.dykesendreach.co.uk/,,We-Fr 17:00-22:00; Sa 12:00-22:00; Su 12:00-21:00,,,,,,
CB10,CB,way,771599939,way/771599939,52.062801,0.2001035,Crown & Thistle,,https://commons.wikimedia.org/wiki/Special:FilePath/'Crown_and_Thistle'_public_house_at_Great_Chesterford_-_geograph.org.uk_-_1532330.jpg,,,,,,"pub in Great Chesterford, Uttlesford, Essex, England, UK",,,,,,,,High Street,,http://www.thecrownandthistle.pub,Q26592411,,,,,,,
CB22,CB,way,866280018,way/866280018,52.0905678,0.1556207,The Plough,,https://commons.wikimedia.org/wiki/Special:FilePath/The_Plough%2C_Duxford_-_geograph.org.uk_-_759052.jpg,,,,,,"inn in Duxford, South Cambridgeshire, England, UK",,,,,,,59 - 61,St Peters Street,+44 1223 833170,https://www.theduxfordplough.co.uk/,Q26615885,,,,,,,
CB21,CB,way,945508474,way/945508474,52.0995911,0.3484063,The Old Red Lion,,,,,,,,,,,,,,,,Linton Road,,https://www.theoldredlion.co.uk/,,,,,,,,
CB25,CB,way,1115730232,way/1115730232,52.2227975,0.2257806,White Swan,,https://commons.wikimedia.org/wiki/Special:FilePath/Stow_cum_Quy%2C_The_White_Swan_public_house_-_geograph.org.uk_-_879747.jpg,,,,,,"pub in Stow cum Quy, South Cambridgeshire, England, UK",,,,,,,9,Main Street,,https://thewhiteswanquy.com/,Q26473976,,,,,,,
CB24,CB,way,1115734363,way/1115734363,52.2882445,0.1243365,The Hop Bind,,,,,,,,,,,,,,,212,High Street,,https://www.thehopbind.co.uk/,,"Mo-Th 15:00-23:00, Fr 15:00-24:00, Sa 12:00-24:00, Su 12:00-22:00",,,,,,
CB22,CB,way,1115735623,way/1115735623,52.1487962,0.1337316,Square and Compasses,,,,,,,,,,,,,,,46,High Street,+44 1223 343164,https://www.squarecompasses.co.uk/,,"Tu 18:00-22:00; We,Th 12:00-14:30,18:00-22:00; Fr 12:00-15:00,18:00-23:00; Sa 12:00-23:00; Su 12:00-19:00",,,,,,
CB2,CB,way,1204234283,way/1204234283,52.2028556,0.1235352,The Regal,,,,,,,,,,,,,,,38-39,St Andrew's Street,,https://www.jdwetherspoon.com/pubs/the-regal-cambridge/,,,,,,,,
CB22,CB,way,1426256714,way/1426256714,52.1260312,0.0290461,Royal Oak,,,,,,,,,,,,,,,31,West Green,,https://theroyaloakbarrington.co.uk/,,,,,,,,
CB22,CB,way,1500669706,way/1500669706,52.1243601,0.1697651,Kings Head,,https://commons.wikimedia.org/wiki/Special:FilePath/The_Kings_Head_public_house%2C_Sawston_-_geograph.org.uk_-_1507045.jpg,,,,,,"pub in Sawston, South Cambridgeshire, England, UK",,,,,,,19,High Street,,https://thekingsheadsawston.co.uk,Q26615922,,,,,,,
