calc_postcode_district,calc_postcode_area,osm_type,osm_id,id,lat,lon,name,operator,photo_url1,photo_url2,photo_url3,photo_url4,photo_url5,founded,description,has_pub_garden,has_live_music,has_food_available,has_dog_friendly,has_pool_darts,has_accommodation,addr_housenumber,addr_street,phone,website,wikidata,opening_hours,opening_hours_a,opening_hours_b,opening_hours_c,opening_hours_d,opening_hours_e,opening_hours_f,tier_fetch_tier,tier_a_success,tier_a_http_status,tier_a_final_url,tier_a_error,tier_a_text_chars,tier_a_text_relpath
E11,E,supabase,,9ba74653-4cf8-475d-8ab8-ac4bd90998c8,51.5767,0.011682,Sir Alfred Hitchcock Hotel,Independent,,,,,,,,,,,,,,,,(020) 8530 3724,https://www.thehitchcockhotel.com/,,,,,,,,,A,1,200,https://www.thehitchcockhotel.com/,,1298,data/tier_a_extractions/9ba74653-4cf8-475d-8ab8-ac4bd90998c8_13a9d02aff350961.txt
E9,E,way,600916017,way/600916017,51.5369808,-0.04491,The Empress,,,,,,,,,,,,,,,130a,Lauriston Road,+44 20 8533 5123,https://empresse9.co.uk/,,Mo 16:00-23:00, Tu-Sa 12:00-23:00, Su 12:00-10:30,,,,,A,0,200,https://empresse9.co.uk/,short_extract,0,
EC1M,EC,way,569138325,way/569138325,51.5198291,-0.105994,The Sir John Oldcastle,Wetherspoon,,,,,,,,,,,,,,29-35,Farringdon Road,+44 20 7242 1013,https://www.jdwetherspoon.com/pubs/the-sir-john-oldcastle-farringdon,Q88973876,Su-We 08:00-23:30, Th-Sa 08:00-24:00,,,,,,A,0,200,https://www.jdwetherspoon.com/pubs/the-sir-john-oldcastle-farringdon,short_extract,0,
EC2M,EC,way,160163216,way/160163216,51.5188007,-0.086027,Red Lion,Greene King,,,,,,,,,,,,,,1,Eldon Street,,https://www.greeneking.co.uk/pubs/greater-london/red-lion,,,,,,,,,A,0,403,https://www.greeneking.co.uk/pubs/greater-london/red-lion,HTTPError:403,101,
N16,N,way,957099697,way/957099697,51.557632,-0.0806089,The Londesborough,,,,,,,,,,,,,,,36,Barbauld Road,,https://www.thelondesborough.com/,,,,,,,,,A,0,200,https://www.thelondesborough.com/,short_extract,0,
N4,N,way,224432174,way/224432174,51.5811385,-0.0997163,Brouhaha Bar,,,,,,,,,,,,,,,499-501,Green Lanes,+44 20 8348 8553,https://www.brouhahabar.com,,Mo-Tu 16:00-22:30, We-Th 16:00-23:00, Fr-Sa 16:00-00:00,,,,,A,0,200,https://www.brouhahabar.com,short_extract,0,
NW1,NW,way,337127150,way/337127150,51.5268807,-0.1370264,Crown & Anchor,,,,,,,,,,,,,,,137,Drummond Street,+44 20 7383 2681,https://www.thecrownandanchornw1.co.uk/,Q18207855,Mo-We 12:00-23:00, Th-Fr 12:00-00:00, Sa 10:00-00:00, Su 10:00-22:30,,,,A,0,200,https://www.thecrownandanchornw1.co.uk/,short_extract,0,
W1C,W,node,452240939,node/452240939,51.5143279,-0.1474367,Spread Eagle,Greene King,,,,,,,,,,,,,,8,Woodstock Street,+44 20 7629 4695,https://www.greeneking.co.uk/pubs/greater-london/spread-eagle,,,,,,,,,A,0,403,https://www.greeneking.co.uk/pubs/greater-london/spread-eagle,HTTPError:403,101,
W8,W,way,128292693,way/128292693,51.5020851,-0.1877493,Goat Tavern,Greene King,,,,,,,,,,,,,,3,Kensington High Street,,https://www.greeneking.co.uk/pubs/greater-london/goat-tavern,Q23301475,"Mo-Th 12:00-23:00; Fr,Sa 12:00-24:00; Su 12:00-22:00",,,,,,,A,0,403,https://www.greeneking.co.uk/pubs/greater-london/goat-tavern,HTTPError:403,101,
W8,W,way,112673208,way/112673208,51.5089768,-0.1949996,The Old Swan,Greene King,,,,,,,,,,,,,,206,Kensington Church Street,,https://www.greeneking.co.uk/pubs/greater-london/old-swan,,"Su-We 12:00-23:00, Th 12:00-24:00, Fr,Sa 12:00-01:00",,,,,,,A,0,403,https://www.greeneking.co.uk/pubs/greater-london/old-swan,HTTPError:403,101,
