calc_postcode_district,calc_postcode_area,osm_type,osm_id,id,lat,lon,name,operator,photo_url1,photo_url2,photo_url3,photo_url4,photo_url5,founded,description,has_pub_garden,has_live_music,has_live_sport_tv,has_food_available,has_dog_friendly,has_pool_darts,has_accommodation,addr_housenumber,addr_street,phone,website,wikidata,opening_hours,conf_description,conf_phone,conf_founded,conf_operator,conf_has_pub_garden,conf_has_live_music,conf_has_live_sport_tv,conf_has_food_available,conf_has_dog_friendly,conf_has_pool_darts,conf_has_accommodation,fc_status,fc_error,fc_quality_flags,fc_quality_note,fcs_status,fcs_error,fcs_query,fcs_source_url,fcs_source_title,fcs_website_guess,fcs_website_conf,fcs_quality_flags,fcs_quality_note
CB21,CB,node,17708621,node/17708621,52.1833653,0.2217954,Six Bells,Pubmaster,https://commons.wikimedia.org/wiki/Special:FilePath/Fulbourn_-_Six_Bells%2C_High_Street.jpg,,,,,,"pub in Fulbourn, South Cambridgeshire, England, UK",TRUE,,TRUE,TRUE,,,,9,High Street,,https://www.sixbellsfulbourn.co.uk/,Q26457166,,0.8600,0.0000,0.0000,0.0000,0.9500,0.0000,0.7800,0.9500,0.0000,0.0000,0.0000,ok,,,,,,,,,,,,
CB1,CB,node,20458787,node/20458787,52.1984389,0.1422292,Earl of Beaconsfield,,,,,,,,"Settle in at a premium, family-friendly pub on Cambridge’s Mill Road, with smart surroundings and a friendly team. Expect a well-rounded bar with draught favourites, a considered wine list and top-tier spirits—ideal for a quiet pint or a catch-up with friends. There’s a beer garden for warmer days, plus bookings and baby changing facilities. Sports fans can enjoy TNT Sports and Sky Sports, and the venue runs regular activities including weekly quizzes and live music, alongside seasonal events.",TRUE,,TRUE,,TRUE,,,133,Mill Road,+44 1223 483447,https://www.earlofbeaconsfieldcambridge.co.uk/,,Mo-We 16:00-23:00; Th 12:00-23:00; Fr-Su 12:00-24:00,0.7800,0.9800,0.0000,0.0000,0.9500,0.7000,0.9500,0.2000,0.9000,0.2500,0.0000,ok,,,,,,,,,,,,
CB1,CB,node,20458870,node/20458870,52.1991085,0.1472394,The Empress,,,,,,,,,,,,,,,,72,Thoday Street,,,,"Su-Th 16:00-23:00, Fr,Sa 16:00-00:30",,,,,,,,,,,,,,,,,,,,,,,,
CB1,CB,node,20823843,node/20823843,52.2047799,0.1303831,The Free Press,Megan and Thomas Stepney,https://commons.wikimedia.org/wiki/Special:FilePath/The_Free_Press_-_geograph.org.uk_-_710691.jpg,,,,,1834,"public house in Cambridge, UK",TRUE,,,TRUE,TRUE,,,7,Prospect Row,01223 368337,https://www.freepresscambridge.com/,Q55099458,Tu-Sa 12:00-23:00; Su 12:00-21:00,0.9000,0.9500,0.9000,0.8500,0.9000,0.2000,0.1000,0.9500,0.9500,0.1000,0.1000,ok,,,,,,,,,,,,
CB1,CB,node,20823855,node/20823855,52.2051547,0.1294263,The Elm Tree,,,,,,,,,,,,,,,,16a,Orchard Street,+44 1223 502 632,http://theelmtreecambridge.co.uk/,,Mo-Sa 11:00-23:00,,,,,,,,,,,,scrape_failed,too_short:42_chars,scrape_failed,too_short:42_chars,,,,,,,,,
CB1,CB,node,20826694,node/20826694,52.2023787,0.1391899,Cambridge Blue,,,,,,,,"A traditional Cambridge pub with a modern beer focus, famed as a real-ale freehouse. Expect up to 14 real ales, plus real cider and perry, rotating keg/craft options, and a big range of Belgian and European bottled beers. Spirits lovers are well catered for with extensive whisky, gin and other bottles behind the bar. Food is served daily by Wonky Kitchens, including Sunday roasts, with ordering via QR codes at the tables. With a central city address on Gwydir Street, it’s a go-to spot for drinkers who like variety and frequent changes.",,,,TRUE,,,,85-87,Gwydir Street,+441223471680,https://cambridge.pub/the-blue/,,Mo-Sa 12:00-23:00; Su 12:00-22:30,0.8600,0.9500,0.0000,0.5500,0.0000,0.0000,0.0000,0.9500,0.0000,0.0000,0.0000,ok,,,,,,,,,,,,
CB1,CB,node,20827166,node/20827166,52.1993383,0.1392595,White Swan,,,,,,,,"A late-night favourite in a bohemian pocket of Cambridge, known for its friendly mix of locals, visitors and students. Expect a strong sports focus with Sky & BT and plenty of live match coverage, including Gaelic games and lots of rugby. When it’s time to eat, the kitchen serves independent, locally sourced dishes, plus thin, crispy stonebaked pizzas available to eat in or take away (Barrel & Stone). Recently refurbished, it’s a lively spot for an after-dark pint and a game-day atmosphere.",,,TRUE,TRUE,,,,109,Mill Road,01223 355 836,https://whiteswanpubcambridge.co.uk/,,"Mo-Th 16:00-01:00, Fr 15:00-01:00, Sa 12:00-01:00, Su 12:00-24:00",0.8600,0.9800,0.0000,0.0000,0.0000,0.0000,0.9500,0.9800,0.0000,0.0000,0.0000,ok,,,,,,,,,,,,
CB2,CB,node,20921875,node/20921875,52.2089164,0.1181145,Baron of Beef,Greene King,https://commons.wikimedia.org/wiki/Special:FilePath/The_Baron_of_Beef_-_geograph.org.uk_-_786028.jpg,,,,,1752,"pub in Cambridge, Cambridgeshire, England, UK",TRUE,,TRUE,TRUE,TRUE,,,19,Bridge Street,,https://www.greeneking.co.uk/pubs/cambridgeshire/baron-of-beef,Q7715679,,0.8600,0.0000,0.7800,0.5500,0.9500,0.0000,0.9500,0.9000,0.8500,0.0000,0.0000,ok,,,,,,,,,,,,
CB2,CB,node,20921876,node/20921876,52.2088653,0.1182051,The Mitre,Nicholson's,https://commons.wikimedia.org/wiki/Special:FilePath/The_Mitre%2C_Cambridge.jpg,,,,,,"pub in Cambridge, Cambridgeshire, England, UK",,,,TRUE,,,,17,Bridge Street,,https://www.nicholsonspubs.co.uk/restaurants/eastofengland/themitrecambridge#/,Q26419234,,0.7800,0.0000,0.3500,0.5500,0.0000,0.0000,0.0000,0.9000,0.0000,0.0000,0.0000,ok,,,,,,,,,,,,
CB1,CB,node,20922152,node/20922152,52.2073062,0.1244397,Champion of the Thames,,https://commons.wikimedia.org/wiki/Special:FilePath/DSCN1703-champion-of-the-thames.jpg,,,,,,"pub in King Street, Cambridge, England",,,,,,,,68,King Street,,https://thechampionofthethames.com/,Q7722052,"Mo-Th 16:00-23:00; Fr,Sa 12:00-23:00; Su 16:00-22:00",0.7400,0.0000,0.0000,0.6200,0.0000,0.0000,0.0000,0.0000,0.0000,0.0000,0.0000,ok,,,,,,,,,,,,
CB2,CB,node,20922155,node/20922155,52.1999887,0.1270451,Prince Regent,,,,,,,,"Set in the heart of Cambridge, this traditional pub-restaurant blends history with a lively, family-friendly welcome. Expect cask ales, classic pub favourites and a menu with small plates and hearty options, plus Sunday roasts. There’s a beer garden for weather-permitting drinks, and WiFi and takeaway are available. Sports fans can settle in for live football across major leagues and competitions, with TNT Sports and Sky Sports mentioned. Dogs are explicitly welcomed, making it a comfortable local for groups and casual meet-ups.",TRUE,,TRUE,TRUE,TRUE,,,91,Regent Street,,https://www.greeneking.co.uk/pubs/cambridgeshire/prince-regent,,,0.8600,0.0000,0.0000,0.5500,0.9500,0.0000,0.9500,0.9500,0.9500,0.0000,0.0000,ok,,,,,,,,,,,,
CB2,CB,node,20922157,node/20922157,52.203079,0.1237329,The Castle Bar,Greene King,,,,,,,"A city-centre stop with a laid-back bar downstairs and six guest rooms upstairs, ideal for a competitive stay in Cambridge. Set in a building of special interest, it’s a handy base for meeting friends, enjoying a drink and exploring on foot. Expect on-site entertainment with music in the bar on Thursdays, Fridays and Saturdays late into the night. Facilities include free WiFi, baggage storage and bike lock-up, plus family-friendly touches like highchairs. If you need support during your stay, the team asks you to flag it when booking.",,TRUE,,,,,TRUE,37,St Andrew's Street,,https://www.thecastlebarcambridge.com/,,,0.7800,0.0000,0.0000,0.0000,0.0000,0.8600,0.0000,0.7200,0.0000,0.0000,0.9000,ok,,,,,,,,,,,,
CB1,CB,node,20922173,node/20922173,52.2072308,0.1216997,d'Arry's,,,,,,,,"Set on King Street in the centre of Cambridge, this independent restaurant, bar and cheesemonger brings together seasonal dining, barrel-aged cocktails and a serious cheese programme. Expect locally sourced meat, sustainable seafood and fresh vegetables, plus a celebrated Sunday Carvery. Upstairs, The Liquor Loft is a stylish wine and cocktail hideaway that’s available for private hire. For foodies, there are cheese tasting experiences led by Academy of Cheese-trained experts. There’s also an apartment above the venue for a stay-in-Cambridge break, ideal for turning a great meal into a proper night out.",,,,TRUE,,,TRUE,2-4,King Street,01223 505015,https://www.darrys.co.uk/,,"Mo-Th 11:30-22:00; Fr-Sa 11:30-23:00; Su 11:30-18:00 ""Wine Bar & Restaurant"" || We-Th 17:00-22:00; Fr 17:00-00:00; Sa 12:00-00:00; Su 12:00-17:00 ""Liquor Loft""",0.9000,0.9500,0.0000,0.0000,0.0000,0.0000,0.0000,0.9500,0.0000,0.0000,0.8500,ok,,,,,,,,,,,,
CB4,CB,node,20940218,node/20940218,52.2141817,0.1254885,The Waterman,,,,,,,,"A modern Cambridge inn with a welcoming, all-day feel—just a short stroll from Midsummer Common and near the River Cam. Settle into cosy interiors or head out to the courtyard/garden terrace, with heat lamps for cooler evenings. The bar focuses on craft beer, an eclectic wine and spirits range, and spritzes, while the kitchen serves fresh, flavour-driven seasonal dishes, pub classics and indulgent burgers. There’s also a “Potting Shed” event space for parties and meetings, plus comfortable rooms above the pub for leisurely stays. Expect match-day energy too, with big screens and proper sound for major tournaments.",TRUE,,TRUE,TRUE,,,TRUE,32,Chesterton Road,+44 1223 323813,https://www.thewatermancambridge.com,,,0.9000,0.0000,0.0000,0.3500,0.8500,0.0000,0.9500,0.9500,0.0000,0.0000,0.9500,ok,,,,,,,,,,,,
CB3,CB,node,20940220,node/20940220,52.2105324,0.113247,The Punter,,,,,,,,"A cheerfully scrappy, lived-in pub in Cambridge’s Quayside area, set in an old coaching inn with quirky nooks and low ceilings (the Barn has a high vaulted space). Expect a homely, welcoming atmosphere with a courtyard packed with planting—ideal for a summer afternoon. The kitchen serves freshly made, unpretentious but hearty food, with set food service windows across the week. With its central-but-riverside location, it’s a handy stop for walkers heading towards the museums and nearby attractions.",TRUE,,,TRUE,,,,3,Pound Hill,01223 363322,https://www.thepuntercambridge.com/,,,0.8600,0.9800,0.2000,0.0000,0.9000,0.0000,0.0000,0.9800,0.0000,0.0000,0.0000,ok,,,,,,,,,,,,
CB4,CB,node,20940431,node/20940431,52.2157616,0.1142635,Carpenters Arms,,,,,,,,"A craft beer pub in the heart of Cambridge, built for sports fans and pizza lovers. Expect stone-baked pizza, craft beer and regular deals like Monday 2-4-1 pizzas, plus a weekly quiz night. There’s live sport showing (including World Cup coverage) and a lively, social atmosphere in the bar area. Dogs are welcome to join you there, and the venue also highlights free Wi‑Fi and a beer garden for when the weather’s good. Kitchen hours are listed, though the kitchen is temporarily closed for maintenance.",TRUE,,TRUE,TRUE,TRUE,,,182-186,Victoria Road,01223 367050,https://www.carpentersarmscambridge.com/,,Mo-Sa 12:00-23:00; Su 12:00-21:00,0.7800,0.9500,0.0000,0.5500,0.9000,0.7000,0.9500,0.9500,0.9000,0.0000,0.0000,ok,,,,,,,,,,,,
CB4,CB,node,21137287,node/21137287,52.2179459,0.1454823,Green Dragon,,https://commons.wikimedia.org/wiki/Special:FilePath/The_Green_Dragon_-_geograph.org.uk_-_774974.jpg,,,,,,"inn in Cambridge, Cambridgeshire, England, UK",TRUE,,,TRUE,,,,5,Water Street,,https://greendragoncambridge.co.uk/,Q26419012,,0.8600,0.0000,0.0000,0.0000,0.9500,0.0000,0.0000,0.9800,0.0000,0.0000,0.0000,ok,,,,,,,,,,,,
CB2,CB,node,21391223,node/21391223,52.1964242,0.1249433,Panton Arms,,https://commons.wikimedia.org/wiki/Special:FilePath/Panton_Arms_-_geograph.org.uk_-_1581849.jpg,,,,,,"pub in Cambridge, UK",TRUE,TRUE,TRUE,,TRUE,,,43,Panton Street,01223 464351,https://thepantonarms.co.uk/,Q15990214,,0.8600,0.9800,0.0000,0.0000,0.9500,0.9000,0.9000,0.0000,0.9800,0.0000,0.0000,ok,,,,,,,,,,,,
CB2,CB,node,21391227,node/21391227,52.1959875,0.1253729,The Alma,,,,,,,,"A friendly Cambridge rugby-and-real-ale pub with a warm, welcoming atmosphere. Settle in for Sky Sports, TNT Sport and Premier Sports on three big screens, then make a night of it with weekly quiz prizes and a free singer-songwriter open mic (Songsmith Sessions) on the third Sunday. Tuesdays bring Curry Night with a choice of seven curries when bought with a drink. The kitchen serves traditional homecooked pub food for lunches, snacks and evening meals, plus six well-kept real ales and a Cask Marque accreditation.",,TRUE,TRUE,TRUE,,,,26,Russell Court,01223 316722,https://thealmacambridge.co.uk/,,"Mo,Tu 16:00-24:00, We-Su 12:00-24:00",0.9000,0.9500,0.0000,0.0000,0.0000,0.9500,0.9500,0.9500,0.0000,0.0000,0.0000,ok,,,,,,,,,,,,
CB2,CB,node,21642213,node/21642213,52.1765857,0.1130565,Green Man,,https://commons.wikimedia.org/wiki/Special:FilePath/The_Green_Man_-_geograph.org.uk_-_767412.jpg,,,,,,"inn in Cambridge, Cambridgeshire, England, UK",TRUE,,,TRUE,,,,55,"High Street, Trumpington",,https://www.thegreenmantrumpington.com/,Q26419171,,0.7800,0.0000,0.0000,0.0000,0.9000,0.0000,0.0000,0.9000,0.0000,0.0000,0.0000,ok,,,,,,,,,,,,
CB2,CB,node,21642521,node/21642521,52.1745617,0.112904,Hudson's Ale House,,,,,,,,"Set in the heart of Trumpington, this community pub pairs a classic Cambridge feel with a garden vibe. Expect a strong beer focus with hand pumps and a rotating community calendar, including live music and regular quiz nights. Food is a standout too: the pub’s Tzatziki kitchen brings authentic Greek cuisine to takeaway and pub dining. With easy car parking at the rear and a central High Street address, it’s a friendly local for drinks, events, and laid-back evenings.",TRUE,TRUE,,TRUE,,,,77,High Street,+44 1223 570042,https://hudsons.pub/,,,0.8600,0.9500,0.0000,0.0000,0.9000,0.9500,0.0000,0.9000,0.0000,0.5500,0.0000,ok,,,,,,,,,,,,
CB3,CB,node,23719482,node/23719482,52.1833304,0.0940465,Blue Ball Inn,,,,,,,,,,,,,,,,57,Broadway,+44 1223 846004,https://www.blueballgrantchester.co.uk/,,We-Sa 12:00-22:00; Su 12:00-19:00,0.0000,0.0000,0.0000,0.0000,0.0000,0.0000,0.0000,0.0000,0.0000,0.0000,0.0000,ok,,very_thin_scrape,,,,,,,,,,
CB1,CB,node,24672502,node/24672502,52.1892439,0.1530615,The Dumpling Tree,,,,,,,,"A Cambridge Chinese spot focused on Yunnan flavours, with handmade rice noodles and dumplings folded in-house every day. Expect a menu built for sharing, plus a bar that’s designed to pair with dumplings—signature cocktails, wines and spirits. The vibe suits both relaxed dinners and later nights, with DJ nights, special events and themed occasions like Chinese New Year and happy hour. If you fancy getting hands-on, there’s also a dumpling-making experience and masterclasses.",,,,TRUE,,,,,Perne Road,,https://www.thedumplingtree.com/,,"Su-Th 11:30-21:30; Fr,Sa 11:30-22:30",0.8600,0.0000,0.0000,0.0000,0.0000,0.0000,0.0000,0.9800,0.0000,0.0000,0.0000,ok,,,,,,,,,,,,
CB1,CB,node,24673114,node/24673114,52.188595,0.1398253,Rathmore Club,,,,,,,,"Set on Cherry Hinton Road in Cambridge, this family-run club has a relaxed, homey feel that suits everything from casual pints to bigger get-togethers. The bar is known for a strong beer selection, with Guinness singled out by reviewers, plus plenty of value-for-money drinks. There’s a lively games side too, with pool and snooker tables, and outdoor seating for warmer days. It also offers dine-in/takeaway options and a laid-back approach that can work well for group events (including school reunions). Clean, tidy bedrooms and communal spaces make it a practical choice for stays, with friendly staff helping you feel at home.",TRUE,TRUE,,,,TRUE,TRUE,,Cherry Hinton Road,+44 1223 245105,https://rathmore-club.goto-where.com/,,,0.7800,0.9500,0.0000,0.0000,0.8500,0.7500,0.0000,0.7000,0.0000,0.9000,0.9000,ok,,,,,,,,,,,,
CB1,CB,node,25285250,node/25285250,52.1989253,0.1390513,Devonshire Arms,Individual Pubs Ltd,,,,,,,,,,,TRUE,,,,1,Devonshire Road,+44 1223 318610,https://www.individualpubs.co.uk/devonshire/,,Mo-We 16:00-23:00; Th-Sa 12:00-23:00; Su 12:00-22:30,0.7400,0.9500,0.0000,0.0000,0.0000,0.0000,0.0000,0.9000,0.0000,0.0000,0.0000,ok,,,,,,,,,,,,
CB1,CB,node,25285271,node/25285271,52.1983154,0.1354166,Salisbury Arms,,,,,,,,"A craft pub in the heart of Cambridge, built for pizza nights and craft beer fans. Expect stone-baked pizza, a full food & drink menu, and plenty of value deals—from weekday lunches to pizza-and-pint offers. The venue also leans into community fun with quiz nights and regular events, plus World Cup live football coverage. Dogs are welcome in the bar area, and there’s a handy booking system for groups. With set food service times and late opening, it’s a go-to spot for casual meet-ups, family-friendly school-holiday promos, and midweek pints.",,,TRUE,TRUE,TRUE,,,76,Tenison Road,01223 576363,https://www.salisburyarmscambridge.co.uk/,,,0.7800,0.9500,0.0000,0.5500,0.0000,0.0000,0.9000,0.9500,0.9000,0.0000,0.0000,ok,,,,,,,,,,,,
CB1,CB,node,25285273,node/25285273,52.1993737,0.1351376,Live & Let Live,,,,,,,,,,,,,,,,40,Mawson Road,,,,,,,,,,,,,,,,,,,,,,,,,,,,
CB1,CB,node,25288641,node/25288641,52.1875591,0.1467045,The Rock,Greene King,,,,,,,"Set in Cambridge, The Rock is a classic pub hangout for drinks, pub classics and small plates, with a warm welcome and plenty of ways to catch up. Expect expertly-kept beers, favourite spirits and shots, plus a menu that includes deals like two mains, small plates and Sunday roasts. Sports fans can settle in for live football and rugby with Sky Sports and TNT Sports, and there’s a beer garden for post-work pints and weekend sessions. Dog-friendly and family-friendly, it’s also kitted out with a cashless pool table, dartboard and WiFi—ideal for a relaxed meet-up.",TRUE,,TRUE,TRUE,TRUE,TRUE,,200,Cherry Hinton Road,,https://www.greeneking.co.uk/pubs/cambridgeshire/rock,,11:00-23:00,0.8600,0.0000,0.0000,0.5500,0.9500,0.0000,0.9500,0.9500,0.9500,0.9000,0.0000,ok,,,,,,,,,,,,
CB24,CB,node,25612057,node/25612057,52.2549151,0.1041496,King William IV,,https://commons.wikimedia.org/wiki/Special:FilePath/Histon%2C_The_King_William_IV_-_geograph.org.uk_-_3800038.jpg,,,,,,"pub in Histon, South Cambridgeshire, England, UK",,,,,,,,8,Church Street,01223233930,https://www.kingbillhiston.co.uk/,Q26420307,"Mo,Tu 16:30-18:30; Th 16:30-22:00; We 16:30-20:30; Fr 15:30-22:00; Sa 12:00-20:00; Su 12:00-18:00",0.7800,0.9800,0.0000,0.7200,0.0000,0.0000,0.0000,0.2500,0.0000,0.0000,0.0000,ok,,,,,,,,,,,,
CB22,CB,node,25779979,node/25779979,52.1402923,0.1229162,The SideQuest,,,,,,,,"Set in the picturesque village of Little Shelford, this 16th-century coaching inn brings together a cosy, traditional pub feel and authentic Thai cooking. Expect a real log fire, low beamed ceilings, and a fully secured large beer garden with rattan-furnished patios. Food is served daily with homemade dishes cooked to order, plus take-away and local delivery (Wed–Sat evenings). The bar focuses on quality cask ales with rotating real ales, alongside a wide lager range, draught cider, and an extensive gin selection. A great stop for locals, diners, and travellers heading out from Cambridge.",TRUE,,,TRUE,,,,,,+44 1223 843901,https://www.thenavigator-thai.co.uk/,,,0.8600,0.0000,0.0000,0.0000,0.9500,0.0000,0.0000,0.9800,0.0000,0.0000,0.0000,ok,,,,,,,,,,,,
CB25,CB,node,26113438,node/26113438,52.25186,0.2952122,Red Lion,,https://commons.wikimedia.org/wiki/Special:FilePath/The_Red_Lion%2C_Swaffham_Prior_-_geograph.org.uk_-_1181704.jpg,,,,,,"pub in Swaffham Prior, East Cambridgeshire, Cambridgeshire, England, UK",,,,TRUE,,,,,,,https://www.redlion-sp.co.uk/,Q26419962,,0.7200,0.0000,0.0000,0.0000,0.0000,0.0000,0.0000,0.7800,0.0000,0.0000,0.0000,ok,,very_thin_scrape,,,,,,,,,,
CB7,CB,node,26117016,node/26117016,52.3116378,0.3034194,Maid's Head,,https://commons.wikimedia.org/wiki/Special:FilePath/Wicken_buildings_(geograph_6725858).jpg,,,,,,"pub in Wicken, East Cambridgeshire, England, UK",,,,TRUE,,,,,,01353 524166,https://www.maidshead.co.uk/,Q26419384,,0.8600,0.9500,0.0000,0.0000,0.0000,0.0000,0.0000,0.9500,0.0000,0.0000,0.0000,ok,,,,,,,,,,,,
CB21,CB,node,26531001,node/26531001,52.1167337,0.2388543,Three Tuns,,https://commons.wikimedia.org/wiki/Special:FilePath/The_Three_Tuns%2C_Great_Abington_-_geograph.org.uk_-_1597135.jpg,,,,,,"pub in Great Abington, South Cambridgeshire, England, UK",,,,TRUE,,,TRUE,,,+44 1223 891 467,https://www.thethreetuns-greatabington.co.uk/,Q26420600,,0.7800,0.9500,0.2500,0.0000,0.0000,0.0000,0.0000,0.9000,0.0000,0.0000,0.9500,ok,,,,,,,,,,,,
CB23,CB,node,26660989,node/26660989,52.2397665,0.0219337,Black Horse,,https://commons.wikimedia.org/wiki/Special:FilePath/The_Black_Horse_Inn%2C_Dry_Drayton_-_geograph.org.uk_-_7547651.jpg,,,,,,"pub in Dry Drayton, South Cambridgeshire, England, UK",,,,,,,,35,Park Street,,https://www.blackhorsedrydrayton.com/,Q26420662,,,,,,,,,,,,,scrape_failed,too_short:96_chars,scrape_failed,too_short:96_chars,,,,,,,,,
CB25,CB,node,26976846,node/26976846,52.2715375,0.1889567,Brewery Tap,,,,,,,,,,,,,,,,,,,,,,,,,,,,,,,,,,,,,,,,,,,,,
CB24,CB,node,29676417,node/29676417,52.2960988,-0.0378902,The Three Tuns,,https://commons.wikimedia.org/wiki/Special:FilePath/The_Three_Tuns_inn_at_Fen_Drayton_(geograph_4071799).jpg,,,,,,"inn in Fen Drayton, South Cambridgeshire, England, UK",TRUE,TRUE,,TRUE,,,,,High Street,01954 230242,https://threetunsfendrayton.co.uk/,Q17544354,,0.8600,0.9500,0.0000,0.0000,0.9000,0.9500,0.0000,0.9500,0.0000,0.0000,0.0000,ok,,,,,,,,,,,,
CB21,CB,node,30152966,node/30152966,52.0979157,0.2772189,Dog & Duck,,https://commons.wikimedia.org/wiki/Special:FilePath/Dog%26Duck%2C_Linton%2C_Cambridgeshire.jpg,,,,,,"inn in Linton, South Cambridgeshire, England, UK",,,,TRUE,,,,63,High Street,,https://www.dogandduck-linton.co.uk/,Q26456060,,0.6200,0.0000,0.0000,0.0000,0.0000,0.0000,0.0000,0.7800,0.0000,0.0000,0.0000,ok,,,,,,,,,,,,
CB21,CB,node,30152969,node/30152969,52.0962236,0.2745235,The Crown,,,,,,,,"Step into a cosy 17th-century coaching inn in the historic village of Linton, with a real fire, snug nooks and a relaxed bar atmosphere. Meals are served in both the bar and a bright conservatory restaurant, with a seasonal, locally sourced menu and daily specials. Expect plenty of community buzz too: bingo nights, charity events, foodie offers, plus live music and DJ nights with free entry to music events. It’s a welcoming stop for everyone in the heart of the village—ideal for a laid-back drink or a proper meal after exploring Cambridgeshire.",,TRUE,,TRUE,,,,,,01223 891759,https://crownatlinton.co.uk/,,,0.8600,0.9500,0.0000,0.5500,0.0000,0.9000,0.0000,0.9500,0.7000,0.0000,0.0000,ok,,,,,,,,,,,,
CB21,CB,node,30153028,node/30153028,52.0975045,0.2832695,Waggon & Horses,,https://commons.wikimedia.org/wiki/Special:FilePath/Linton_buildings_(7)_(geograph_6170932).jpg,,,,,,"pub in Linton, South Cambridgeshire, England, UK",,,,,,,,110,High Street,,,Q26420570,,,,,,,,,,,,,,,,,,,,,,,,,
CB22,CB,node,33129159,node/33129159,52.1246992,0.0994388,Queen's Head,,https://commons.wikimedia.org/wiki/Special:FilePath/The_Queen's_Head%2C_Newton_Cambs.JPG,,,,,,"pub in Newton, South Cambridgeshire, England, UK",TRUE,,,TRUE,TRUE,,,,,01223 870436,https://www.queensheadnewton.co.uk/,Q26458558,,0.8600,0.9500,0.0000,0.4500,0.9000,0.0000,0.0000,0.9800,0.8500,0.0000,0.0000,ok,,,,,,,,,,,,
CB23,CB,node,33129704,node/33129704,52.1823617,0.0567843,The Hoops,,https://commons.wikimedia.org/wiki/Special:FilePath/The_Hoops%2C_Barton_-_geograph.org.uk_-_705377.jpg,,,,,,"pub in Barton, South Cambridgeshire, England, UK",TRUE,,,,TRUE,,,,,,https://the-hoops.co.uk/,Q26596670,,0.7800,0.0000,0.0000,0.6200,0.8600,0.0000,0.0000,0.7400,0.8200,0.0000,0.0000,ok,,,,,,,,,,,,
CB10,CB,node,41036541,node/41036541,52.0839352,0.1821939,Red Lion,,https://commons.wikimedia.org/wiki/Special:FilePath/The_Red_Lion%2C_Hinxton_-_geograph.org.uk_-_757970.jpg,,,,,,"pub in Hinxton, South Cambridgeshire, England, UK",TRUE,,,TRUE,TRUE,,TRUE,32,High Street,+44 1799 530 601,https://redlionhinxton.co.uk/,Q26420952,,0.9000,0.0000,0.8500,0.7000,0.9500,0.0000,0.0000,0.9500,0.9000,0.0000,0.9500,ok,,,,,,,,,,,,
CB23,CB,node,60850826,node/60850826,52.1541094,0.0124804,The Wheatsheaf,,,,,,,,,,,,,,,,,Cambridge Road,,http://www.lapergolacambridge.co.uk/the-wheatsheaf/,,,,,,,,,,,,,,scrape_failed,too_short:42_chars,scrape_failed,too_short:42_chars,,,,,,,,,
CB24,CB,node,148190061,node/148190061,52.3101619,0.0548797,The Porterhouse,,,,,,,,"Set on Station Road in Willingham, this pub pairs a proper drinks menu with a full restaurant offering, including breakfast, Sunday lunch, pizza & pint, and takeaway options. There’s also a dedicated tipi space for dining and a Bed & Breakfast stay for longer visits. Use the “Book a Table” option to plan ahead, and check the What’s On section for events. A friendly local stop with food-focused menus alongside classic pub drinks.",,,,TRUE,,,TRUE,1,Station Road,01954 488 080,https://theporterhousepub.com/,,"Mo-Sa 17:00-23:00, Su 12:00-15:00",0.7800,0.9800,0.0000,0.0000,0.0000,0.0000,0.0000,0.9000,0.0000,0.0000,0.9500,ok,,,,,,,,,,,,
CB6,CB,node,255594710,node/255594710,52.3486154,0.2189977,Red Lion,,,,,,,,"A friendly traditional pub set in the rural village of Stretham, between Ely and Cambridge. Expect a relaxed local atmosphere with a beer garden, free Wi‑Fi, and customer parking. The menu covers comfort classics like Sunday lunch, breakfast, sandwiches and bagels, plus a range of beers and soft drinks. Fridays bring a food van, with occasional live music and seasonal events/parties. There’s also private hire available, and the pub offers en-suite accommodation—ideal for a weekend stopover.",TRUE,TRUE,,TRUE,TRUE,,TRUE,47,High Street,01353 648132,https://www.theredlionstretham.co.uk/,,,0.8600,0.9800,0.0000,0.0000,0.9500,0.7800,0.0000,0.9500,0.9000,0.0000,0.9000,ok,,,,,,,,,,,,
CB1,CB,node,262797752,node/262797752,52.2074415,0.1222216,The Cambridge Brew House,,,,,,,,"A lively Cambridge brewpub on King Street where craft beer is brewed on site and served alongside “messy” elevated food, weekend brunch and beer cocktails. Expect big-screen live sports with a loud, packed atmosphere—especially during World Cup football—plus brewery tours for curious visitors. With two event spaces (one with a private bar and one overlooking the brewery floor), it’s a great spot for birthdays, corporate gatherings and team celebrations. Open late on Fridays, with food served from late morning into the evening.",,,TRUE,TRUE,,,,1,King Street,+44 1223 855185,https://www.thecambridgebrewhouse.com/,,"Mo-Th 11:00-23:30; Fr, Sa 11:00-00:00; Su 11:00-22:30",0.8600,0.0000,0.0000,0.0000,0.0000,0.0000,0.9500,0.9500,0.0000,0.0000,0.0000,ok,,name_or_location_mismatch,"The provided context pub name is “The Cambridge Brew House”, but the page content prominently names “King Street Brewhouse” and gives the address “1 King Street, Cambridge, CB1 1LH”, which may refer to a different venue.",,,,,,,,,
CB2,CB,node,302381593,node/302381593,52.2006666,0.1197199,Little Rose,,https://commons.wikimedia.org/wiki/Special:FilePath/37_Trumpington_Street%2C_Cambridge.jpg,,,,,,"inn in Cambridge, Cambridgeshire, England, UK",,,,TRUE,TRUE,,,37,Trumpington Street,,https://www.littlerosecambridge.com/,Q26626687,"Mo-Sa 12:00-23:00, Su 12:00-22:00",0.7800,0.0000,0.0000,0.4500,0.0000,0.0000,0.0000,0.9000,0.9500,0.0000,0.0000,ok,,,,,,,,,,,,
CB25,CB,node,304736366,node/304736366,52.2799663,0.3247658,The Fox,,https://commons.wikimedia.org/wiki/Special:FilePath/The_Fox%2C_Burwell_-_geograph.org.uk_-_1225087.jpg,,,,,,"pub in Burwell, East Cambridgeshire, England, UK",TRUE,,,,,,,2,North Street,+44 1638 741267,https://www.thefoxburwell.co.uk/,Q26419376,,0.6200,0.9500,0.0000,0.0000,0.9000,0.0000,0.0000,0.0000,0.0000,0.0000,0.0000,ok,,,,,,,,,,,,
CB25,CB,node,304736391,node/304736391,52.284466,0.324657,The Anchor,,,,,,,,"Set in a beautiful 18th-century, Grade II listed country pub, it’s all rustic charm and cosy nooks, with a plentiful tap selection of beer and ale. The kitchen serves authentic Thai cuisine prepared by Thai chefs, with classic dishes plus weekly seasonal specials and fusion twists from chef Son. Expect options for different spice levels, from mild Massaman to hotter Jungle Curry, and a menu that changes regularly. Book ahead for a relaxed meal in a historic setting.",,,,TRUE,,,,63,North Street,,https://www.theanchorburwell.co.uk/,,,0.8600,0.0000,0.3500,0.0000,0.0000,0.0000,0.0000,0.9500,0.0000,0.0000,0.0000,ok,,,,,,,,,,,,
CB25,CB,node,304736523,node/304736523,52.2712636,0.3277123,The Five Bells,,,,,,,,"A traditional village pub in Burwell with a warm welcome, a quality drinks range and rotating real ales. Expect a proper kitchen with home-cooked food across the week, plus themed nights like Fish Fridays and Sunday roasts, alongside dine-in and takeaway pizza offers. There’s a cosy place to linger with two dining areas, a dog-friendly bar, and outside seating in a large enclosed rear garden with children’s play equipment. The barn and marquees are available for private hire, and you can even book the Winchester Golf Simulator for practice or a round with friends.",TRUE,,,TRUE,TRUE,,,44,High Street,01638 741404,https://www.fivebellsburwell.co.uk/,,,0.9000,0.9500,0.0000,0.0000,0.9500,0.0000,0.0000,0.9800,0.9000,0.0000,0.0000,ok,,,,,,,,,,,,
CB1,CB,node,429597760,node/429597760,52.2046367,0.1275966,The Clarendon Arms,,,,,,,,,,,,,,,,35-36,Clarendon Street,,https://www.theclarendonarms.com/,,"Mo-Th 12:00-23:00; Fr,Sa 12:00-23:30; Su 12:00-22:00",0.0000,0.0000,0.0000,0.0000,0.0000,0.0000,0.0000,0.0000,0.0000,0.0000,0.0000,ok,,possible_wrong_website,"The provided markdown content is for an adult video/clip website in Thai (explicit sexual content and gambling ads), with no pub-specific information matching The Clarendon Arms.",,,,,,,,,
CB7,CB,node,473728763,node/473728763,52.3289283,0.3479971,Carpenters Arms,,,,,,,,"A proper local with a warm, characterful feel—exposed beams, wood tones and open fires in the bar, plus a brighter glass restaurant at the back. The kitchen is open every day, serving a modern British menu with seasonal dishes and local suppliers, from quick bites to celebratory three-course suppers. There’s also garden dining for relaxed outdoor meals. When you fancy staying, there are four cosy bedrooms, and the place is dog-friendly with a special menu for furry guests. Set up for gatherings, birthdays and family meals, with woodland and the village common nearby for walks.",TRUE,,,TRUE,TRUE,,TRUE,76,Brook Street,,https://www.carpentersarmswilbraham.co.uk/,,,0.8600,0.0000,0.3500,0.0000,0.7800,0.0000,0.0000,0.9500,0.9000,0.0000,0.9000,ok,,,,,,,,,,,,
CB7,CB,node,473728905,node/473728905,52.3342618,0.3368668,The Fountain,,https://commons.wikimedia.org/wiki/Special:FilePath/The_Fountain%2C_Soham_-_geograph.org.uk_-_4351924.jpg,,,,,,"pub in Soham, East Cambridgeshire, England, UK",TRUE,TRUE,TRUE,,TRUE,TRUE,,1,Churchgate Street,,https://www.craftunionpubs.com/fountain-soham,Q26454435,,0.7800,0.0000,0.0000,0.5500,0.9000,0.8500,0.9500,0.0000,0.8500,0.9000,0.0000,ok,,,,,,,,,,,,
CB7,CB,node,473729205,node/473729205,52.3344962,0.3379195,Comrades Club,,,,,,,,"Set on Market Street in Soham, this well-established club has two bars serving beers, wines and spirits—ideal for a relaxed drink with friends. When the weather’s good, there’s an outdoor beer garden for summer sessions. Inside you can get competitive with a snooker and pool table, adding a social, games-led feel to the evening. Keep an eye on the club’s events page for what’s on.",TRUE,,,,,TRUE,,3,Market Street,01353 720393,https://sohamcomradesclub.co.uk/,,,0.7800,0.9500,0.0000,0.0000,0.9500,0.0000,0.0000,0.0000,0.0000,0.9000,0.0000,ok,,,,,,,,,,,,
CB7,CB,node,473729209,node/473729209,52.331818,0.3385115,Red Lion,,https://commons.wikimedia.org/wiki/Special:FilePath/Red_Lion_pub%2C_Soham.jpg,,,,,,"pub in Soham, East Cambridgeshire, England, UK",TRUE,,,TRUE,TRUE,,,17,High Street,01353 771633,https://www.redlionsoham.com/,Q26596815,,0.8600,0.9500,0.0000,0.0000,0.9000,0.0000,0.0000,0.9500,0.9000,0.0000,0.0000,ok,,,,,,,,,,,,
CB7,CB,node,473729213,node/473729213,52.3311149,0.3390493,The Ship,,,,,,,,,,,,,,,,2,High Street,,,,,,,,,,,,,,,,,,,,,,,,,,,,
CB3,CB,node,1594688118,node/1594688118,52.2120376,0.1130864,Architect,,,,,,,,,,,,,,,,43,Castle Street,,,,,,,,,,,,,,,,,,,,,,,,,,,,
CB3,CB,node,1594688120,node/1594688120,52.2119866,0.1134995,The Castle Inn,Adnams,https://commons.wikimedia.org/wiki/Special:FilePath/The_Castle_Inn_-_geograph.org.uk_-_3519208.jpg,,,,,,"pub in Cambridge, Cambridgeshire, England, UK",TRUE,,,TRUE,,,,38,Castle Street,01223 353194,https://www.thecastleinn.pub/,Q26405672,Mo-Su 12:00-23:00,0.8600,0.9500,0.5500,0.7800,0.9000,0.0000,0.0000,0.9500,0.0000,0.0000,0.0000,ok,,,,,,,,,,,,
CB1,CB,node,1832280892,node/1832280892,52.2072285,0.1252435,King Street Run,,https://commons.wikimedia.org/wiki/Special:FilePath/The_King_Street_Run_-_geograph.org.uk_-_4008241.jpg,,,,,,"pub in Cambridge, Cambridgeshire, England, UK",,,,,,,,86-88,King Street,,,Q6412095,"Mo-Th 15:00-23:00, Fr,Sa 11:00-24:00, Su 12:00-23:00",,,,,,,,,,,,,,,,,,,,,,,,
CB2,CB,node,2021774032,node/2021774032,52.2006592,0.1266794,The Grain & Hop Store,Greene King,,,,,,,"A contemporary Cambridge pub built for groups, with craft beer and cocktails plus a proper menu of burgers, pies and fish & chips. Settle in for live football atmosphere with Sky Sports and TNT Sports, and catch the action with fixtures and big tournament seat bookings. There’s a weather-permitting beer garden, WiFi and cashless pool table, dartboard and shuffleboard for laid-back competition. Families and dogs are welcome, and there’s a weekly pub quiz every Thursday. For nights out, try the karaoke pods—book a table and step into the spotlight.",TRUE,,TRUE,TRUE,TRUE,TRUE,,,Regent Terrace,,https://www.greeneking.co.uk/pubs/cambridgeshire/grain-and-hop-store,,,0.8600,0.0000,0.0000,0.5500,0.9500,0.0000,0.9500,0.9500,0.9000,0.9000,0.0000,ok,,,,,,,,,,,,
CB2,CB,node,2538127975,node/2538127975,52.2042033,0.1191156,The Pint Shop,,,,,,,,,,,,,,,,10,Peas Hill,,https://www.pintshop.co.uk/,,,0.6200,0.0000,0.0000,0.0000,0.0000,0.0000,0.0000,0.0000,0.0000,0.0000,0.0000,ok,,,,,,,,,,,,
CB1,CB,node,4820111626,node/4820111626,52.1949073,0.1376457,Station Tavern,Young's,,,,,,,"A quirky, cosy stop-off right by Cambridge train station, with a welcoming bar, an outdoor terrace for sunny afternoons, and a function room for parties and corporate gatherings. Expect a fresh, traditional seasonal British menu with ever-changing mains, plus sides and bar snacks. The bar is fully loaded with craft beers, an extensive wine list and a go-to selection of iconic cocktails, including a seasonal spritz menu with alcohol-free options. If you’re here for sport, settle in for World Cup action on big screens and enjoy a proper matchday atmosphere.",TRUE,,TRUE,TRUE,,,,2,Station Square,,https://www.thestationtavern.co.uk/,,,0.9000,0.0000,0.0000,0.5500,0.9000,0.0000,0.9500,0.9500,0.0000,0.0000,0.0000,ok,,,,,,,,,,,,
CB1,CB,node,5676057080,node/5676057080,52.1946413,0.1377721,Old Ticket Office,,,,,,,,"A beautifully restored pub right by Cambridge Railway Station, made for quick pints, long waits and easy meet-ups. Expect well-kept cask ales, rotating craft beers and a solid range of wines, ciders, spirits and soft drinks. There’s a bottle-shop for takeaways, plus a hatch window on Platform 4 serving Arabica coffee until 7pm and bacon or sausage baps from 7am–12pm. With big screens for major tournaments and a terrace for lingering, it’s a lively stop that still feels relaxed—whether you’re arriving, exploring or catching the next train.",TRUE,,TRUE,TRUE,,,,,Station Road,,https://www.oldticketoffice.com/,,"Mo 12:00-22:00; Tu-Th 12:00-23:00; Fr,Sa 12:00-24:00; Su 12:00-21:00",0.8600,0.0000,0.0000,0.5500,0.7800,0.0000,0.8200,0.9500,0.0000,0.0000,0.0000,ok,,,,,,,,,,,,
CB22,CB,node,8423728790,node/8423728790,52.144507,0.1472315,The Three Horseshoes,,,,,,,,"Set in the friendly village of Stapleford, this independent pub is known for award-winning hospitality and a proper cask beer focus, with frequent rotations across multiple hand pumps. Expect a seasonal menu alongside a well-chosen drinks list, working with local wine merchants. There’s an enclosed garden and plenty of parking, making it easy for families and visitors with dogs. Kitchen service runs most days with clear midday and evening windows, and you can book for groups—plus they offer group meze bookings.",TRUE,,,TRUE,TRUE,,,,,01223-503402,https://threehorseshoes-pub.com/,,"Mo,Tu 16:00-22:00; We-Sa 12:00-23:00; Su 12:00-22:00",0.7800,0.9500,0.0000,0.0000,0.9000,0.0000,0.0000,0.9500,0.8500,0.0000,0.0000,ok,,,,,,,,,,,,
CB5,CB,node,9042161425,node/9042161425,52.2084986,0.1392105,The Bird or Worm?,,,,,,,,,,,,,,,,122,Newmarket Road,,https://thebirdorworm.com/,,Mo-We 11:00-19:00; Th 11:00-21:00; Fr 11:00-23:00,0.4200,0.0000,0.0000,0.0000,0.0000,0.0000,0.0000,0.5500,0.0000,0.0000,0.0000,ok,,very_thin_scrape,,,,,,,,,,
CB2,CB,node,13142721772,node/13142721772,52.2028241,0.1235286,The Regal - JD Wetherspoon,JD Wetherspoon,,,,,,,,TRUE,,TRUE,TRUE,,,,,,01223 366459,https://www.jdwetherspoon.com/pubs/the-regal-cambridge/,,,0.7200,0.9800,0.0000,0.9000,0.9000,0.0000,0.7500,0.8500,0.0000,0.0000,0.0000,ok,,,,,,,,,,,,
CB1,CB,way,37800469,way/37800469,52.2012883,0.1407105,The Petersfield,,,,,,,,,,,,,,,,2,Sturton Street,,https://www.thepetersfield.co.uk/,,,0.0000,0.0000,0.0000,0.0000,0.0000,0.0000,0.0000,0.0000,0.0000,0.0000,0.0000,ok,,possible_wrong_website;very_thin_scrape,"The provided markdown shows a 'BOLDTHINGS™' studio/login page with no pub-specific content (no venue name, address, or details). This appears to be unrelated to the Petersfield pub.",,,,,,,,,
CB5,CB,way,45827856,way/45827856,52.2096423,0.1192179,The Maypole,Tolly Cobbold,https://commons.wikimedia.org/wiki/Special:FilePath/The_Maypole_-_geograph.org.uk_-_744248.jpg,,,,,1982,"pub in Cambridge, England",TRUE,,,TRUE,,,,20a,Portugal Place,+44 1223 352999,https://www.maypolefreehouse.co.uk/,Q113995971,"Su-Fr 12:00-14:30,17:30-23:00; Sa 12:00-23:00",0.8600,0.0000,0.9500,0.9000,0.9800,0.0000,0.0000,0.9000,0.0000,0.0000,0.0000,ok,,,,,,,,,,,,
CB1,CB,way,49810020,way/49810020,52.1841374,0.1723581,Robin Hood,Greene King,https://commons.wikimedia.org/wiki/Special:FilePath/The_Robin_Hood_and_Little_John%2C_Cherry_Hinton_-_geograph.org.uk_-_609477.jpg,,,,,,"pub in Cambridge, England",TRUE,,,TRUE,TRUE,,,1,Fulbourn Road,,https://www.greeneking-pubs.co.uk/pubs/cambridgeshire/robin-hood/,Q26491050,,0.7800,0.0000,0.0000,0.7400,0.9000,0.0000,0.0000,0.9500,0.9500,0.0000,0.0000,ok,,,,,,,,,,,,
CB1,CB,way,50928339,way/50928339,52.2038818,0.139364,The Alex,Greene King,,,,,,,"A lively Cambridge pub with a strong food focus—burgers and mains are available to eat in or take away, plus a rotating draught beer and cider selection. You can order and pay for food and drink to be delivered to your table or collect it. The venue also runs regular events, including Sunday sessions featuring live traditional music. Book ahead for a table, the garden room, or the garden, and keep an eye on seasonal updates and special offers.",TRUE,TRUE,,TRUE,,,,22-24,Gwydir Street,01223 324441,https://www.thealexcambridge.com/,,,0.7800,0.8600,0.0000,0.0000,0.7800,0.9000,0.0000,0.9500,0.0000,0.0000,0.0000,ok,,,,,,,,,,,,
CB1,CB,way,52115600,way/52115600,52.2054567,0.1400361,Dobblers Inn,,,,,,,,,,,,,,,,184,Sturton Street,,https://www.thedobblers.com/,,Mo-Th 14:00-23:00; Fr 13:30-23:00; Sa 12:00-23:00; Su 12:00-22:30,0.7200,0.0000,0.0000,0.0000,0.0000,0.0000,0.6200,0.0000,0.0000,0.5500,0.0000,ok,,,,,,,,,,,,
CB1,CB,way,67665889,way/67665889,52.2036588,0.1421985,The Geldart,,,,,,,,"A warm, friendly back-street pub in central Cambridge, built around a cosy real-ale bar with an open fire. Expect a great range of cask ales, draught beers, fine wines, whiskies and rums, plus home-cooked pub specials and innovative “hot rock” meals. Lunchtime Sunday roasts are on the menu. There’s also a large restaurant and a beautiful courtyard garden for a relaxed drink in the open air. Regular live music keeps the evenings lively—check the events listing to plan your visit.",TRUE,TRUE,,TRUE,,,,1,Ainsworth Street,01223 314264,https://www.the-geldart.co.uk/,,Tu-Th 17:00-23:00; Fr 17:00-24:00+; Sa 12:00-24:00+; Su 12:00-23:00,0.9000,0.9500,0.0000,0.0000,0.9500,0.9000,0.0000,0.9500,0.0000,0.0000,0.0000,ok,,,,,,,,,,,,
CB23,CB,way,74341420,way/74341420,52.2181331,-0.0678888,Monkfield Arms,,,,,,,,"A lively village pub in Cambourne with plenty happening after dark, plus a proper focus on food and drink. Drop in for a quick pint or settle down for a meal from a varied menu, including Sunday roasts. Expect well-kept cask ales alongside world lagers, wines and spirits. There’s a beer garden for dining outdoors, and the venue is dog-friendly in the bar area. For matchday, it leans into World Cup vibes with big screens across bar and dining spaces, plus quizzes and special events like karaoke and tribute nights. Facilities include a pool table, dartboard and car park.",TRUE,,TRUE,TRUE,TRUE,TRUE,,1,Monkfield Lane,01954 718914,https://www.monkfieldarmspub.co.uk/,,,0.8600,0.9800,0.0000,0.5500,0.9800,0.7200,0.9000,0.9800,0.9800,0.9800,0.0000,ok,,,,,,,,,,,,
CB24,CB,way,95941903,way/95941903,52.2516062,0.1062871,The Boot,Heartwood Inns,https://commons.wikimedia.org/wiki/Special:FilePath/Histon%2C_The_Boot_-_geograph.org.uk_-_2265065.jpg,,,,,,"pub in Histon, Cambridgeshire, England, UK",TRUE,,,TRUE,TRUE,,,1,High Street,+44 1223 209010,https://boothiston.com/,Q26616194,Mo-Sa 12:00-23:00; Su 12:00-22:00,0.8600,0.0000,0.0000,0.6200,0.9500,0.0000,0.0000,0.9800,0.9800,0.0000,0.7200,ok,,,,,,,,,,,,
CB24,CB,way,95941914,way/95941914,52.2527426,0.1043253,The Red Lion,,,,,,,1836,"A much-loved village beer house in Histon with a warm, settle-in feel—ideal for relaxed lunches, evenings with friends, or a quiet drink at the bar. Expect seasonal pub classics and a proper menu, plus lighter options and sharing dishes. When the big moments hit, there are big screens and a lively World Cup atmosphere. There’s also a cosy stay: four modern en-suite boutique rooms, along with a Bottle Room for private celebrations. Keep an eye on quizzes and community events, and enjoy summer spritzes in the pub and garden.",,,TRUE,TRUE,,,TRUE,27,High Street,,https://theredlionhiston.co.uk/,,,0.8600,0.0000,0.9200,0.5500,0.7200,0.0000,0.9000,0.9500,0.0000,0.6200,0.9000,ok,,,,,,,,,,,,
CB24,CB,way,96886062,way/96886062,52.251816,0.1057326,The Barley Mow,,,,,,,,,,,,,,,,7,High Street,01223 651003,https://www.barleymowhiston.co.uk/,,Mo-Su 12:00-22:00+,0.3500,0.9500,0.0000,0.0000,0.0000,0.0000,0.0000,0.0000,0.0000,0.0000,0.0000,ok,,very_thin_scrape,,,,,,,,,,
CB23,CB,way,101893151,way/101893151,52.255071,0.0206319,The Fox,,,,,,,,"A modern, family-friendly pub in Bar Hill, tucked between Lolworth and Dry Drayton. Settle into the lively local atmosphere at Gladeside, with a menu built around proper pub classics, hearty roasts and bar snacks, plus small plates for kids. The bar is stocked with lagers, spirits, wines and cocktails—ideal for everything from a casual pint to game-day celebrations. Expect regular entertainment nights (including live music from 8pm) and plenty of sport coverage, with World Cup and match-day buzz, plus quiz nights and special promotions.",,TRUE,TRUE,TRUE,,,,,,07821119324,https://www.foxbarhill.com/,,,0.8600,0.9500,0.0000,0.0000,0.0000,0.9000,0.7800,0.9500,0.0000,0.5500,0.0000,ok,,,,,,,,,,,,
CB4,CB,way,104927159,way/104927159,52.2227498,0.1364193,Milton Arms,Hungry Horse,,,,,,,"Set on the outskirts of Cambridge, this family-friendly Hungry Horse pub-restaurant is built for easy dining and big-match nights. Expect a Hungry Horse menu with classic pub favourites like stacked burgers, plus breakfast and daily deals. When sport’s on, settle in for Sky Sports and TNT Sports with big screens and fixtures across major leagues and internationals. There’s also a cashless pool table and dartboard for laid-back competition, WiFi, EV charging and a car park. In summer, the beer garden adds extra space for kids and grown-ups alike.",,,TRUE,TRUE,,TRUE,,,Milton Road,,https://www.hungryhorse.co.uk/pubs/cambridgeshire/milton-arms/,,,0.8600,0.0000,0.0000,0.7800,0.7200,0.0000,0.9500,0.9500,0.0000,0.9000,0.0000,ok,,,,,,,,,,,,
CB3,CB,way,108883430,way/108883430,52.1803892,0.0955864,Red Lion,,,,,,,,,,,,,,,,33,High Street,,https://www.metropolitanpubcompany.com/our-pubs/the-red-lion/,,,0.0000,0.0000,0.0000,0.3500,0.0000,0.0000,0.0000,0.0000,0.0000,0.0000,0.0000,ok,,generic_chain_page,"The provided markdown is a generic Metropolitan Pub Company landing page with category links (e.g., dog-friendly, Sunday roast, hotels) and does not include venue-specific details for The Red Lion.",,,,,,,,,
CB4,CB,way,110256311,way/110256311,52.2136541,0.123844,The Tivoli,City Pub Group,https://commons.wikimedia.org/wiki/Special:FilePath/The_Graduate_(aka_Barfly)%2C_Chesterton_Road_-_geograph.org.uk_-_823351.jpg,,,,,,"pub in Cambridge, Cambridgeshire, England, UK",,TRUE,TRUE,TRUE,TRUE,TRUE,,16,Chesterton Road,,https://www.thetivoli.co.uk/,Q39197395,,0.9000,0.0000,0.0000,0.0000,0.2000,0.8500,0.9500,0.9500,0.8500,0.8000,0.0000,ok,,,,,,,,,,,,
CB4,CB,way,110256313,way/110256313,52.2144217,0.1277523,Old Spring,,,,,,,,"A lively Cambridge pub on Ferry Path, open daily from midday until late. Expect a proper food-led calendar: Greek Night every Thursday and Friday from 6pm, plus a Sunday roast service running 12–6 with beef, chicken and pork. There are weekly signature dishes and blackboard specials, and roast dinners are limited so booking is advised. The 241 Cocktail Club runs every Thursday 4–8pm with 2-for-1 cocktails. There’s also space for buffet and party bookings, and parking is available with on-site car registration.",,,,TRUE,,,,1,Ferry Path,01223 357228,https://theoldspring.co.uk/,,Mo-Su 12:00-23:30,0.8600,0.9800,0.0000,0.0000,0.0000,0.0000,0.0000,0.9500,0.0000,0.0000,0.0000,ok,,,,,,,,,,,,
CB4,CB,way,110256317,way/110256317,52.2136996,0.1235262,The Boathouse,,,,,,,,"Set on the River Cam, this warm Cambridge pub is a short walk from the university and a quick hop into the city centre. Expect a buzzing, welcoming atmosphere with a proper pub menu (including Sunday roasts and seasonal specials) plus a wide drinks range of pints, cocktails and soft drinks. There’s a beer garden for relaxed sessions, WiFi and a car park, and it’s set up for families and functions. Sports fans can settle in for live football with Sky Sports and TNT Sports, and there are regular match-day booking options and World Cup/Super Bowl promotions.",TRUE,,TRUE,TRUE,TRUE,,,14,Chesterton Road,,https://www.greeneking.co.uk/pubs/cambridgeshire/boathouse,,,0.8600,0.0000,0.0000,0.5500,0.9500,0.0000,0.9500,0.9500,0.9000,0.0000,0.0000,ok,,,,,,,,,,,,
CB5,CB,way,118943808,way/118943808,52.2095223,0.1434344,Corner House,,,,,,,,"A lively Newmarket Road corner pub in Cambridge with Art Deco charm, timber snugs and real ales on tap. Expect a Nepalese-led kitchen alongside pub classics, with hand-pleated momo, slow-braised curries and tandoori grills—plus takeaway and delivery. Matchdays are a big deal: HD screens indoors and an outdoor projector for major fixtures. When the weather’s good, the heated garden and private cabins (with table service) make after-work drinks and easy outdoor dining feel extra special. Great for families and groups, with cosy dining areas and free Wi‑Fi.",TRUE,,TRUE,TRUE,,,,231,Newmarket Road,01223603907,https://www.thecornerhousepub.co/,,"Mo-Th 12:00-22:00; Fr,Sa 12:00-23:00; Su 12:00-22:00",0.8600,0.9800,0.5500,0.7200,0.9500,0.0000,0.9000,0.9800,0.6200,0.0000,0.5500,ok,,,,,,,,,,,,
CB24,CB,way,125534838,way/125534838,52.2437953,0.1618802,Lion & Lamb,,https://commons.wikimedia.org/wiki/Special:FilePath/The_Lion_and_Lamb%2C_Milton_-_geograph.org.uk_-_823097.jpg,,,,,,"pub in Milton, South Cambridgeshire, England, UK",,,,,,,,19,High Street,,http://www.lionandlambmilton.co.uk/,Q26420262,"Tu-Th 12:00-21:00; Fr,Sa 12:00-18:00+; Su 12:00-18:00+",,,,,,,,,,,,scrape_failed,too_short:42_chars,scrape_failed,too_short:42_chars,,,,,,,,,
CB24,CB,way,125543652,way/125543652,52.2439244,0.1647833,The Brewers Inn,,https://commons.wikimedia.org/wiki/Special:FilePath/Jolly_Brewers_-_geograph.org.uk_-_4973606.jpg,,,,,,"pub in Milton, South Cambridgeshire, England, UK",,,,TRUE,,,TRUE,5,Fen Road,+44 1223 861349,https://www.thebrewersinncambridge.co.uk/,Q26616238,,0.8600,0.0000,0.0000,0.0000,0.0000,0.0000,0.0000,0.9800,0.0000,0.0000,0.9500,ok,,,,,,,,,,,,
CB24,CB,way,125553129,way/125553129,52.2432599,0.1615111,The White Horse,,https://commons.wikimedia.org/wiki/Special:FilePath/The_White_Horse%2C_Milton_-_geograph.org.uk_-_823095.jpg,,,,,,"pub in Milton, South Cambridgeshire, England, UK",,,,,,,,20-22,High Street,,https://thewhitehorsemilton.co.uk/,Q26616240,"Mo-Th 11:00-11:00, Fr,Sa 11:00-24:00, Su 12:00-22:30",0.0000,0.0000,0.0000,0.0000,0.0000,0.0000,0.0000,0.0000,0.0000,0.0000,0.0000,ok,,possibly_closed;very_thin_scrape,"The provided markdown is a 'Page Not Found' error, so venue-specific details are missing and the site may not be serving the expected content.",,,,,,,,,
CB21,CB,way,125662864,way/125662864,52.2037798,0.2565659,The Hole in the Wall,,https://commons.wikimedia.org/wiki/Special:FilePath/'The_Hole_In_The_Wall'_inn_-_geograph.org.uk_-_486909.jpg,,,,,,"pub in Little Wilbraham, South Cambridgeshire, England, UK",,,,TRUE,TRUE,,,,,01223 848 616,https://www.holeinthewalldining.co.uk/,Q26616202,,0.8600,0.9800,0.6200,0.0000,0.7200,0.0000,0.0000,0.9800,0.9500,0.0000,0.0000,ok,,,,,,,,,,,,
CB4,CB,way,126246128,way/126246128,52.2221116,0.1188625,The Carlton Arms,Trudy Nixon,,,,,,,"A traditional community pub just north of Cambridge, run by Trudy Nixon. Expect a relaxed, friendly atmosphere with a strong real-ale reputation, plus draught lagers, cask ales, ciders, wines, spirits and hot drinks. Food is cooked to order using locally sourced, homemade ingredients, with a Sunday carvery served 12–4pm. There’s a big car park and a beer garden with a bouncy castle and children’s play area. Weekly highlights include karaoke every Sunday night and themed food nights (Caribbean Wednesdays, Spanish Fridays). The public bar has a pool table and two dart boards, with teams for both.",TRUE,TRUE,,TRUE,,TRUE,,,Carlton Way,01223 367422,https://thecarltonarmscambridge.co.uk/,,,0.9200,0.9800,0.0000,0.9000,0.9500,0.8500,0.0000,0.9800,0.0000,0.9800,0.0000,ok,,,,,,,,,,,,
CB24,CB,way,126267419,way/126267419,52.2447502,0.163374,Waggon & Horses,,,,,,,,"A historic, family-run pub in Milton, reimagined with traditional warmth and contemporary dining. Expect craft ales, cocktails and locally sourced seasonal dishes, plus a family-focused setup with a purpose-built enclosed toddler soft play (0–3s only) and a café area for breakfast and lunch. When the weather’s good, there’s al fresco dining in a spacious, secure garden with an adventure area for little ones. For a longer stay, there are luxury garden pods with private patios, en-suite bathrooms and WiFi—ideal for couples or solo retreats. Entertainment is currently paused, but new things are coming soon.",TRUE,,,TRUE,,,TRUE,39,High Street,,https://waggonmilton.co.uk/,,Mo-We 09:30-23:00; Th 09:00-24:00; Sa-Su 09:00-01:00,0.8600,0.0000,0.0000,0.5500,0.9000,0.5500,0.0000,0.9500,0.0000,0.0000,0.9000,ok,,,,,,,,,,,,
CB4,CB,way,127367856,way/127367856,52.2310501,0.1288658,The Ship,,,,,,,,"A newly redeveloped Cambridge pub with a community feel, run by Andy and Mo. Expect a traditional pub menu alongside pizza and curry options, plus a dedicated drinks offering. The standout is the big-screen setup for major matches—listed fixtures for the Euros/World Cup are shown—making it ideal for watching sport with friends. There’s also a games-focused space with pool and darts, giving you plenty to do between rounds. Great for casual meet-ups, match nights, and laid-back evenings with food and drinks.",,,TRUE,TRUE,,TRUE,,,Northfield Avenue,,https://www.theshipcambridge.co.uk/,,Mo-Th 12:00-23:00; Fr 12:00-23:30; Sa 10:00-23:30; Su 12:00-22:30,0.8600,0.0000,0.0000,0.5500,0.0000,0.0000,0.9500,0.9000,0.0000,0.9000,0.0000,ok,,,,,,,,,,,,
CB21,CB,way,127563477,way/127563477,52.1957964,0.2663254,Wilbrahams’ Hall Social Club,,,,,,,,,,,,,,,,,High Street,,https://www.wilbrahams.co.uk/wilbrahams-hall-social-club/,,,0.0000,0.0000,0.0000,0.0000,0.0000,0.0000,0.0000,0.0000,0.0000,0.0000,0.0000,ok,,possibly_closed,"The provided markdown is a generic '404 - Page not found' page with no venue-specific content, so the pub details could not be extracted.",,,,,,,,,
CB3,CB,way,127812957,way/127812957,52.2134269,0.1121754,Sir Isaac Newton,,,,,,,,"Set on Castle Street, this large, airy pub is a comfortable spot for homemade comfort food, from pies to burgers, alongside a wide range of drinks. Upstairs, a beautiful mezzanine level features a distinctive mural of apple trees, adding character to the space. If you’re here for sport, there are many screens for the big games. Regular quiz nights bring a lively, community feel, and it’s very dog friendly—so you can bring your four-legged companion along for a relaxed drink and bite.",,,TRUE,TRUE,TRUE,,,84,Castle Street,+441223305555,https://www.sirisaacnewton-cambridge.co.uk/,,"PH,Mo-Su 11:30-18:00+",0.8600,0.9800,0.0000,0.0000,0.0000,0.0000,0.9000,0.9500,0.9200,0.0000,0.0000,ok,,,,,,,,,,,,
CB4,CB,way,127965084,way/127965084,52.2279675,0.1455712,The Golden Hind,,,,,,,,"A Cambridge Greene King pub with a heritage feel and a big focus on food and drink. Expect ice-cold beers, spirits and pub classics, plus small plates and proper Sunday roasts. There’s a lively beer garden with covered seating, picnic tables, umbrellas and string lights—ideal for post-work catch-ups or weekend sessions. Sports fans can settle in for live football with Sky Sports and TNT Sports, and there’s a dedicated sports booking/fixtures page. Inside you’ll find a games area with a pool table and dartboard, plus WiFi and EV charging. Dogs and families are welcome.",TRUE,,TRUE,TRUE,TRUE,TRUE,,,Milton Road,+44 1223 420816,https://www.greeneking.co.uk/pubs/cambridgeshire/golden-hind,,,0.8600,0.0000,0.0000,0.7200,0.9500,0.0000,0.9500,0.9500,0.9500,0.9000,0.0000,ok,,,,,,,,,,,,
CB23,CB,way,129105260,way/129105260,52.1785608,0.0624125,The White Horse,,,,,,,,"In the small village of Barton on the A603, this traditional inn is a handy stop near Cambridge and Wimpole Hall. Expect a cosy feel with a classic inglenook fireplace, plus a Thai twist: the kitchen serves an array of Thai cuisine, with the team led by Noi and her experience from the Cambridge area. It’s also a comfortable overnight option with double en-suite rooms, free Wi‑Fi and continental breakfast. A warm, convenient base for visitors heading in and out of Cambridge.",,,,TRUE,,,TRUE,,,01223 262327,https://www.thewhitehorseinnbarton.co.uk/,,,0.7800,0.9500,0.0000,0.0000,0.0000,0.0000,0.0000,0.9000,0.0000,0.0000,0.9500,ok,,,,,,,,,,,,
CB4,CB,way,131306510,way/131306510,52.2174604,0.1394539,The Haymakers,Milton Brewery,,,,,,,"A classic High Street pub in Chesterton, Cambridge, serving drinks with a proper kitchen schedule throughout the week. You’ll find weekday hours from lunchtime through late evening, with extended kitchen times on Saturdays and Sundays. It’s set up for walk-ins, with bookings only taken for groups of eight or more to keep space comfortable. Drop in for a relaxed pub stop on the corner of the High Street, and check the kitchen window if you’re planning food.",,,,TRUE,,,,54,High Street,+44 1223 318077,https://www.individualpubs.co.uk/haymakers/,,,0.7800,0.9500,0.0000,0.0000,0.0000,0.0000,0.0000,0.9000,0.0000,0.0000,0.0000,ok,,,,,,,,,,,,
CB1,CB,way,132851029,way/132851029,52.1960794,0.1554075,The Brook,,,,,,,,"A family-friendly Indian gastro pub with a traditional dining kitchen and a menu built around Bharat flavours, from butter chicken to naan. The bar focuses on cask ales, craft beers, ciders, cocktails and premium spirits, with low-alcohol and soft drinks plus quality coffee and tea. Set up for match-day energy, it shows TNT Sports on five large screen TVs. There’s a cosy fire for colder days and a garden for summer visits, plus free customer parking in a large car park.",TRUE,,TRUE,TRUE,,,,25,Brookfields,+44 1223 410023,https://thebrookpub.co.uk/,,Su-Tu 12:00-22:00; We-Sa 12:00-23:00,0.8600,0.9800,0.0000,0.0000,0.8200,0.0000,0.9500,0.9000,0.0000,0.0000,0.0000,ok,,,,,,,,,,,,
CB1,CB,way,134111534,way/134111534,52.1969813,0.149732,Royal Standard,,,,,,,,"A beer-lover’s stop on Mill Road, built around an impressive Belgian draught range, real ale and real cider, plus wines, gins and spirits. The pub is also home to Tzatziki Greek Kitchen, serving souvlakis and other Greek street-food favourites via QR codes for in-house dining and takeaway/delivery. Expect a lively programme of brewery takeovers and collaborations, with CAMRA award recognition for its cider and community credentials. Open daily from midday, with free on-street parking nearby—ideal for a relaxed pint and a proper bite.",,,,TRUE,,,,292,Mill Road,01223 569065,https://cambridge.pub/royal-standard/,,Mo-Fr 16:00-23:00; Sa 12:00-23:00; Su 12:00-22:30,0.8600,0.9500,0.0000,0.5500,0.0000,0.0000,0.0000,0.9000,0.0000,0.0000,0.0000,ok,,,,,,,,,,,,
CB1,CB,way,134125339,way/134125339,52.2003729,0.1397405,Kingston Arms,,,,,,,,,,,,,,,,33,Kingston Street,,http://www.kingstonarms.co.uk/,,Mo-Su 11:30-23:00,,,,,,,,,,,,scrape_failed,"firecrawl:DNS resolution failed for hostname ""www.kingstonarms.co.uk"". This means the domain name could not be translated to an IP",scrape_failed,"firecrawl:DNS resolution failed for hostname ""www.kingstonarms.co.uk"". This means the domain name could not be translated to an IP",,,,,,,,,
CB1,CB,way,134385094,way/134385094,52.2048657,0.1366267,The Blue Moon,,,,,,,,"A lively Cambridge pub built around music, craft beer and pizza. Expect a big craft-beer focus with 20 keg lines and 4 casks, plus a standout gin list (100+ options) and plenty of spirits. Pizza is served daily via Oscar’s Lockdown Pizza, with handmade sourdough bases and a strong vegan selection. The front bar runs monthly tap takeovers (first Thursday) with 10 beers from a single brewer, often paired with street-food vans. Regular nights include quiz (Wednesdays), RPG (Mondays), open-mic scratch (last Thursday), improvised comedy (last Sunday) and a goth club night on the first Friday.",,TRUE,,TRUE,,,,2,Norfolk Street,,https://cambridge.pub/blue-moon/,,"Mo-We 16:00-24:00, Su 16:00-23:00, Fr 16:00-02:00, Th 16:00-01:00, Sa 14:00-02:00",0.8600,0.0000,0.0000,0.5500,0.0000,0.7800,0.0000,0.9500,0.0000,0.0000,0.0000,ok,,,,,,,,,,,,
CB2,CB,way,134805845,way/134805845,52.197142,0.1294898,The Emperor,,,,,,,,,,,,,,,,21,Hills Road,+44 1223 464633,http://www.theemperorcambridge.com/,,,,,,,,,,,,,,scrape_failed,too_short:42_chars,scrape_failed,too_short:42_chars,,,,,,,,,
CB4,CB,way,136196114,way/136196114,52.2149913,0.1106845,The Grapes,,,,,,,,,,,,,,,,19,Histon Road,,,,,,,,,,,,,,,,,,,,,,,,,,,,
CB2,CB,way,136330945,way/136330945,52.2019315,0.1157523,The Anchor,,,,,,,,"A riverside Cambridge favourite set beside the River Cam, with standout views across the water to the Mathematical Bridge and Queens’ College. Settle in for classic ales and seasonal, fresh food, or head to the terrace deck to watch the punts go by. The menu includes a Prix Fixe option (two courses £18, three courses £22, Mon–Thu 12–8pm) plus regular offers like Wing Wednesday and Hello Friday Prosecco bottles. Sports fans can catch matches with Sky Sports and TNT Sports, and there’s a busy events calendar—plus a nod to Pink Floyd on the walls.",TRUE,,TRUE,TRUE,TRUE,,,,Silver Street,+44 1223 353554,https://www.anchorcambridge.com/,,,0.8600,0.0000,0.0000,0.0000,0.7800,0.0000,0.9000,0.9200,0.9500,0.0000,0.0000,ok,,,,,,,,,,,,
CB2,CB,way,136330946,way/136330946,52.2014876,0.116269,The Mill,Tolly Cobbold,https://commons.wikimedia.org/wiki/Special:FilePath/The_Mill_Public_House.jpg,,,,,,"pub in Cambridge, Cambridgeshire, England, UK",TRUE,,TRUE,TRUE,TRUE,,,14,Mill Lane,+44 1223 311829,https://www.themillpubcambridge.com/,Q26419121,"Mo-Fr 12:00-15:00,17:00-21:00; Sa-Su 12:00-21:00",0.9000,0.0000,0.0000,0.5500,0.9000,0.0000,0.9500,0.9500,0.9500,0.0000,0.0000,ok,,,,,,,,,,,,
CB5,CB,way,137326140,way/137326140,52.2097315,0.143954,The Seven Stars,,,,,,,,"A historic Cambridge pub on Newmarket Road, set in a Grade II listed building with a fresh, modern feel after a 2019 renovation. It’s also an Indian restaurant, serving a wide range of drinks alongside a seasonally changing menu of traditional Indian dishes. Expect plenty of vegetarian and vegan options, plus tandoor-cooked kebabs, vegetables and breads, with flavours built around classic spices. With a spacious, welcoming atmosphere and the option to book a table, it’s a great spot for a relaxed dinner just a short cycle from the city centre.",,,,TRUE,,,,249,Newmarket Road,+44 1223 360993,https://www.thesevenstars.pub/,,,0.8600,0.0000,0.0000,0.0000,0.0000,0.0000,0.0000,0.9500,0.0000,0.0000,0.0000,ok,,,,,,,,,,,,
CB5,CB,way,137328263,way/137328263,52.2109791,0.1462944,The Wrestlers,,,,,,,,,,,,,,,,337,Newmarket Road,+44 1223 566 554,http://www.charleswellspubs.co.uk/home/pub-guide/pub/wrestlers,,"Mo-Su 12:00-15:00,17:00-23:00",,,,,,,,,,,,scrape_failed,too_short:42_chars,scrape_failed,too_short:42_chars,,,,,,,,,
CB2,CB,way,137992313,way/137992313,52.2099259,0.116197,The Pickerel,Greene King,https://commons.wikimedia.org/wiki/Special:FilePath/The_Pickerel%2C_Cambridge.JPG,,,,,,"inn in Cambridge, Cambridgeshire, England, UK",TRUE,,,TRUE,TRUE,,,30,Magdalene Street,,https://www.greeneking.co.uk/pubs/cambridgeshire/pickerel-inn,Q26394918,,0.8600,0.0000,0.7200,0.7800,0.9500,0.0000,0.7000,0.9500,0.9500,0.0000,0.0000,ok,,,,,,,,,,,,
CB3,CB,way,143469264,way/143469264,52.1997039,0.1138481,The Granta,,,,,,,,"A historic, waterside pub in Cambridge with a traditional-meets-modern interior and a peaceful beer garden overlooking Mill Pond. Settle in for freshly cooked pub classics all week, plus Sunday roasts and options for vegan, vegetarian and non-gluten choices. There’s plenty to drink, from Greene King favourites to a wide beer range, and you can book for functions, meetings and celebrations. Dog-friendly and family-friendly, with WiFi and takeaway/delivery available. Expect a lively social calendar too—pub quiz nights every Monday and World Cup viewing promotions, with “what’s on” events throughout the year.",TRUE,,,TRUE,TRUE,,,14,Newnham Terrace,,https://www.greeneking.co.uk/pubs/cambridgeshire/granta,,,0.8600,0.0000,0.0000,0.5500,0.9500,0.2000,0.2500,0.9500,0.9500,0.0000,0.0000,ok,,,,,,,,,,,,
CB22,CB,way,147532393,way/147532393,52.1307147,0.2099435,George Inn,,https://commons.wikimedia.org/wiki/Special:FilePath/The_George_Inn_-_geograph.org.uk_-_5681017.jpg,,,,,1764,"pub in Babraham, South Cambridgeshire, England, UK",TRUE,,,TRUE,,,,,,,https://www.thegeorgeinnbabraham.co.uk/,Q26616047,,0.9200,0.0000,0.9000,0.5500,0.9500,0.0000,0.0000,0.9800,0.0000,0.0000,0.0000,ok,,,,,,,,,,,,
CB1,CB,way,148827006,way/148827006,52.204652,0.1328395,The Tram Depot,,,,,,,,"A characterful, historic city-centre bar in Cambridge, set in an iconic building that once served as stables and offices for the horse-drawn tramways. Expect a warm, friendly atmosphere with subtle nods to its past, plus a craft-focused bar offering cask ales, craft beers, ciders, cocktails, wines and spirits. In summer, the sunny terrace is ideal for a relaxed pint. The venue is also a go-to for lively nights out, from music and themed evenings to a monthly folk night and weekly speakeasy jazz jam. Dogs are welcome in the bar.",TRUE,TRUE,,,TRUE,,,2-5,Dover Street,01223 658227,https://thetramcambridge.co.uk/,,,0.8600,0.9500,0.0000,0.0000,0.9000,0.7800,0.0000,0.2000,0.9500,0.0000,0.0000,ok,,,,,,,,,,,,
CB2,CB,way,149032866,way/149032866,52.2040769,0.1179926,The Eagle,Greene King,https://commons.wikimedia.org/wiki/Special:FilePath/The_Eagle_-_geograph.org.uk_-_5402848.jpg,,,,,,"pub in Cambridge, England",TRUE,,,TRUE,TRUE,,,8,Bene't Street,,https://www.greeneking.co.uk/pubs/cambridgeshire/eagle,Q7731334,Mo-Su 11:00-,0.8600,0.0000,0.0000,0.7200,0.9500,0.0000,0.0000,0.9500,0.9500,0.0000,0.0000,ok,,,,,,,,,,,,
CB2,CB,way,149032883,way/149032883,52.204143,0.1184859,The Bath House,Greene King,https://commons.wikimedia.org/wiki/Special:FilePath/Bath_Hotel_(1).jpg,,,,,,"pub and former hotel in Cambridge, Cambridgeshire, England, UK",,,TRUE,TRUE,TRUE,,,3,Bene't Street,,https://www.greeneking.co.uk/pubs/cambridgeshire/bath-house,Q26616702,,0.8600,0.0000,0.0000,0.9000,0.0000,0.0000,0.9500,0.9500,0.9000,0.0000,0.0000,ok,,,,,,,,,,,,
CB2,CB,way,150907263,way/150907263,52.1744329,0.1105612,The Lord Byron Inn,,,,,,,,,,,,,,,,22,Church Lane,,https://www.lordbyroninn.co.uk/,,,0.0000,0.0000,0.0000,0.0000,0.0000,0.0000,0.0000,0.0000,0.0000,0.0000,0.0000,ok,,possible_wrong_website,"The provided markdown content is about “VISI4D” as an accommodation option in Cambridge, with login/registration links, and does not contain pub-specific information for “The Lord Byron Inn” (e.g., bar/food/events/amenities).",,,,,,,,,
CB23,CB,way,152686984,way/152686984,52.2547944,-0.0742617,The Poacher,,,,,,,,,,,,,,,,1,Brockley Road,,http://poacherelsworth.co.uk/,,,,,,,,,,,,,,scrape_failed,too_short:42_chars,scrape_failed,too_short:42_chars,,,,,,,,,
CB3,CB,way,154730026,way/154730026,52.1800352,0.0951156,The Green Man,,https://commons.wikimedia.org/wiki/Special:FilePath/The_Green_Man%2C_Grantchester_-_geograph.org.uk_-_1072241.jpg,,,,,,"pub in Grantchester, South Cambridgeshire, England, UK",,,,,,,,59,High Street,,https://www.grantchestergreenman.com/,Q26595957,,,,,,,,,,,,,scrape_failed,"firecrawl:Internal Server Error: Failed to scrape. The URL failed to load in the browser with error code ""ERR_TUNNEL_CONNECTION_FA",scrape_failed,"firecrawl:Internal Server Error: Failed to scrape. The URL failed to load in the browser with error code ""ERR_TUNNEL_CONNECTION_FA",,,,,,,,,
CB3,CB,way,159256001,way/159256001,52.2415917,0.0814685,George Inn,,,,,,,,"A friendly neighbourhood spot on Girton’s High Street that shifts from a morning café to a proper pub later on. Start with coffee and pastries, then settle in for traditional pub grub and evening dining, including Tuesday–Saturday dinner service and Sunday summer roast. The vibe is relaxed and welcoming—ideal for students and professionals to work quietly in the daytime, and for locals to chat and mingle as the day winds down. Open late most evenings, with longer weekend hours.",,,,TRUE,,,,71,High Street,01223 276197,https://thegeorgegirton.weebly.com/,,,0.7800,0.9500,0.0000,0.0000,0.0000,0.0000,0.0000,0.9000,0.0000,0.0000,0.0000,ok,,,,,,,,,,,,
CB3,CB,way,159256015,way/159256015,52.2425801,0.0813955,Old Crown,,,,,,,,"Set in a historic thatched pub near Cambridge, it’s a cosy spot for Nepalese dining alongside classic pub favourites. There’s a relaxed bar lounge for catching up, plus big-screen live sport for match-day energy. The large free car park and on-site EV chargers make it an easy stop for road trips, family meals and group bookings. When the weather’s good, the garden and terrace are ideal for lingering with craft beer and a pint. Book ahead for major fixtures, or order takeaway for authentic Nepalese dishes and pub classics at home.",TRUE,,TRUE,TRUE,,,,89,High Street,+441223 277217,https://oldcrowngirton.com/,,"Tu-Th,Su 12:00-22:30; Fr,Sa 12:00-23:00",0.8600,0.9500,0.0000,0.0000,0.9000,0.0000,0.9500,0.9500,0.5500,0.0000,0.0000,ok,,,,,,,,,,,,
CB4,CB,way,166369101,way/166369101,52.2144529,0.1246006,Portland Arms,,,,,,,,,,,,,,,,129,Chesterton Road,,http://www.theportlandarms.co.uk/,,"Mo-We 16:30-23:00; Su, Th 12:00-23:00; Fr-Sa 12:00-00:00",,,,,,,,,,,,scrape_failed,too_short:42_chars,scrape_failed,too_short:42_chars,,,,,,,,,
CB25,CB,way,169444849,way/169444849,52.2232386,0.2581186,The Bell,,https://commons.wikimedia.org/wiki/Special:FilePath/The_Bell%2C_Bottisham_-_geograph.org.uk_-_1061528.jpg,,,,,,"inn in Bottisham, East Cambridgeshire, England, UK",,,,,,,,16,High Street,,https://thebellbottisham.com/,Q26604078,Tu 17:00-22:30; We 11:00-22:30; Th 11:00-23:00; Fr 09:30-23:30; Sa 09:30-24:00; Su 09:30-23:00,0.0000,0.0000,0.0000,0.0000,0.0000,0.0000,0.0000,0.0000,0.0000,0.0000,0.0000,ok,,very_thin_scrape,,,,,,,,,,
CB5,CB,way,171887754,way/171887754,52.2082372,0.1327197,Burleigh Arms,,,,,,,,"A historic Cambridge brewery tap with a legacy dating back to the 1820s, now serving modern British plates with seasonal, flavour-led cooking. Food is available on set afternoon and evening windows through the week, with longer hours from Wednesday to Saturday and a shorter Sunday session. Expect a warm, pub atmosphere rooted in local history, plus a kitchen led by Head Chef Sam Sturman. Drop in on Newmarket Road for a proper pint and a well-crafted menu, with booking options available for those planning ahead.",,,,TRUE,,,,9-11,Newmarket Road,01223 375682,https://www.burleigharmscambridge.co.uk/,,We-Fr 12:00-22:30; Tu 17:00-22:00; Mo off; Sa 12:00-23:00; Su 12:00-20:00,0.7800,0.9500,0.7200,0.0000,0.0000,0.0000,0.0000,0.9500,0.0000,0.0000,0.0000,ok,,,,,,,,,,,,
CB1,CB,way,172320765,way/172320765,52.2076333,0.1266612,St Radegund,,https://commons.wikimedia.org/wiki/Special:FilePath/St_Radegund_pub%2C_Cambridge%2C_March_2012.jpg,,,,,1880,"pub in King Street, Cambridge, England",,,,,,,,129,King Street,,https://www.stradegund.co.uk/,Q7595412,,0.7800,0.0000,0.0000,0.0000,0.0000,0.0000,0.0000,0.0000,0.0000,0.0000,0.0000,ok,,very_thin_scrape,,,,,,,,,,
CB5,CB,way,172407012,way/172407012,52.2114689,0.1185342,Byron's Bear,,,,,,,,"Set on the River Cam by Jesus Green, this riverside Cambridge pub is all about relaxing with a pint and tucking into proper food. Expect comforting Sunday roasts with seasonal, local produce, plus local ales and a great Guinness. Drop in from morning coffee at the Bear Hatch through to evening drinks, with plenty of space to feast and celebrate. There’s a weekly Sunday quiz, plus special events like World Cup live screenings and themed quiz nights—ideal for groups who want atmosphere and views.",,,TRUE,TRUE,TRUE,,,3,Thompson's Lane,+44 1223 776969,https://byronsbear.co.uk/,,,0.8600,0.0000,0.0000,0.0000,0.0000,0.0000,0.9000,0.9200,0.9500,0.0000,0.0000,ok,,,,,,,,,,,,
CB3,CB,way,174752202,way/174752202,52.196529,0.1086877,The Red Bull,,,,,,,,"A friendly local pub in the heart of Cambridge, with a welcoming bar and a terrace garden for when the weather’s right. Expect a new menu covering light bites through to dinner, plus a solid range of ales and craft beers alongside gins and spirits. It’s a good spot to meet friends for pizza and a drink, with comfortable accommodation available if you want to stay over. Dogs are welcome in the bar and on the terrace, making it easy to bring the whole pack.",TRUE,,,TRUE,TRUE,,TRUE,11,Barton Road,,https://www.redbullcambridge.co.uk/,,,0.8600,0.0000,0.0000,0.0000,0.9000,0.0000,0.0000,0.9500,0.9500,0.0000,0.8500,ok,,,,,,,,,,,,
CB1,CB,way,177680599,way/177680599,52.185842,0.1720046,Red Lion,,https://commons.wikimedia.org/wiki/Special:FilePath/The_Red_Lion%2C_Mill_End_Road_-_geograph.org.uk_-_854259.jpg,,,,,,"pub in Cherry Hinton, Cambridge, Cambridgeshire, England, UK",,,,,,,,20,Mill End Road,,http://www.theredlioncherryhinton.co.uk/index,Q26419120,,,,,,,,,,,,,scrape_failed,too_short:42_chars,scrape_failed,too_short:42_chars,,,,,,,,,
CB4,CB,way,179837563,way/179837563,52.2124557,0.1277858,Fort St George,Greene King,https://commons.wikimedia.org/wiki/Special:FilePath/Fort_St_George_In_England_pub%2C_Cambridge.JPG,,,,,,"pub in Cambridge, Cambridgeshire, England, UK",TRUE,,,TRUE,TRUE,,,,,,https://www.greeneking-pubs.co.uk/pubs/cambridgeshire/fort-st-george/,Q5472087,Mo-Fr 11:00-23:00; Su 12:00-22:30; Sa 11:00-23:00,0.8600,0.0000,0.5500,0.7000,0.9500,0.0000,0.7000,0.9500,0.9500,0.0000,0.0000,ok,,,,,,,,,,,,
CB24,CB,way,188821806,way/188821806,52.2426074,0.1109166,Railway Vue,,,,,,,,"Settle into a cosy, community-focused pub atmosphere where darts and pool are part of the fun. Drop in for a relaxed drink with special offers, or catch sports viewing on the day. There’s also a calendar of community events and options for private hire, making it a handy spot for everything from casual catch-ups to group plans. With table bookings available online, it’s easy to plan a visit for afternoons through late evenings.",,,,,,TRUE,,163,Station Road,,https://railwayvue.co.uk/,,,0.7800,0.0000,0.0000,0.0000,0.0000,0.0000,0.7200,0.0000,0.0000,0.9500,0.0000,ok,,,,,,,,,,,,
CB24,CB,way,190337333,way/190337333,52.2881345,0.1286152,Waggon and Horses,,,,,,,,,,,,,,,,69,Margett Street,,,,,,,,,,,,,,,,,,,,,,,,,,,,
CB24,CB,way,191142638,way/191142638,52.2514123,0.1089762,Rose & Crown,Milton Brewery,,,,,,,"A relaxed local pub in Histon with afternoon-to-evening opening hours throughout the week. The venue currently has no traditional kitchen, but you can keep an eye on social media for updates and upcoming food trucks. Ideal for a casual pint with friends, with longer hours at weekends for late drinks.",,,,FALSE,,,,2,Glebe Way,+44 1223 318448,https://www.individualpubs.co.uk/roseandcrown/,,"Mo-Th 15:00-23:00; Fr,Sa 12:00-23:00; Su 12:00-22:00",0.7800,0.0000,0.0000,0.2500,0.0000,0.0000,0.0000,0.9000,0.0000,0.0000,0.0000,ok,,,,,,,,,,,,
CB24,CB,way,200604966,way/200604966,52.3164398,0.0165512,The Admiral,,,,,,,,,,,,,,,,31,High Street,+44 1954 610837,,,Mo-Th 16:00-23:30; Fr-Sa 12:00-23:30; Su 12:00-22:30,,,,,,,,,,,,,,,,,,,,,,,,
CB5,CB,way,211724201,way/211724201,52.2213751,0.1699269,Kings Head,,https://commons.wikimedia.org/wiki/Special:FilePath/Kings_Head_-_geograph.org.uk_-_5045032.jpg,,,,,,"pub in Fen Ditton, South Cambridgeshire, England, UK",TRUE,,,FALSE,TRUE,,,50,High Street,,https://thekingsheadfenditton.wordpress.com/,Q26473110,"Tu-Th 15:00-23:00, Fr 15:00-24:00, Sa 12:00-24:00, Su 12:00-20:00; Mo off",0.8600,0.0000,0.0000,0.0000,0.9800,0.0000,0.0000,0.9300,0.9800,0.0000,0.0000,ok,,,,,,,,,,,,
CB22,CB,way,218983713,way/218983713,52.1432958,0.1483285,The Rose,,,,,,,,"A traditional village pub in Stapleford with low ceilings, exposed beams and a cosy bar plus a spacious dining area. Expect a craft ale tap wall, a quieter snug and a family-friendly feel. Food is a highlight: authentic Thai cuisine cooked to order by Thai chefs, plus stone-baked pizzas, fish & chip Fridays and takeaway/click & collect. There’s also a Thursday quiz night for a lively crowd. The snug doubles as a sports spot with a pool table, pro-style darts board and a projector screen for live sport. In warmer weather, there’s an extensive garden and patio.",TRUE,,TRUE,TRUE,TRUE,TRUE,,81,London Road,,https://www.therose-stapleford.co.uk/,,"Mo-Sa 12:00-15:00,17:30-18:00+",0.9000,0.0000,0.0000,0.0000,0.9000,0.0000,0.8500,0.9500,0.8500,0.9500,0.0000,ok,,,,,,,,,,,,
CB25,CB,way,219789582,way/219789582,52.2655212,0.1907594,The Sun,,,,,,,,,,,,,,,,,,,,,,,,,,,,,,,,,,,,,,,,,,,,,
CB25,CB,way,219789595,way/219789595,52.2662278,0.1914351,White Horse,,,,,,,,,,,,,,,,12,Green Side,+44 1223 505053,https://www.facebook.com/WhiteHorsePubWaterbeach/,,,,,,,,,,,,,,scrape_failed,firecrawl:Website Not Supported: Failed to scrape. We apologize for the inconvenience but we do not support this site. If you are ,scrape_failed,firecrawl:Website Not Supported: Failed to scrape. We apologize for the inconvenience but we do not support this site. If you are ,,,,,,,,,
CB23,CB,way,219913530,way/219913530,52.2562642,-0.0688011,George & Dragon,,,,,,,,"A friendly, relaxed gastropub near Cambridge, Huntingdon and St Ives, with a strong focus on fresh fish and seafood plus quality meats. Expect dry-aged steaks, English lamb and British pork and chicken, alongside favourites like lobster, mussels, crabs and seasonal specials. Food is served Wed–Sat with set lunch and evening times, plus Sunday lunch, and there’s also a monthly Tuesday opening for lunch & dinner. Menus include set fish options, Sunday roasts, Friday fish & chips and take-away buffets to go—ideal for an easy night in.",,,,TRUE,,,,41,Boxworth Road,01954 267236,https://www.georgeanddragon-elsworth.co.uk/,,,0.8600,0.9500,0.0000,0.0000,0.0000,0.0000,0.0000,0.9800,0.0000,0.0000,0.0000,ok,,,,,,,,,,,,
CB25,CB,way,220571908,way/220571908,52.2395157,0.2781818,Black Horse Inn,,,,,,,,"Set in the heart of Swaffham Bulbeck, this traditional village pub pairs quality drinks with seasonal British food in a relaxed, friendly setting. It’s a good stop for a meal or a pint, with the added bonus of comfortable overnight accommodation. Well-behaved dogs are welcomed, making it easy to bring the whole pack for a cosy visit—whether you’re dropping in for dinner or staying the night.",,,,TRUE,TRUE,,TRUE,35,High Street,,https://www.theblackhorseswaffhambulbeck.co.uk/,,,0.8600,0.0000,0.0000,0.0000,0.0000,0.0000,0.0000,0.9000,0.9500,0.0000,0.9000,ok,,,,,,,,,,,,
CB7,CB,way,220709642,way/220709642,52.3078049,0.2521628,Five Miles Inn,,,,,,,1980,"Riverside pub and restaurant in Upware, just outside Ely, with views over the River Cam and easy access to Wicken Fen Nature Reserve and Upware Marina. Settle into the light, airy conservatory or the 65-seat restaurant overlooking the water, or keep it casual in the main bar. Expect traditional pub fayre, home-cooked meals, daily-changing specials, and options including gluten-free, vegan and vegetarian. There’s plenty of space indoors plus large gardens with outdoor seating, and ample on-site parking. Dogs are welcome in the garden on leads. Kitchen runs most days until 8pm (earlier on Sundays).",TRUE,,,TRUE,,,FALSE,,Old School Lane,01353 721654,https://www.fivemilesinn.com/,,,0.8600,0.9500,0.9000,0.4500,0.9500,0.0000,0.0000,0.9500,0.5500,0.0000,0.9000,ok,,,,,,,,,,,,
CB10,CB,way,224082817,way/224082817,52.0550645,0.3130915,Rose and Crown,,https://commons.wikimedia.org/wiki/Special:FilePath/Rose_and_Crown%2C_Ashdon_-_geograph.org.uk_-_4188455.jpg,,,,,,"pub in Ashdon, Uttlesford, Essex, England, UK",TRUE,,,TRUE,,,,,Crown Hill,01799 610949,https://roseandcrownashdon.co.uk/,Q26608265,"Sa 12:00-23:00, Su 12:00-19:00; Mo off, We,Th 12:00-22:30, Fr,Sa 12:00-23:00; Tu off",0.7800,0.9000,0.0000,0.0000,0.7800,0.0000,0.0000,0.9500,0.0000,0.0000,0.0000,ok,,,,,,,,,,,,
CB1,CB,way,225399270,way/225399270,52.1921951,0.134303,Earl of Derby,Greene King,,,,,,,"A friendly Cambridge pub with bed-and-breakfast comfort, offering a choice of full or continental breakfast and en-suite rooms designed for a relaxed stay. With twelve large en-suite rooms (plus shower rooms), free Wi‑Fi and tea/coffee facilities, it’s a convenient base near the rail station and within an easy walk of the city centre. Guests also mention home-cooked pub food for breakfast and dinner, plus welcoming staff and entertaining evening events. Ideal if you want a local-feel pub atmosphere with overnight accommodation and a straightforward, comfortable routine.",,,,,,,TRUE,129,Hills Road,,www.theearlofderby.com,,"Mo-Th 07:30-24:00, Fr-Sa 07:30-02:00, Su 08:30-24:00",0.7800,0.0000,0.0000,0.0000,0.0000,0.0000,0.0000,0.7200,0.0000,0.0000,0.9500,ok,,,,,,,,,,,,
CB21,CB,way,234005325,way/234005325,52.1312088,0.3204674,The Bell Inn,,,,,,,,,,,,,,,,,,+44 1223 892999,https://thebellinnbalsham.com/,,12:00-23:00,0.0000,0.0000,0.0000,0.0000,0.0000,0.0000,0.0000,0.0000,0.0000,0.0000,0.0000,ok,,possible_wrong_website;very_thin_scrape,"The provided markdown contains only a notice about services for the domain being managed by Cambridge Computer Support, with no pub-specific content (no venue name, address, or facilities).",,,,,,,,,
CB21,CB,way,234094833,way/234094833,52.1313668,0.3166834,The Black Bull,,https://commons.wikimedia.org/wiki/Special:FilePath/The_Black_Bull%2C_Balsham_-_geograph.org.uk_-_995207.jpg,,,,,,"inn in Balsham, South Cambridgeshire, England, UK",TRUE,,,TRUE,TRUE,,TRUE,,,+44 1223 893844,https://blackbull-balsham.co.uk/,Q26616339,"Mo-Fr 07:30-23:00, Sa-Su 08:00-23:00",0.8600,0.0000,0.0000,0.0000,0.9500,0.0000,0.0000,0.9800,0.9000,0.0000,0.9800,ok,,,,,,,,,,,,
CB21,CB,way,310364470,way/310364470,52.1783564,0.2239367,White Hart Country Inn,Greene King,,,,,,,,,,,,,,,1,Balsham Road,+44 1223 880264,https://www.whitehartfulbourn.co.uk/,,"Mo-Sa 12:00-15:00, 17:30-23:00; Su 12:00-17:00",0.0000,0.0000,0.0000,0.0000,0.0000,0.0000,0.0000,0.0000,0.0000,0.0000,0.0000,ok,,possibly_closed,The provided markdown is a Cloudflare Error 522 page indicating the site could not load (origin server timed out). No venue-specific content is available to extract details.,,,,,,,,,
CB23,CB,way,338544409,way/338544409,52.185464,0.0200054,Three Horseshoes,,,,,,,,,,,,,,,,22,South Street,,https://www.threehorseshoescomberton.co.uk/,,,0.0000,0.0000,0.0000,0.0000,0.0000,0.0000,0.0000,0.0000,0.0000,0.0000,0.0000,ok,,,,,,,,,,,,
CB1,CB,way,341321937,way/341321937,52.180245,0.1530568,The Queen Edith,Milton Brewery,,,,,,,,,,,TRUE,,,,,Wulfstan Way,+44 1223 318536,https://www.individualpubs.co.uk/queenedith/,,Mo-We 16:00-23:00; Th-Sa 12:00-23:00; Su 12:00-22:00,0.7200,0.9500,0.0000,0.0000,0.0000,0.0000,0.0000,0.9000,0.0000,0.0000,0.0000,ok,,,,,,,,,,,,
CB24,CB,way,349728016,way/349728016,52.2605125,0.064186,White Horse,,,,,,,,,,,,TRUE,,,,,Longstanton Road,,https://www.whitehorse-oakington.co.uk/,,,0.7400,0.0000,0.0000,0.0000,0.0000,0.0000,0.0000,0.8600,0.0000,0.0000,0.0000,ok,,,,,,,,,,,,
CB21,CB,way,354873330,way/354873330,52.1852362,0.2092158,Hat & Rabbit,,,,,,,,"A family-friendly village pub in Fulbourn, just a short hop from Cambridge, with a welcoming bar serving cask and craft beers and ciders. Expect traditional, home-cooked pub dining made fresh to order, including starters, mains, vegetarian/vegan and gluten-free options, plus a much-loved Sunday roast. There’s also a coffee shop inside the pub with cakes and pastries, and breakfast on Friday and Saturday. Outside, a newly refurbished beer garden includes a garden kitchen and bar (The Hutch) for pizzas, burgers, hotdogs and chips. Quiz night runs monthly, and a large conservatory dining room is available for private events.",TRUE,,,TRUE,TRUE,,,4,Hinton Road,01223676860,https://hatandrabbitfulbourn.co.uk,,,0.9000,0.9500,0.0000,0.0000,0.9500,0.0000,0.0000,0.9500,0.9000,0.0000,0.0000,ok,,,,,,,,,,,,
CB24,CB,way,369262851,way/369262851,52.292125,0.0891137,Black Horse,,,,,,,,"A relaxed East Anglia cider pub with a friendly, community feel. Expect real ales, independent beers and local ciders, plus a rotating cask line-up and plenty of alcohol-free options. Food is available most days with homemade cakes and chips on Wednesdays and Sundays, and a full menu on other evenings (with a food van on the last Sunday of the month). Dogs are welcome throughout on leads, and families are encouraged in a calm, adult-focused atmosphere. There’s a quiz every Thursday, plus regular open mic/jam sessions and other seasonal events. Board games, drawing materials and WiFi help keep younger visitors entertained.",,TRUE,,TRUE,TRUE,,,,,01954 583835,https://theblackhorserampton.co.uk/,,,0.8600,0.9800,0.0000,0.0000,0.0000,0.7800,0.0000,0.9500,0.9700,0.0000,0.0000,ok,,,,,,,,,,,,
CB1,CB,way,372486548,way/372486548,52.2003599,0.1344637,Six Bells,,,,,,,,"Set in Covent Garden, Cambridge, this traditional local pub sits just off Mill Road and feels deceptively spacious. Expect two bars plus a conservatory with comfy sofas, a pool room, patio garden, dartboard and a jukebox for laid-back evenings. The drink list leans classic: five real ales, rotating guest ales, lagers (including Carlsberg and San Miguel), Aspells cider, and Guinness, alongside wines, spirits and minerals. With free wireless broadband available and a steady calendar of events, it’s a friendly stop for a chill pint and good company.",TRUE,,,,,TRUE,,11,Covent Garden,01223 355559,https://sixbellspub.co.uk/,,"Su-Th 16:00-23:30, Fr,Sa 16:00-00:30",0.7800,0.9500,0.2000,0.0000,0.9000,0.0000,0.0000,0.0000,0.0000,0.9500,0.0000,ok,,,,,,,,,,,,
CB10,CB,way,391785506,way/391785506,52.0508557,0.2532874,The Crown,,,,,,,,"A charming beamed country pub in a quiet village setting, about 2 miles from Saffron Walden and a short walk from Home Farm Fishery. Expect a proper pub drinks list with real ales on cask, plus lagers, Guinness, cider, wines and traditional spirits. Food is freshly prepared to order, with homecooked favourites like steak & mushroom pie, lasagne, burgers and fish & chips, alongside vegetarian options, sandwiches and baguettes. Sunday dining brings classic roasts. There are also en-suite rooms for stays, with breakfast options—ideal for a countryside day out and an easy return.",,,,TRUE,,,TRUE,,Little Walden Road,01799 522475,https://www.thecrownlittlewalden.co.uk/,,,0.8600,0.9800,0.0000,0.0000,0.0000,0.0000,0.0000,0.9800,0.0000,0.0000,0.9500,ok,,,,,,,,,,,,
CB22,CB,way,463104474,way/463104474,52.0943959,0.1589049,John Barleycorn Pub,,,,,,,,,,,,,,,,,Moorfield Road,+44 1223832699,http://johnbarleycorn.co.uk/,,,,,,,,,,,,,,scrape_failed,too_short:42_chars,scrape_failed,too_short:42_chars,,,,,,,,,
CB24,CB,way,477382783,way/477382783,52.3017643,-0.0045852,White Horse Inn,,https://commons.wikimedia.org/wiki/Special:FilePath/The_White_Horse%2C_Swavesey_-_geograph.org.uk_-_1502392.jpg,,,,,,"inn in Swavesey, South Cambridgeshire, England, UK",,,,,,,,1,Market Street,,https://www.thewhitehorseswavesey.com/,Q26616264,Mo-Th 12:00-23:00; Fr-Sa 12:00-24:00; Su 12:00-22:00,,,,,,,,,,,,scrape_failed,"firecrawl:DNS resolution failed for hostname ""www.thewhitehorseswavesey.com"". This means the domain name could not be translated t",scrape_failed,"firecrawl:DNS resolution failed for hostname ""www.thewhitehorseswavesey.com"". This means the domain name could not be translated t",,,,,,,,,
CB23,CB,way,490373509,way/490373509,52.2583927,-0.0306027,Golden Ball Inn,,https://commons.wikimedia.org/wiki/Special:FilePath/The_Golden_Ball%2C_Boxworth_-_geograph.org.uk_-_1376258.jpg,,,,,,"pub in Boxworth, South Cambridgeshire, England, UK",,,,,,,,,High Street,,,Q26420156,,,,,,,,,,,,,,,,,,,,,,,,,
CB23,CB,way,548260570,way/548260570,52.1516245,0.028208,Hare & Hounds,,https://commons.wikimedia.org/wiki/Special:FilePath/The_Hare_And_Hound_Public_House.jpg,,,,,,"pub in Harlton, South Cambridgeshire, England, UK",,,,TRUE,,,,,,+447511940441,https://hareandhoundsharlton.co.uk/,Q26616052,,0.7800,0.9800,0.0000,0.7200,0.0000,0.0000,0.0000,0.9500,0.0000,0.0000,0.0000,ok,,,,,,,,,,,,
CB24,CB,way,550962204,way/550962204,52.2822862,0.0447811,The Black Bull,Family run,,,,,,,"A family-run local in Longstanton known for Chinese comfort food, with pizzas, burgers and wraps served in the restaurant, as bar snacks or for takeaway. Drop in for a drink and a bite, then settle into the bar area with a pool table. The pub also puts on regular live-music nights, including a rock party with free entry. When the weather’s good, enjoy your pint in the beer garden. With space for birthday parties, anniversaries and other celebrations, it’s a friendly spot for both daytime and evening get-togethers.",TRUE,TRUE,,TRUE,,TRUE,,56,High Street,+44 1954 789589,https://blackbulllongstanton.co.uk/,,,0.9000,0.0000,0.0000,0.7500,0.9500,0.9000,0.0000,0.9500,0.0000,0.9000,0.0000,ok,,,,,,,,,,,,
CB22,CB,way,561109559,way/561109559,52.1152558,0.0589109,White Horse,,,,,,,,,,,,,,,,,,,,,,,,,,,,,,,,,,,,,,,,,,,,,
CB24,CB,way,569137851,way/569137851,52.3128962,0.0568443,The Bank Micropub,,,,,,,,,,,,,,,,9,High Street,,http://www.thebankmicropub.co.uk/,,,,,,,,,,,,,,scrape_failed,too_short:42_chars,scrape_failed,too_short:42_chars,,,,,,,,,
CB22,CB,way,616021928,way/616021928,52.1503938,0.1355474,The Plough,,,,,,,,,,,,,,,,2,High Street,,,,"Mo-Th 15:00-11:30, Fr,Sa 12:00-11:30, Su 12:00-20:00",,,,,,,,,,,,,,,,,,,,,,,,
CB22,CB,way,617703785,way/617703785,52.1205295,0.168918,White Lion,,https://commons.wikimedia.org/wiki/Special:FilePath/The_White_Lion_public_house%2C_Sawston_-_geograph.org.uk_-_1507057.jpg,,,,,,"inn in Sawston, South Cambridgeshire, England, UK",,,,,,,,96,High Street,,http://www.whitelionsawston.co.uk,Q26420913,,,,,,,,,,,,,scrape_failed,too_short:42_chars,scrape_failed,too_short:42_chars,,,,,,,,,
CB22,CB,way,617704032,way/617704032,52.1246073,0.1685342,The Greyhound,,https://commons.wikimedia.org/wiki/Special:FilePath/The_Greyhound_pub%2C_Sawston_-_geograph.org.uk_-_4037580.jpg,,,,,,"pub in Sawston, South Cambridgeshire, England, UK",,,,,,,,,,,https://thegreyhoundsawston.co.uk/,Q26420909,,,,,,,,,,,,,scrape_failed,firecrawl:Internal Server Error: Failed to scrape. All scraping engines failed to retrieve content from this URL. Engines tried: [,scrape_failed,firecrawl:Internal Server Error: Failed to scrape. All scraping engines failed to retrieve content from this URL. Engines tried: [,,,,,,,,,
CB22,CB,way,619000773,way/619000773,52.1134614,0.148525,Tickell Arms,,https://commons.wikimedia.org/wiki/Special:FilePath/The_Tickell_Arms_-_geograph.org.uk_-_784762.jpg,,,,,,"pub in Whittlesford, South Cambridgeshire, England, UK",TRUE,,,TRUE,TRUE,,,,North Road,01223 833025,https://thetickellarms.co.uk/,Q26420899,,0.8600,0.9500,0.0000,0.0000,0.9500,0.0000,0.0000,0.9800,0.9000,0.0000,0.0000,ok,,,,,,,,,,,,
CB24,CB,way,661740178,way/661740178,52.3145221,0.063116,Duke of Wellington,,,,,,,,,,,,,,,,55,Church Street,,,,"Tu-Sa 12:00-23:00, Su-Mo 12:00-10:30",,,,,,,,,,,,,,,,,,,,,,,,
CB25,CB,way,744784553,way/744784553,52.2715835,0.2954958,Dyke's End,,,,,,,,"Set in the peaceful village of Reach at the edge of the Devil’s Dyke, this free house is a cosy countryside stop for walkers and locals alike. Expect a well-stocked bar with cask ales, lagers, wines, British gin and soft drinks. Inside there’s a refurbished cosy bar, a larger dining area with a log burner, plus an upstairs dining room. Step outside to a front garden overlooking the Village Green (home to the Reach Fair) and a rear garden tucked among fruit trees—ideal for relaxed drinks in the open air. Family and dog friendly.",TRUE,,,,TRUE,,,,,+44 1638 743816,https://www.dykesendreach.co.uk/,,We-Fr 17:00-22:00; Sa 12:00-22:00; Su 12:00-21:00,0.8600,0.0000,0.0000,0.0000,0.9500,0.0000,0.0000,0.0000,0.9000,0.0000,0.0000,ok,,,,,,,,,,,,
CB10,CB,way,771599939,way/771599939,52.062801,0.2001035,Crown & Thistle,,https://commons.wikimedia.org/wiki/Special:FilePath/'Crown_and_Thistle'_public_house_at_Great_Chesterford_-_geograph.org.uk_-_1532330.jpg,,,,,,"pub in Great Chesterford, Uttlesford, Essex, England, UK",,,,,,,,,High Street,,http://www.thecrownandthistle.pub,Q26592411,,,,,,,,,,,,,scrape_failed,too_short:42_chars,scrape_failed,too_short:42_chars,,,,,,,,,
CB22,CB,way,866280018,way/866280018,52.0905678,0.1556207,The Plough,,https://commons.wikimedia.org/wiki/Special:FilePath/The_Plough%2C_Duxford_-_geograph.org.uk_-_759052.jpg,,,,,1851,"inn in Duxford, South Cambridgeshire, England, UK",,,TRUE,TRUE,,TRUE,,59 - 61,St Peters Street,+44 1223 833170,https://www.theduxfordplough.co.uk/,Q26615885,,0.8600,0.9800,0.9500,0.0000,0.0000,0.0000,0.7800,0.9800,0.0000,0.9000,0.0000,ok,,,,,,,,,,,,
CB21,CB,way,945508474,way/945508474,52.0995911,0.3484063,The Old Red Lion,,,,,,,,"Set in the countryside village of Horseheath near Cambridge, this traditional pub and restaurant is a calm, welcoming stop for locals and visitors. Expect seasonal menus with locally sourced ingredients, plus a popular Sunday roast and festive Christmas dining. After dinner, stay in one of 12 spacious ensuite rooms for a proper break. The vibe is cosy and friendly, with guests praising the food, service and comfortable rooms—ideal for a leisurely meal or a quiet overnight stay with your dog.",,,,TRUE,TRUE,,TRUE,,Linton Road,,https://www.theoldredlion.co.uk/,,,0.7800,0.0000,0.0000,0.0000,0.0000,0.0000,0.0000,0.9200,0.8600,0.0000,0.9500,ok,,,,,,,,,,,,
CB25,CB,way,1115730232,way/1115730232,52.2227975,0.2257806,White Swan,,https://commons.wikimedia.org/wiki/Special:FilePath/Stow_cum_Quy%2C_The_White_Swan_public_house_-_geograph.org.uk_-_879747.jpg,,,,,,"pub in Stow cum Quy, South Cambridgeshire, England, UK",,,,TRUE,,,,9,Main Street,01223813818,https://thewhiteswanquy.com/,Q26473976,,0.7800,0.9800,0.5500,0.6000,0.0000,0.0000,0.0000,0.9000,0.0000,0.0000,0.0000,ok,,,,,,,,,,,,
CB24,CB,way,1115734363,way/1115734363,52.2882445,0.1243365,The Hop Bind,,,,,,,,"Set in the heart of Cottenham, this old coaching inn brings a classic, comfortable pub feel with a cosy log burner and a warm welcome. Expect a wide range of beers, lagers, ciders and nearly 30 gins, plus pub snacks. Sports fans can settle in with the latest sporting events on multiple screens, with BT and Sky Sports and extra matches on terrestrial TV when there’s demand. There’s also pool and darts, and a heated beer garden for relaxed drinks in the open air.",TRUE,,TRUE,TRUE,,TRUE,,212,High Street,,https://www.thehopbind.co.uk/,,"Mo-Th 15:00-23:00, Fr 15:00-24:00, Sa 12:00-24:00, Su 12:00-22:00",0.8600,0.0000,0.0000,0.0000,0.9200,0.0000,0.9500,0.7800,0.0000,0.9000,0.0000,ok,,,,,,,,,,,,
CB22,CB,way,1115735623,way/1115735623,52.1487962,0.1337316,Square and Compasses,,,,,,,,"A traditional pub in Great Shelford built around straightforward, easy-to-choose food. Expect burgers and allergen-friendly Sunday lunch, plus a well-kept beer selection. Drop in for a relaxed drink, dine with friends, or settle in by the fireplace—there’s also the option to eat al fresco. The menu is designed to be clear and accommodating for dietary needs, making it a comfortable spot for casual meals and longer visits alike.",,,,TRUE,,,,46,High Street,+44 1223 343164,https://www.squarecompasses.co.uk/,,"Tu 18:00-22:00; We,Th 12:00-14:30,18:00-22:00; Fr 12:00-15:00,18:00-23:00; Sa 12:00-23:00; Su 12:00-19:00",0.7800,0.0000,0.0000,0.0000,0.0000,0.0000,0.0000,0.9500,0.0000,0.0000,0.0000,ok,,,,,,,,,,,,
CB2,CB,way,1204234283,way/1204234283,52.2028556,0.1235352,The Regal,,,,,,,,,TRUE,,,TRUE,,,,38-39,St Andrew's Street,01223 366459,https://www.jdwetherspoon.com/pubs/the-regal-cambridge/,,,0.7400,0.9800,0.0000,0.6200,0.8600,0.0000,0.7200,0.7800,0.0000,0.0000,0.0000,ok,,,,,,,,,,,,
CB22,CB,way,1426256714,way/1426256714,52.1260312,0.0290461,Royal Oak,,,,,,,,"Step into a 14th-century village pub on Barrington’s long village green, set in the countryside with a warm, local feel. The bar serves sharing snacks, while the restaurant turns out classic and modern pub dishes with sustainable seafood, plus standout Sunday roasts. On select dates there are themed evenings like a Greek Night. Dogs are welcome in the pub area and you can also dine outside on the green or beneath the oak and walnut trees. There’s also an outdoor bar and pizzeria called The Old Tuck Shop (seasonal), overlooking the green.",TRUE,,,TRUE,TRUE,,,31,West Green,01223 870 791,https://theroyaloakbarrington.co.uk/,,,0.8600,0.9500,0.0000,0.0000,0.9000,0.0000,0.0000,0.9800,0.9500,0.0000,0.0000,ok,,,,,,,,,,,,
CB22,CB,way,1500669706,way/1500669706,52.1243601,0.1697651,Kings Head,,https://commons.wikimedia.org/wiki/Special:FilePath/The_Kings_Head_public_house%2C_Sawston_-_geograph.org.uk_-_1507045.jpg,,,,,,"pub in Sawston, South Cambridgeshire, England, UK",TRUE,,TRUE,,,,TRUE,19,High Street,01223 833541,https://thekingsheadsawston.co.uk,Q26615922,,0.8600,0.9500,0.0000,0.0000,0.9500,0.0000,0.9000,0.0000,0.0000,0.0000,0.9500,ok,,,,,,,,,,,,
