calc_postcode,calc_postcode_district,calc_postcode_area,osm_type,osm_id,id,lat,lon,name,operator,brand,addr_housenumber,addr_street,addr_city,addr_postcode,addr_full,phone,website,wikidata,opening_hours
CB21 5DH,CB21,CB,node,17708621,node/17708621,52.1833653,0.2217954,Six Bells,Pubmaster,,9,High Street,Fulbourn,,,,,Q26457166,
PE28 2BE,PE28,PE,node,19794398,node/19794398,52.3330211,-0.1199355,Three Horseshoes Inn,,,,The Green,Huntingdon,PE28 2BE,,,,Q26421299,
CB1 3AA,CB1,CB,node,20458787,node/20458787,52.1984389,0.1422292,Earl of Beaconsfield,,,133,Mill Road,Cambridge,CB1 3AA,,+44 1223 483447,,,Mo-We 16:00-23:00; Th 12:00-23:00; Fr-Su 12:00-24:00
CB1 3UU,CB1,CB,node,20458870,node/20458870,52.1991085,0.1472394,The Empress,,,72,Thoday Street,Cambridge,CB1 3AX,,,,,"Su-Th 16:00-23:00, Fr,Sa 16:00-00:30"
CB1 1DU,CB1,CB,node,20823843,node/20823843,52.2047799,0.1303831,The Free Press,,,7,Prospect Row,Cambridge,CB1 1DU,,,https://www.freepresscambridge.com/,Q55099458,Tu-Sa 12:00-23:00; Su 12:00-21:00
CB1 1PR,CB1,CB,node,20823855,node/20823855,52.2051547,0.1294263,The Elm Tree,,,16a,Orchard Street,Cambridge,CB1 1JT,,+44 1223 502 632,http://theelmtreecambridge.co.uk/,,Mo-Sa 11:00-23:00
CB1 2LL,CB1,CB,node,20826694,node/20826694,52.2023787,0.1391899,Cambridge Blue,,,85-87,Gwydir Street,Cambridge,CB1 2LG,,+441223471680,https://cambridge.pub/the-blue/,,Mo-Sa 12:00-23:00; Su 12:00-22:30
CB1 2AZ,CB1,CB,node,20827166,node/20827166,52.1993383,0.1392595,White Swan,,,109,Mill Road,Cambridge,CB1 2AZ,,,,,"Mo-Th 16:00-01:00, Fr 15:00-01:00, Sa 12:00-01:00, Su 12:00-24:00"
CB2 1UF,CB2,CB,node,20921875,node/20921875,52.2089164,0.1181145,Baron of Beef,Greene King,Greene King,19,Bridge Street,Cambridge,CB2 1UF,,,https://www.greeneking.co.uk/pubs/cambridgeshire/baron-of-beef,Q7715679,
CB2 1UF,CB2,CB,node,20921876,node/20921876,52.2088653,0.1182051,The Mitre,Nicholson's,Nicholson's,17,Bridge Street,Cambridge,CB2 1UF,,,https://www.nicholsonspubs.co.uk/restaurants/eastofengland/themitrecambridge#/,Q26419234,
CB1 1LE,CB1,CB,node,20922152,node/20922152,52.2073062,0.1244397,Champion of the Thames,,,68,King Street,Cambridge,CB1 1LN,,,https://thechampionofthethames.com/,Q7722052,"Mo-Th 16:00-23:00; Fr,Sa 12:00-23:00; Su 16:00-22:00"
CB2 1AW,CB2,CB,node,20922155,node/20922155,52.1999887,0.1270451,Prince Regent,,Greene King,91,Regent Street,Cambridge,CB2 1AW,,,https://www.greeneking.co.uk/pubs/cambridgeshire/prince-regent,,
CB2 3AR,CB2,CB,node,20922157,node/20922157,52.203079,0.1237329,The Castle Bar,Greene King,,37,St Andrew's Street,Cambridge,CB2 3AR,,,,,
CB1 1NL,CB1,CB,node,20922173,node/20922173,52.2072308,0.1216997,d'Arry's,,,2-4,King Street,Cambridge,CB1 1LN,,,https://www.darrys.co.uk/,,"Mo-Th 11:30-22:00; Fr-Sa 11:30-23:00; Su 11:30-18:00 ""Wine Bar & Restaurant"" || We-Th 17:00-22:00; Fr 17:00-00:00; Sa 12:00-00:00; Su 12:00-17:00 ""Liquor Loft"""
CB4 1EH,CB4,CB,node,20940218,node/20940218,52.2141817,0.1254885,The Waterman,,,32,Chesterton Road,Cambridge,CB4 3AX,,+44 1223 323813,https://www.thewatermancambridge.com,,
CB3 0BG,CB3,CB,node,20940220,node/20940220,52.2105324,0.113247,The Punter,,,3,Pound Hill,Cambridge,CB3 0AE,,,,,
CB4 3BU,CB4,CB,node,20940431,node/20940431,52.2157616,0.1142635,Carpenters Arms,,,182-186,Victoria Road,Cambridge,CB4 3DZ,,,,,Mo-Sa 12:00-23:00; Su 12:00-21:00
CB4 1NZ,CB4,CB,node,21137287,node/21137287,52.2179459,0.1454823,Green Dragon,,,5,Water Street,Cambridge,CB4 1NZ,,,,Q26419012,
CB2 1HL,CB2,CB,node,21391223,node/21391223,52.1964242,0.1249433,Panton Arms,,,43,Panton Street,Cambridge,CB2 1HL,,,https://thepantonarms.co.uk/,Q15990214,
CB2 1HL,CB2,CB,node,21391227,node/21391227,52.1959875,0.1253729,The Alma,,,26,Russell Court,Cambridge,CB2 1HW,,,https://thealmacambridge.co.uk/,,"Mo,Tu 16:00-24:00, We-Su 12:00-24:00"
CB2 9LP,CB2,CB,node,21642213,node/21642213,52.1765857,0.1130565,Green Man,,,55,"High Street, Trumpington",Cambridge,CB2 9HZ,,,,Q26419171,
CB2 9SU,CB2,CB,node,21642521,node/21642521,52.1745617,0.112904,Hudson's Ale House,,,77,High Street,Cambridge,CB2 9HZ,,+44 1223 570042,https://hudsons.pub/,,
,,,node,23719278,node/23719278,52.1811855,0.0935751,Rupert Brooke,,,2-4,Broadway,Cambridge,CB3 9NQ,,+44 1223 841875,https://therupertbrooke.com/,,"Mo,Th 12:00-22:30; Tu-We off; Fr-Sa 12:00-23:00; Su 12:00-21:00"
CB3 9NQ,CB3,CB,node,23719482,node/23719482,52.1833304,0.0940465,Blue Ball Inn,,,57,Broadway,Cambridge,CB3 9NQ,,+44 1223 846004,https://www.blueballgrantchester.co.uk/,,We-Sa 12:00-22:00; Su 12:00-19:00
CB1 3SJ,CB1,CB,node,24672502,node/24672502,52.1892439,0.1530615,The Dumpling Tree,,,,Perne Road,Cambridge,CB1 3RX,,,,,"Su-Th 11:30-21:30; Fr,Sa 11:30-22:30"
CB1 7AG,CB1,CB,node,24673114,node/24673114,52.188595,0.1398253,Rathmore Club,,,,Cherry Hinton Road,Cambridge,CB1 7AA,,,,,
PE28 2JG,PE28,PE,node,24982585,node/24982585,52.3342092,-0.1234805,The Three Jolly Butchers,,,,,,,,,,Q26421304,
CB1 2BQ,CB1,CB,node,25285250,node/25285250,52.1989253,0.1390513,Devonshire Arms,Individual Pubs Ltd,,1,Devonshire Road,Cambridge,CB1 2BH,,+44 1223 318610,https://www.individualpubs.co.uk/devonshire/,,Mo-We 16:00-23:00; Th-Sa 12:00-23:00; Su 12:00-22:30
CB1 2DW,CB1,CB,node,25285271,node/25285271,52.1983154,0.1354166,Salisbury Arms,,,76,Tenison Road,Cambridge,CB1 2DW,,,,,
CB1 2ED,CB1,CB,node,25285273,node/25285273,52.1993737,0.1351376,Live & Let Live,,,40,Mawson Road,Cambridge,CB1 2EA,,,,,
CB1 7AW,CB1,CB,node,25288641,node/25288641,52.1875591,0.1467045,The Rock,Greene King,Greene King,200,Cherry Hinton Road,Cambridge,CB1 7AW,,,https://www.greeneking.co.uk/pubs/cambridgeshire/rock,,11:00-23:00
CB24 9EP,CB24,CB,node,25612057,node/25612057,52.2549151,0.1041496,King William IV,,,8,Church Street,Cambridge,CB24 9EP,,,,Q26420307,"Mo,Tu 16:30-18:30; Th 16:30-22:00; We 16:30-20:30; Fr 15:30-22:00; Sa 12:00-20:00; Su 12:00-18:00"
CB22 5ES,CB22,CB,node,25779979,node/25779979,52.1402923,0.1229162,The SideQuest,,,,,,,,+44 1223 843901,https://www.thenavigator-thai.co.uk/,,
CB25 0LD,CB25,CB,node,26113438,node/26113438,52.25186,0.2952122,Red Lion,,,,,,CB25 0LD,,,,Q26419962,
CB7 5XU,CB7,CB,node,26117016,node/26117016,52.3116378,0.3034194,Maid's Head,,,,,,,,,,Q26419384,
CB21 6AB,CB21,CB,node,26531001,node/26531001,52.1167337,0.2388543,Three Tuns,,,,,,,,,,Q26420600,
CB23 8DA,CB23,CB,node,26660989,node/26660989,52.2397665,0.0219337,Black Horse,,,35,Park Street,,CB23 8DA,,,,Q26420662,
CB25 9NY,CB25,CB,node,26976846,node/26976846,52.2715375,0.1889567,Brewery Tap,,,,,,,,,,,
CB24 4YP,CB24,CB,node,29676417,node/29676417,52.2960988,-0.0378902,The Three Tuns,,,,High Street,Cambridge,CB24 4SJ,,,,Q17544354,
CB21 4HX,CB21,CB,node,30152966,node/30152966,52.0979157,0.2772189,Dog & Duck,,,63,High Street,,CB21 4HS,,,,Q26456060,
CB21 4HG,CB21,CB,node,30152969,node/30152969,52.0962236,0.2745235,The Crown,,,,,,,,,,,
CB21 4JT,CB21,CB,node,30153028,node/30153028,52.0975045,0.2832695,Waggon & Horses,,,110,High Street,,CB21 4JT,,,,Q26420570,
,,,node,31934734,node/31934734,52.2853404,0.1252036,The Chequers,,,297,High Street,,CB24 8QP,,+44 1954 488201,http://chequers-cottenham.co.uk/,Q26420227,"Th,Fr 12:00-14:30,17:00-23:00; Mo,Tu 18:00-22:00; We 12:00-14:30,18:00-23:00; Sa 12:00-23:00; Su 12:00-22:00"
CB22 7PG,CB22,CB,node,33129159,node/33129159,52.1246992,0.0994388,Queen's Head,,,,,,,,,,Q26458558,
CB23 7BD,CB23,CB,node,33129704,node/33129704,52.1823617,0.0567843,The Hoops,,,,,,,,,,Q26596670,
SG8 6PP,SG8,SG,node,33409373,node/33409373,52.1110623,0.032421,The Plough,,,,,,,,,https://www.theploughshepreth.co.uk/,,
SG8 6LB,SG8,SG,node,34957275,node/34957275,52.0965066,0.0073281,British Queen,,,,,,,,,,Q26603967,
CB10 1RA,CB10,CB,node,41036541,node/41036541,52.0839352,0.1821939,Red Lion,,,32,High Street,Saffron Walden,CB10 1QY,,+44 1799 530 601,https://redlionhinxton.co.uk/,Q26420952,
CB23 1HA,CB23,CB,node,60850826,node/60850826,52.1541094,0.0124804,The Wheatsheaf,,,,Cambridge Road,,CB23 1HA,,,http://www.lapergolacambridge.co.uk/the-wheatsheaf/,,
SG8 0SD,SG8,SG,node,87805367,node/87805367,52.0828842,-0.0942565,Pig & Abbot,Free House,,,High Street,Royston,SG8 0SD,,+44 1763 853515,https://www.pigandabbot.co.uk/,,
CB24 5AN,CB24,CB,node,148190061,node/148190061,52.3101619,0.0548797,The Porterhouse,,,1,Station Road,Cambridge,CB24 5HF,,,,,"Mo-Sa 17:00-23:00, Su 12:00-15:00"
PE28 9BD,PE28,PE,node,221092155,node/221092155,52.2982438,-0.0714341,The Crown and Pipes,,,,,Huntingdon,PE28 9LQ,,,,Q26615686,
PE28 9LQ,PE28,PE,node,221092168,node/221092168,52.298162,-0.0721834,The Duchess,,,,,,,,,,,
CB6 3LD,CB6,CB,node,255594710,node/255594710,52.3486154,0.2189977,Red Lion,,,47,High Street,Ely,CB6 3LD,,,,,
CB1 1LH,CB1,CB,node,262797752,node/262797752,52.2074415,0.1222216,The Cambridge Brew House,,,1,King Street,Cambridge,CB1 1LH,,+44 1223 855185,https://www.thecambridgebrewhouse.com/,,"Mo-Th 11:00-23:30; Fr, Sa 11:00-00:00; Su 11:00-22:30"
SG8 0DN,SG8,SG,node,267023804,node/267023804,52.1271325,-0.0833068,The Queen Adelaide,,,,High Street,Royston,SG8 0DN,,,,,
PE29 1NH,PE29,PE,node,283151235,node/283151235,52.3385898,-0.1701555,Lord Protector,Stonegate,,,,,,,,https://www.craftunionpubs.com/lord-protector-huntingdon,,
PE29 7LB,PE29,PE,node,283152417,node/283152417,52.3451097,-0.1745491,Golden Knight,,,,Sapley Square,Huntingdon,PE29 7LB,,,,,
PE29 1AR,PE29,PE,node,283152518,node/283152518,52.3384705,-0.1574996,Barley Mow,,,,,,,,,,,
PE29 1YS,PE29,PE,node,283152525,node/283152525,52.3377798,-0.1596963,King Of The Belgians,,,,,,,,,,Q26421500,
PE27 3ER,PE27,PE,node,288853745,node/288853745,52.3435321,-0.0751169,The Haywain,,,,,,,,,,,
CB2 1QY,CB2,CB,node,302381593,node/302381593,52.2006666,0.1197199,Little Rose,,Loch Fyne,37,Trumpington Street,Cambridge,CB2 1QY,,,https://www.littlerosecambridge.com/,Q26626687,"Mo-Sa 12:00-23:00, Su 12:00-22:00"
CB25 0GA,CB25,CB,node,304736366,node/304736366,52.2799663,0.3247658,The Fox,,,2,North Street,,CB25 0BA,,,,Q26419376,
CB25 0BD,CB25,CB,node,304736391,node/304736391,52.284466,0.324657,The Anchor,,,63,North Street,,CB25 0BA,,,,,
CB25 0HS,CB25,CB,node,304736523,node/304736523,52.2712636,0.3277123,The Five Bells,,,44,High Street,,CB25 0HD,,,,,
PE29 3NF,PE29,PE,node,306474088,node/306474088,52.3293179,-0.1814275,Three Tuns,,,139,High Street,Huntingdon,PE29 3NF,,,,Q26421495,
PE29 3NJ,PE29,PE,node,306474109,node/306474109,52.3301759,-0.1841877,Market Inn,Stonegate,,,Market Hill,Huntingdon,PE29 3NJ,,,https://www.craftunionpubs.com/market-inn-huntingdon,,
PE29 3TE,PE29,PE,node,306475662,node/306475662,52.3283002,-0.1795985,Samuel Pepys,,,,,,,,,,,
PE29 2BL,PE29,PE,node,306562170,node/306562170,52.3189524,-0.1693051,White Hart,,,,,,,,,,Q26455090,
PE29 2JB,PE29,PE,node,306562174,node/306562174,52.3159683,-0.1706957,The Exhibition,,,,London Road,Huntingdon,PE29 2HZ,,,,,
PE28 9AH,PE28,PE,node,313725616,node/313725616,52.3228011,-0.1194549,Axe and Compass,,,,,,,,,,Q26615711,
PE29 2EW,PE29,PE,node,339681420,node/339681420,52.3190562,-0.1733906,The Comrades Club,,,58,Cambridge Street,Huntingdon,PE29 2AY,,,,,
PE29 2HA,PE29,PE,node,339681422,node/339681422,52.3186614,-0.1750436,The Royal Oak,,,7,The Causeway,Huntingdon,PE29 2HA,,,,Q26455145,
PE29 2QU,PE29,PE,node,339681617,node/339681617,52.322297,-0.1757504,Black Bull,,,32,Post Street,Huntingdon,PE29 2AQ,,,,Q26615650,
CB1 1JX,CB1,CB,node,429597760,node/429597760,52.2046367,0.1275966,The Clarendon Arms,,,35-36,Clarendon Street,Cambridge,CB1 1JX,,,,,"Mo-Th 12:00-23:00; Fr,Sa 12:00-23:30; Su 12:00-22:00"
,,,node,467926948,node/467926948,52.2581197,0.1987522,The Bridge,Chef & Brewer Pub Co,Chef & Brewer,,Clayhithe Road,Waterbeach,CB25 9HZ,,+44 1223 860622,https://www.chefandbrewer.com/pubs/cambridgeshire/bridge,,Sa 09:00-23:00; Su 09:00-22:30; Mo-Th 11:00-23:00; Fr 09:00-23:00
CB7 5FU,CB7,CB,node,473728763,node/473728763,52.3289283,0.3479971,Carpenters Arms,,,76,Brook Street,Ely,CB7 5AE,,,,,
CB7 5DR,CB7,CB,node,473728905,node/473728905,52.3342618,0.3368668,The Fountain,,,1,Churchgate Street,Ely,CB7 5DS,,,,Q26454435,
CB7 5JG,CB7,CB,node,473729205,node/473729205,52.3344962,0.3379195,Comrades Club,,,3,Market Street,Ely,CB7 5JG,,,,,
CB7 5HQ,CB7,CB,node,473729209,node/473729209,52.331818,0.3385115,Red Lion,,,17,High Street,,CB7 5HA,,,,Q26596815,
CB7 5HB,CB7,CB,node,473729213,node/473729213,52.3311149,0.3390493,The Ship,,,2,High Street,Ely,CB7 5HD,,,,,
PE27 5BN,PE27,PE,node,585350407,node/585350407,52.3248364,-0.0763994,Floods Tavern,,,27,The Broadway,St Ives,PE27 5BX,,,https://www.floods-tavern.co.uk/,,
PE27 5ED,PE27,PE,node,588803297,node/588803297,52.3240363,-0.0749773,Nelson's Head,,,,Merryland,St Ives,PE27 5ED,,+44 1480 494146,https://www.nelsonsheadpubstives.co.uk/index,Q26421569,
PE19 6PW,PE19,PE,node,1352313557,node/1352313557,52.2604273,-0.1727026,Three Horseshoes,,,23,High Street,St Neots,PE19 6PL,,,,,
CB3 0BD,CB3,CB,node,1594688118,node/1594688118,52.2120376,0.1130864,Architect,,,43,Castle Street,Cambridge,CB3 0AH,,,,,
CB3 0AJ,CB3,CB,node,1594688120,node/1594688120,52.2119866,0.1134995,The Castle Inn,Adnams,,38,Castle Street,Cambridge,CB3 0AJ,,,,Q26405672,Mo-Su 12:00-23:00
CB1 1LG,CB1,CB,node,1832280892,node/1832280892,52.2072285,0.1252435,King Street Run,,,86-88,King Street,Cambridge,CB1 1LN,,,,Q6412095,"Mo-Th 15:00-23:00, Fr,Sa 11:00-24:00, Su 12:00-23:00"
CB2 1AT,CB2,CB,node,2021774032,node/2021774032,52.2006592,0.1266794,The Grain & Hop Store,Greene King,Greene King,,Regent Terrace,Cambridge,CB2 1AB,,,https://www.greeneking.co.uk/pubs/cambridgeshire/grain-and-hop-store,,
CB2 3QB,CB2,CB,node,2538127975,node/2538127975,52.2042033,0.1191156,The Pint Shop,,,10,Peas Hill,Cambridge,CB2 3PP,,,https://www.pintshop.co.uk/,,
PE29 3BD,PE29,PE,node,4314921340,node/4314921340,52.3305242,-0.1869901,Sandford House,,Wetherspoon,,George Street,Huntingdon,PE29 3BD,,,https://www.jdwetherspoon.com/pubs/all-pubs/england/cambridgeshire/sandford-house-huntingdon,,"Mo-Fr 07:00-24:00; Sa-Su 00:00-01:00,07:00-24:00"
CB1 2GA,CB1,CB,node,4820111626,node/4820111626,52.1949073,0.1376457,Station Tavern,Young's,,2,Station Square,Cambridge,CB1 2GA,,,,,
CB1 2GA,CB1,CB,node,5676057080,node/5676057080,52.1946413,0.1377721,Old Ticket Office,,,,Station Road,Cambridge,CB1 2JW,,,,,"Mo 12:00-22:00; Tu-Th 12:00-23:00; Fr,Sa 12:00-24:00; Su 12:00-21:00"
CB22 5DG,CB22,CB,node,8423728790,node/8423728790,52.144507,0.1472315,The Three Horseshoes,,,,,,,,,,,"Mo,Tu 16:00-22:00; We-Sa 12:00-23:00; Su 12:00-22:00"
CB5 8HE,CB5,CB,node,9042161425,node/9042161425,52.2084986,0.1392105,The Bird or Worm?,,,122,Newmarket Road,,CB5 8HE,,,,,Mo-We 11:00-19:00; Th 11:00-21:00; Fr 11:00-23:00
CB2 3AR,CB2,CB,node,13142721772,node/13142721772,52.2028241,0.1235286,The Regal - JD Wetherspoon,,,,,,,,,,,
CB1 2NZ,CB1,CB,way,37800469,way/37800469,52.2012883,0.1407105,The Petersfield,,,2,Sturton Street,Cambridge,CB1 2QA,,,https://www.thepetersfield.co.uk/,,
CB5 8AP,CB5,CB,way,45827856,way/45827856,52.2096423,0.1192179,The Maypole,,,20a,Portugal Place,Cambridge,CB5 8AF,,+44 1223 352999,https://www.maypolefreehouse.co.uk/,Q113995971,"Su-Fr 12:00-14:30,17:30-23:00; Sa 12:00-23:00"
CB1 9JF,CB1,CB,way,49810020,way/49810020,52.1841374,0.1723581,Robin Hood,Greene King,Greene King,1,Fulbourn Road,Cambridge,CB1 9JL,,,https://www.greeneking-pubs.co.uk/pubs/cambridgeshire/robin-hood/,Q26491050,
CB1 2LP,CB1,CB,way,50928339,way/50928339,52.2038818,0.139364,The Alex,Greene King,,22-24,Gwydir Street,Cambridge,CB1 2LL,,,https://www.thealexcambridge.com/,,
CB1 2QH,CB1,CB,way,52115600,way/52115600,52.2054567,0.1400361,Dobblers Inn,,,184,Sturton Street,Cambridge,CB1 2QF,,,,,Mo-Th 14:00-23:00; Fr 13:30-23:00; Sa 12:00-23:00; Su 12:00-22:30
CB1 2PW,CB1,CB,way,67665889,way/67665889,52.2036588,0.1421985,The Geldart,,,1,Ainsworth Street,Cambridge,CB1 2PF,,,,,Tu-Th 17:00-23:00; Fr 17:00-24:00+; Sa 12:00-24:00+; Su 12:00-23:00
CB23 6GX,CB23,CB,way,74341420,way/74341420,52.2181331,-0.0678888,Monkfield Arms,,,1,Monkfield Lane,Great Cambourne,CB23 6AH,,,,,
CB24 9DE,CB24,CB,way,95941903,way/95941903,52.2516062,0.1062871,The Boot,Heartwood Inns,,1,High Street,Histon,CB24 9LG,,+44 1223 209010,https://boothiston.com/,Q26616194,Mo-Sa 12:00-23:00; Su 12:00-22:00
CB24 9JE,CB24,CB,way,95941914,way/95941914,52.2527426,0.1043253,The Red Lion,,,27,High Street,Histon,CB24 9JD,,,https://theredlionhiston.co.uk/,,
CB24 9DE,CB24,CB,way,96886062,way/96886062,52.251816,0.1057326,The Barley Mow,,,7,High Street,,CB24 9JD,,,,,Mo-Su 12:00-22:00+
CB23 8DX,CB23,CB,way,101893151,way/101893151,52.255071,0.0206319,The Fox,,,,,,CB23 8DY,,,,,
CB4 1XG,CB4,CB,way,104927159,way/104927159,52.2227498,0.1364193,Milton Arms,Hungry Horse,Hungry Horse,,Milton Road,Cambridge,CB4 1XG,,,https://www.hungryhorse.co.uk/pubs/cambridgeshire/milton-arms/,,
CB3 9NF,CB3,CB,way,108883430,way/108883430,52.1803892,0.0955864,Red Lion,,,33,High Street,Cambridge,CB3 9NF,,,https://www.metropolitanpubcompany.com/our-pubs/the-red-lion/,,
CB4 3AX,CB4,CB,way,110256311,way/110256311,52.2136541,0.123844,The Tivoli,City Pub Group,,16,Chesterton Road,Cambridge,CB4 3AX,,,,Q39197395,
CB4 1EP,CB4,CB,way,110256313,way/110256313,52.2144217,0.1277523,Old Spring,,,1,Ferry Path,Cambridge,CB4 1HB,,,,,Mo-Su 12:00-23:30
CB4 3FA,CB4,CB,way,110256317,way/110256317,52.2136996,0.1235262,The Boathouse,,,14,Chesterton Road,Cambridge,CB4 3AX,,,,,
CB5 8AY,CB5,CB,way,118943808,way/118943808,52.2095223,0.1434344,Corner House,,,231,Newmarket Road,Cambridge,CB5 8JE,,,,,"Mo-Th 12:00-22:00; Fr,Sa 12:00-23:00; Su 12:00-22:00"
CB24 6DF,CB24,CB,way,125534838,way/125534838,52.2437953,0.1618802,Lion & Lamb,,,19,High Street,Cambridge,CB24 6DF,,,http://www.lionandlambmilton.co.uk/,Q26420262,"Tu-Th 12:00-21:00; Fr,Sa 12:00-18:00+; Su 12:00-18:00+"
CB24 6AB,CB24,CB,way,125543652,way/125543652,52.2439244,0.1647833,The Brewers Inn,,,5,Fen Road,Cambridge,CB24 6AD,,+44 1223 861349,https://www.thebrewersinncambridge.co.uk/,Q26616238,
CB24 6BX,CB24,CB,way,125553129,way/125553129,52.2432599,0.1615111,The White Horse,,,20-22,High Street,Cambridge,CB24 6AJ,,,,Q26616240,"Mo-Th 11:00-11:00, Fr,Sa 11:00-24:00, Su 12:00-22:30"
CB21 5JZ,CB21,CB,way,125662864,way/125662864,52.2037798,0.2565659,The Hole in the Wall,,,,,,,,,,Q26616202,
CB4 2DA,CB4,CB,way,126246128,way/126246128,52.2221116,0.1188625,The Carlton Arms,,,,Carlton Way,Cambridge,CB4 2BY,,,https://thecarltonarmscambridge.co.uk/,,
CB24 6BY,CB24,CB,way,126267419,way/126267419,52.2447502,0.163374,Waggon & Horses,,,39,High Street,Cambridge,CB24 6DF,,,https://www.waggonandhorsesmilton.co.uk/,,Mo-We 09:30-23:00; Th 09:00-24:00; Sa-Su 09:00-01:00
CB4 2SN,CB4,CB,way,127367856,way/127367856,52.2310501,0.1288658,The Ship,,,,Northfield Avenue,Cambridge,CB4 2LG,,,,,Mo-Th 12:00-23:00; Fr 12:00-23:30; Sa 10:00-23:30; Su 12:00-22:30
CB21 5JG,CB21,CB,way,127563477,way/127563477,52.1957964,0.2663254,Wilbrahams’ Hall Social Club,,,,High Street,Cambridge,CB21 5JD,,,https://www.wilbrahams.co.uk/wilbrahams-hall-social-club/,,
,,,way,127653232,way/127653232,52.193027,0.2664716,Carpenter's Arms,,,10,High Street,Cambridge,CB21 5JD,,+44 1223 882093,https://www.carpentersarmsgastropub.co.uk/,Q26457992,
CB3 0BT,CB3,CB,way,127812957,way/127812957,52.2134269,0.1121754,Sir Isaac Newton,,,84,Castle Street,Cambridge,CB3 0AJ,,,,,"PH,Mo-Su 11:30-18:00+"
CB4 1SP,CB4,CB,way,127965084,way/127965084,52.2279675,0.1455712,The Golden Hind,,Greene King,,Milton Road,Cambridge,CB4 1SP,,+44 1223 420816,https://www.greeneking.co.uk/pubs/cambridgeshire/golden-hind,,
CB23 7AW,CB23,CB,way,129105260,way/129105260,52.1785608,0.0624125,The White Horse,,,,,,,,,,,
,,,way,130333121,way/130333121,52.2193219,0.234939,The Missing Sock,,,,Newmarket Road,,CB25 9AQ,"Finders Corner, Newmarket Road",,,,
CB4 1GX,CB4,CB,way,131306510,way/131306510,52.2174604,0.1394539,The Haymakers,Milton Brewery,,54,High Street,Cambridge,CB4 1NG,,+44 1223 318077,https://www.individualpubs.co.uk/haymakers/,,
CB1 3NW,CB1,CB,way,132851029,way/132851029,52.1960794,0.1554075,The Brook,,,25,Brookfields,Cambridge,CB1 3NW,,+44 1223 410023,https://thebrookpub.co.uk/,,Su-Tu 12:00-22:00; We-Sa 12:00-23:00
CB1 3EY,CB1,CB,way,134111534,way/134111534,52.1969813,0.149732,Royal Standard,,,292,Mill Road,Cambridge,CB1 3NL,,,,,Mo-Fr 16:00-23:00; Sa 12:00-23:00; Su 12:00-22:30
CB1 2NU,CB1,CB,way,134125339,way/134125339,52.2003729,0.1397405,Kingston Arms,,,33,Kingston Street,Cambridge,CB1 2NU,,,http://www.kingstonarms.co.uk/,,Mo-Su 11:30-23:00
CB1 2LD,CB1,CB,way,134385094,way/134385094,52.2048657,0.1366267,The Blue Moon,,,2,Norfolk Street,Cambridge,CB1 2LF,,,,,"Mo-We 16:00-24:00, Su 16:00-23:00, Fr 16:00-02:00, Th 16:00-01:00, Sa 14:00-02:00"
CB2 1NW,CB2,CB,way,134805845,way/134805845,52.197142,0.1294898,The Emperor,,,21,Hills Road,Cambridge,CB2 1NW,,+44 1223 464633,http://www.theemperorcambridge.com/,,
CB4 3HD,CB4,CB,way,136196114,way/136196114,52.2149913,0.1106845,The Grapes,,,19,Histon Road,Cambridge,CB4 3JB,,,,,
CB2 1SD,CB2,CB,way,136330945,way/136330945,52.2019315,0.1157523,The Anchor,,,,Silver Street,Cambridge,CB3 9EL,,+44 1223 353554,https://www.anchorcambridge.com/,,
CB2 1RX,CB2,CB,way,136330946,way/136330946,52.2014876,0.116269,The Mill,,,14,Mill Lane,Cambridge,CB2 1RX,,+44 1223 311829,https://www.themillpubcambridge.com/,Q26419121,"Mo-Fr 12:00-15:00,17:00-21:00; Sa-Su 12:00-21:00"
,,,way,136395029,way/136395029,52.2380116,0.1844792,Plough & Fleece,,,,High Street,Horningsea,CB25 9JG,,,https://ploughandfleece.co.uk,,
CB5 8GA,CB5,CB,way,137326140,way/137326140,52.2097315,0.143954,The Seven Stars,,,249,Newmarket Road,Cambridge,CB5 8JE,,+44 1223 360993,https://www.thesevenstars.pub/,,
CB5 8JL,CB5,CB,way,137328263,way/137328263,52.2109791,0.1462944,The Wrestlers,,,337,Newmarket Road,Cambridge,CB5 8JE,,+44 1223 566 554,http://www.charleswellspubs.co.uk/home/pub-guide/pub/wrestlers,,"Mo-Su 12:00-15:00,17:00-23:00"
CB2 1UW,CB2,CB,way,137992313,way/137992313,52.2099259,0.116197,The Pickerel,,Greene King,30,Magdalene Street,Cambridge,CB3 0AF,,,https://www.greeneking.co.uk/pubs/cambridgeshire/pickerel-inn,Q26394918,
CB3 9EX,CB3,CB,way,143469264,way/143469264,52.1997039,0.1138481,The Granta,,Greene King,14,Newnham Terrace,Cambridge,CB3 9EX,,,https://www.greeneking.co.uk/pubs/cambridgeshire/granta,,
CB22 3AJ,CB22,CB,way,147532393,way/147532393,52.1307147,0.2099435,George Inn,,,,,,,,,,Q26616047,
CB1 1BG,CB1,CB,way,148827006,way/148827006,52.204652,0.1328395,The Tram Depot,,,2-5,Dover Street,Cambridge,CB1 1DY,,,,,
CB2 3QN,CB2,CB,way,149032866,way/149032866,52.2040769,0.1179926,The Eagle,Greene King,Greene King,8,Bene't Street,Cambridge,CB2 3QN,,,https://www.greeneking.co.uk/pubs/cambridgeshire/eagle,Q7731334,Mo-Su 11:00-
CB2 3QN,CB2,CB,way,149032883,way/149032883,52.204143,0.1184859,The Bath House,Greene King,Greene King,3,Bene't Street,Cambridge,CB2 3QN,,,https://www.greeneking.co.uk/pubs/cambridgeshire/bath-house,Q26616702,
CB2 9LA,CB2,CB,way,150907263,way/150907263,52.1744329,0.1105612,The Lord Byron Inn,,,22,Church Lane,Cambridge,CB2 9LA,,,https://www.lordbyroninn.co.uk/,,
CB23 4JR,CB23,CB,way,152686984,way/152686984,52.2547944,-0.0742617,The Poacher,,,1,Brockley Road,Cambridge,CB23 4JS,,,,,
,,,way,152899009,way/152899009,52.2934446,0.1294539,Jolly Millers,,,73,High Street,,CB24 8SD,,,,,
SG8 0QB,SG8,SG,way,154583338,way/154583338,52.0674528,-0.0884161,The Crown,,,,,Royston,SG8 0QB,,,,Q26615813,
CB3 9NF,CB3,CB,way,154730026,way/154730026,52.1800352,0.0951156,The Green Man,,,59,High Street,Cambridge,CB3 9NF,,,,Q26595957,
CB3 0QD,CB3,CB,way,159256001,way/159256001,52.2415917,0.0814685,George Inn,,,71,High Street,Cambridge,CB3 0QD,,,,,
CB3 0QL,CB3,CB,way,159256015,way/159256015,52.2425801,0.0813955,Old Crown,,,89,High Street,Cambridge,CB3 0QD,,,,,"Tu-Th,Su 12:00-22:30; Fr,Sa 12:00-23:00"
CB4 3BA,CB4,CB,way,166369101,way/166369101,52.2144529,0.1246006,Portland Arms,,,129,Chesterton Road,Cambridge,CB4 3BA,,,http://www.theportlandarms.co.uk/,,"Mo-We 16:30-23:00; Su, Th 12:00-23:00; Fr-Sa 12:00-00:00"
CB25 9DQ,CB25,CB,way,169444849,way/169444849,52.2232386,0.2581186,The Bell,,,16,High Street,,CB25 9DA,,,,Q26604078,Tu 17:00-22:30; We 11:00-22:30; Th 11:00-23:00; Fr 09:30-23:30; Sa 09:30-24:00; Su 09:30-23:00
CB5 8EG,CB5,CB,way,171887754,way/171887754,52.2082372,0.1327197,Burleigh Arms,,Charles Wells,9-11,Newmarket Road,Cambridge,CB5 8EG,,,https://www.burleigharmscambridge.co.uk/,,We-Fr 12:00-22:30; Tu 17:00-22:00; Mo off; Sa 12:00-23:00; Su 12:00-20:00
SG8 7QY,SG8,SG,way,171920769,way/171920769,52.0992522,0.0954859,Green Man,,,2,Lower Street,Royston,SG8 7RJ,,,,,
SG18 8RR,SG18,SG,way,172143630,way/172143630,52.0828487,-0.1959245,The March Hare,,,34,High Street,Biggleswade,SG18 8RN,,,,,
CB1 1LD,CB1,CB,way,172320765,way/172320765,52.2076333,0.1266612,St Radegund,,,129,King Street,Cambridge,CB1 1LD,,,https://www.stradegund.co.uk/,Q7595412,
CB5 8AG,CB5,CB,way,172407012,way/172407012,52.2114689,0.1185342,Byron's Bear,,,3,Thompson's Lane,Cambridge,CB5 8AQ,,+44 1223 776969,https://byronsbear.co.uk/,,
CB3 9JT,CB3,CB,way,174752202,way/174752202,52.196529,0.1086877,The Red Bull,,,11,Barton Road,Cambridge,CB3 9JZ,,,,,
CB1 9HZ,CB1,CB,way,177680599,way/177680599,52.185842,0.1720046,Red Lion,,Hive by Greene King,20,Mill End Road,Cambridge,CB1 9JP,,,http://www.theredlioncherryhinton.co.uk/index,Q26419120,
CB4 1HA,CB4,CB,way,179837563,way/179837563,52.2124557,0.1277858,Fort St George,Greene King,Greene King,,,Cambridge,CB4 1HA,"Fort St George, MIdsummer Common, Victoria Avenue, CAMBRIDGE, CB4 1HA",,https://www.greeneking-pubs.co.uk/pubs/cambridgeshire/fort-st-george/,Q5472087,Mo-Fr 11:00-23:00; Su 12:00-22:30; Sa 11:00-23:00
CB24 9AS,CB24,CB,way,188821806,way/188821806,52.2426074,0.1109166,Railway Vue,,,163,Station Road,,,,,,,
CB24 8QX,CB24,CB,way,190337333,way/190337333,52.2881345,0.1286152,Waggon and Horses,,,69,Margett Street,,CB24 8QY,,,,,
CB24 9JB,CB24,CB,way,191142638,way/191142638,52.2514123,0.1089762,Rose & Crown,Milton Brewery,,2,Glebe Way,Cambridge,CB24 9JB,,+44 1223 318448,,,"Mo-Th 15:00-23:00; Fr,Sa 12:00-23:00; Su 12:00-22:00"
CB24 5ND,CB24,CB,way,200604966,way/200604966,52.3164398,0.0165512,The Admiral,,,31,High Street,Over,CB24 5NB,,+44 1954 610837,,,Mo-Th 16:00-23:30; Fr-Sa 12:00-23:30; Su 12:00-22:30
PE19 6TF,PE19,PE,way,209241803,way/209241803,52.2220095,-0.1389866,The Eltisley,,,2,The Green,St Neots,PE19 6TG,,+44 1480 880308,http://www.theeltisley.co.uk/,,
,,,way,211713399,way/211713399,52.2203584,0.1725404,Ancient Shepherds,,,5,High Street,Cambridge,CB5 8ST,,,,Q26450952,"Sa 12:00-13:45,18:00-21:00; We-Fr 12:00-14:00,18:00-21:00"
CB5 8TQ,CB5,CB,way,211724201,way/211724201,52.2213751,0.1699269,Kings Head,,,50,High Street,Cambridge,CB5 8ST,,,,Q26473110,"Tu-Th 15:00-23:00, Fr 15:00-24:00, Sa 12:00-24:00, Su 12:00-20:00; Mo off"
SG8 0NJ,SG8,SG,way,218619671,way/218619671,52.0651792,-0.1253511,Waggon & Horses,,,,,,,,,,Q26421084,
SG8 0JF,SG8,SG,way,218710408,way/218710408,52.0807968,-0.1328552,Edward VII,,,2,Fox Hill Road,Royston,SG8 0JF,,,,,
SG8 5NZ,SG8,SG,way,218714898,way/218714898,52.0807679,-0.0610698,The Belle,,,,,,,,,,,
CB22 5EB,CB22,CB,way,218983713,way/218983713,52.1432958,0.1483285,The Rose,,,81,London Road,Stapleford,CB22 5DG,,,,,"Mo-Sa 12:00-15:00,17:30-18:00+"
CB25 9HR,CB25,CB,way,219789582,way/219789582,52.2655212,0.1907594,The Sun,,,,,,,,,,,
CB25 9HP,CB25,CB,way,219789595,way/219789595,52.2662278,0.1914351,White Horse,,,12,Green Side,Waterbeach,CB25 9HP,,+44 1223 505053,https://www.facebook.com/WhiteHorsePubWaterbeach/,,
CB23 4JQ,CB23,CB,way,219913530,way/219913530,52.2562642,-0.0688011,George & Dragon,,,41,Boxworth Road,Cambridge,CB23 4JQ,,,,,
CB25 0HP,CB25,CB,way,220571908,way/220571908,52.2395157,0.2781818,Black Horse Inn,,,35,High Street,,CB25 0HP,,,,,
CB7 5ZR,CB7,CB,way,220709642,way/220709642,52.3078049,0.2521628,Five Miles Inn,,,,Old School Lane,,CB7 5ZR,,,,,
CB10 2HA,CB10,CB,way,224082817,way/224082817,52.0550645,0.3130915,Rose and Crown,,,,Crown Hill,Ashdon,CB10 2HB,,,,Q26608265,"Sa 12:00-23:00, Su 12:00-19:00; Mo off, We,Th 12:00-22:30, Fr,Sa 12:00-23:00; Tu off"
,,,way,224167255,way/224167255,52.0822641,0.3104016,The Three Hills,,,,Dean Road,,CB21 4PW,,,https://www.thethreehills.co.uk/,Q26616324,"We-Fr 12:00-15:00,18:00-23:00; Sa 12:00-23:00; Su 12:00-18:00"
CB1 2AA,CB1,CB,way,225399270,way/225399270,52.1921951,0.134303,Earl of Derby,Greene King,,129,Hills Road,Cambridge,CB2 1PG,,,www.theearlofderby.com,,"Mo-Th 07:30-24:00, Fr-Sa 07:30-02:00, Su 08:30-24:00"
CB21 4EA,CB21,CB,way,234005325,way/234005325,52.1312088,0.3204674,The Bell Inn,,,,,,CB21 4DZ,,+44 1223 892999,,,12:00-23:00
CB21 4DJ,CB21,CB,way,234094833,way/234094833,52.1313668,0.3166834,The Black Bull,,,,,,CB21 4DJ,,+44 1223 893844,,Q26616339,"Mo-Fr 07:30-23:00, Sa-Su 08:00-23:00"
,,,way,237311841,way/237311841,52.1412072,0.3488749,The Chestnut Tree,,,,Mill Street,,CB21 5LT,,,http://www.chestnuttreepub.co.uk/,,
,,,way,240447154,way/240447154,52.180554,-0.1401878,The Chequers,,,71,Main Road,Sandy,SG19 3DW,,,,Q55099461,
,,,way,242965716,way/242965716,52.2098903,0.0664777,The Plough,,,2,High Street,,CB23 7PL,,,https://theploughcoton.co.uk/,,
,,,way,248067706,way/248067706,52.1038038,0.1664121,Red Lion,,,42,Station Road East,Whittlesford Parkway,CB22 4NL,,+441223832047,https://www.redlionwhittlesfordbridge.com/,Q26420963,
PE27 5RF,PE27,PE,way,274952932,way/274952932,52.3320422,-0.0766812,The Seven Wives,,,,,St Ives,PE27 5RF,,,,,
PE27 5AL,PE27,PE,way,276517613,way/276517613,52.3229512,-0.0728991,The Swan & Angel,J D Weatherspoon,Wetherspoon,8-9,Market Hill,St Ives,PE27 5AW,,,https://www.jdwetherspoon.com/pubs/all-pubs/england/cambridgeshire/the-swan-and-angel-st-ives,,
,,,way,305516915,way/305516915,52.224385,0.1677301,The Plough,,,,Green End,,CB5 8SX,,,,,
CB21 5BY,CB21,CB,way,310364470,way/310364470,52.1783564,0.2239367,White Hart Country Inn,Greene King,,1,Balsham Road,Fulbourne,CB21 5BZ,,+44 1223 880264,https://www.whitehartfulbourn.co.uk/,,"Mo-Sa 12:00-15:00, 17:30-23:00; Su 12:00-17:00"
,,,way,315469918,way/315469918,52.3374581,-0.1418472,The Hartford Mill Pub and Carvery,Greene King,Greene King,,Banks End,Huntingdon,PE28 2AA,,,https://www.wackywarehouse.co.uk/hartford-mill/,,11:00-23:00
CB23 7DZ,CB23,CB,way,338544409,way/338544409,52.185464,0.0200054,Three Horseshoes,,,22,South Street,Cambridge,CB23 7DZ,,,,,
CB1 8RE,CB1,CB,way,341321937,way/341321937,52.180245,0.1530568,The Queen Edith,Milton Brewery,,,Wulfstan Way,Cambridge,CB1 8QN,,+44 1223 318536,https://www.individualpubs.co.uk/queenedith/,,Mo-We 16:00-23:00; Th-Sa 12:00-23:00; Su 12:00-22:00
CB24 3AA,CB24,CB,way,349728016,way/349728016,52.2605125,0.064186,White Horse,,,,Longstanton Road,Cambridge,CB24 3AB,,,,,
CB21 5DZ,CB21,CB,way,354873330,way/354873330,52.1852362,0.2092158,Hat & Rabbit,,,4,Hinton Road,"Fulbourn, Cambridge",CB21 5DZ,,,https://hatandrabbitfulbourn.co.uk,,
CB24 8PR,CB24,CB,way,369262851,way/369262851,52.292125,0.0891137,Black Horse,,,,,,,,,,,
CB1 2HR,CB1,CB,way,372486548,way/372486548,52.2003599,0.1344637,Six Bells,,,11,Covent Garden,Cambridge,CB1 2HS,,,,,"Su-Th 16:00-23:30, Fr,Sa 16:00-00:30"
PE29 3NR,PE29,PE,way,373430312,way/373430312,52.3303341,-0.1849512,The Falcon Tavern,,,10,Market Hill,Huntingdon,PE29 3NR,,,,Q26421462,
SG19 3JH,SG19,SG,way,374363111,way/374363111,52.1555565,-0.1913139,The Cock Inn,,,25,Church Street,Sandy,SG19 3JH,,,,Q17550821,
SG19 3JJ,SG19,SG,way,374676629,way/374676629,52.1550707,-0.1876949,The Wheatsheaf,,,92,Church Street,Sandy,SG19 3JJ,,,,Q26604309,closed
,,,way,375213881,way/375213881,52.2821933,-0.0628904,The White Swan,,,,Elsworth Road,,CB23 4LN,,,https://thewhiteswanconington.co.uk/,,
CB10 1XA,CB10,CB,way,391785506,way/391785506,52.0508557,0.2532874,The Crown,,,,Little Walden Road,Saffron Walden,CB10 1XA,,,https://www.thecrownlittlewalden.co.uk/,,
SG8 7SR,SG8,SG,way,418924659,way/418924659,52.0930924,0.072951,The Chequers,,,,High Street,Royston,SG8 7SR,,+44 1763 208558,http://thechequersfowlmere.co.uk/,Q26420970,"Tu-Fr 11:45-15:00,17:00-23:00; Sa 11:45-23:00; Su 11:45-18:00"
,,,way,435193949,way/435193949,52.2013308,0.1426738,Calverley's Brewery and Tap Room,,,23a,Hooper Street,Cambridge,CB1 2NZ,,,https://www.calverleys.com/,,Tu-Fr 17:00-22:30; Sa 12:00-22:30
,,,way,435281226,way/435281226,52.3311246,-0.0583214,The Marsh Harrier,,,,Needingworth Road,St Ives,PE27 4NB,,,,,
CB22 4FA,CB22,CB,way,463104474,way/463104474,52.0943959,0.1589049,John Barleycorn Pub,,,,Moorfield Road,Cambridge,CB22 4PP,,+44 1223832699,http://johnbarleycorn.co.uk/,,
,,,way,469023578,way/469023578,52.3306197,-0.031775,Queens Head,,,,,,,,,,,
CB24 4WZ,CB24,CB,way,477382783,way/477382783,52.3017643,-0.0045852,White Horse Inn,,,1,Market Street,Swavesey,CB24 4QG,,,,Q26616264,Mo-Th 12:00-23:00; Fr-Sa 12:00-24:00; Su 12:00-22:00
CB23 4NA,CB23,CB,way,490373509,way/490373509,52.2583927,-0.0306027,Golden Ball Inn,,,,High Street,,CB23 4LY,,,,Q26420156,
PE27 5AZ,PE27,PE,way,543196843,way/543196843,52.3222688,-0.0732394,Oliver Cromwell,,,13,Wellington Street,St Ives,PE27 5AZ,,,http://theolivercromwell.co.uk/,,
,,,way,543400815,way/543400815,52.2076184,0.0067542,Blue Lion,,,74,Main Street,,CB23 7QU,,+441223789593,https://www.thebluelionhardwick.co.uk/,Q26420094,
CB23 1ES,CB23,CB,way,548260570,way/548260570,52.1516245,0.028208,Hare & Hounds,,,,,,,,+447511940441,https://hareandhoundsharlton.co.uk/,Q26616052,
CB24 3BS,CB24,CB,way,550962204,way/550962204,52.2822862,0.0447811,The Black Bull,,,56,High Street,Cambridge,CB24 3BS,,+44 1954 789589,https://blackbulllongstanton.co.uk/,,
PE29 3QD,PE29,PE,way,551539266,way/551539266,52.330227,-0.179902,Montagu Club,,,,,,,,,,,
CB22 6RQ,CB22,CB,way,561109559,way/561109559,52.1152558,0.0589109,White Horse,,,,,,,,,,,
CB24 5YX,CB24,CB,way,569137851,way/569137851,52.3128962,0.0568443,The Bank Micropub,,,9,High Street,Cambridge,CB24 5ES,,,http://www.thebankmicropub.co.uk/,,
PE27 5AW,PE27,PE,way,573737865,way/573737865,52.3229043,-0.0725747,The Whisky Cafe,,,11,Market Hill,St Ives,PE27 5AL,,,https://www.thewhiskycafe.co.uk,Q26421567,
PE28 9QW,PE28,PE,way,605412735,way/605412735,52.2785231,-0.1122384,Prince of Wales,,,,Potton Road,Huntingdon,PE28 9NG,,,,,
,,,way,609452609,way/609452609,52.0641776,0.204344,The Plough,,,,High Street,Great Chesterford,CB10 1PL,,,https://www.theploughgreatchesterford.co.uk/,Q26465500,"Tu-Th 12:00-15:00,17:00-22:00; Fr-Sa 12:00-23:30; Su 12:00-22:00"
PE28 9DE,PE28,PE,way,615640212,way/615640212,52.318942,-0.1048728,The Cock,,,,High Street,Huntingdon,PE28 9BJ,,+44 1480 463609,https://thecockhemingford.co.uk/,Q26456663,
CB22 5EQ,CB22,CB,way,616021928,way/616021928,52.1503938,0.1355474,The Plough,,,2,High Street,,CB22 5EH,,,,,"Mo-Th 15:00-11:30, Fr,Sa 12:00-11:30, Su 12:00-20:00"
CB22 3GT,CB22,CB,way,617703785,way/617703785,52.1205295,0.168918,White Lion,,,96,High Street,Sawston,CB22 3HJ,,,http://www.whitelionsawston.co.uk,Q26420913,
CB22 3FD,CB22,CB,way,617704032,way/617704032,52.1246073,0.1685342,The Greyhound,,,,,,,,,,Q26420909,
CB22 4YS,CB22,CB,way,619000773,way/619000773,52.1134614,0.148525,Tickell Arms,,,,North Road,,CB22 4NZ,,,,Q26420899,
SG8 6AP,SG8,SG,way,621275083,way/621275083,52.0813718,0.0144479,The Dolphin,,Hive Pubs,105,High Street,Royston,,,,https://www.dolphinroyston.co.uk/index,,
SG8 6BP,SG8,SG,way,621784980,way/621784980,52.0807157,0.0161052,Black Horse,,,63,Orchard Road,Royston,SG8 6BP,,,,,
SG8 6RB,SG8,SG,way,621947772,way/621947772,52.1004607,0.0372265,Green Man,,,,Dunsbridge Turnpike,Royston,SG8 6RA,,,,,
SG8 5QL,SG8,SG,way,629634479,way/629634479,52.1335665,-0.0130218,The Chequers,,,,,,,,,,Q26421183,
SG8 5LQ,SG8,SG,way,647529524,way/647529524,52.0783747,-0.0518798,The Hoops,,,,,,,,,,Q26421181,
PE27 5AH,PE27,PE,way,660158096,way/660158096,52.3233415,-0.0722711,The White Hart Inn,,,,The Sheep Market,St Ives,PE27 5AH,,+44 1480 463275,http://www.whitehartstives.co.uk/index,Q26455323,
CB24 5HX,CB24,CB,way,661740178,way/661740178,52.3145221,0.063116,Duke of Wellington,,,55,Church Street,,CB24 5HS,,,,,"Tu-Sa 12:00-23:00, Su-Mo 12:00-10:30"
CB25 0JD,CB25,CB,way,744784553,way/744784553,52.2715835,0.2954958,Dyke's End,,,,,,,,+44 1638 743816,https://www.dykesendreach.co.uk/,,We-Fr 17:00-22:00; Sa 12:00-22:00; Su 12:00-21:00
CB10 1PJ,CB10,CB,way,771599939,way/771599939,52.062801,0.2001035,Crown & Thistle,,,,High Street,Great Chesterford,CB10 1PL,,,http://www.thecrownandthistle.pub,Q26592411,
CB22 4RS,CB22,CB,way,866280018,way/866280018,52.0905678,0.1556207,The Plough,,,59 - 61,St Peters Street,,CB22 4RP,,+44 1223 833170,https://www.theduxfordplough.co.uk/,Q26615885,
CB21 4QF,CB21,CB,way,945508474,way/945508474,52.0995911,0.3484063,The Old Red Lion,,,,Linton Road,,CB21 4QF,,,,,
CB25 9AB,CB25,CB,way,1115730232,way/1115730232,52.2227975,0.2257806,White Swan,,,9,Main Street,,CB25 9AB,,,,Q26473976,
CB24 8UU,CB24,CB,way,1115734363,way/1115734363,52.2882445,0.1243365,The Hop Bind,,,212,High Street,,CB24 8RZ,,,,,"Mo-Th 15:00-23:00, Fr 15:00-24:00, Sa 12:00-24:00, Su 12:00-22:00"
CB22 5EH,CB22,CB,way,1115735623,way/1115735623,52.1487962,0.1337316,Square and Compasses,,,46,High Street,,CB22 5EH,,+44 1223 343164,https://www.squarecompasses.co.uk/,,"Tu 18:00-22:00; We,Th 12:00-14:30,18:00-22:00; Fr 12:00-15:00,18:00-23:00; Sa 12:00-23:00; Su 12:00-19:00"
SG19 2ES,SG19,SG,way,1130859977,way/1130859977,52.1110606,-0.1648558,The Chequers,,,43,High Street,Sandy,SG19 2EP,,,,Q26407916,"Mo 17:00-23:00; Tu-Th 12:00-15:00,17:00-23:00; Fr-Sa 12:00-24:00; Su 12:00-22:30"
PE27 5EB,PE27,PE,way,1203825769,way/1203825769,52.3242471,-0.0744751,Royal Oak,,,13,Crown Street,St Ives,PE27 5EB,,,,Q26421558,
CB2 3AR,CB2,CB,way,1204234283,way/1204234283,52.2028556,0.1235352,The Regal,,Wetherspoon,38-39,St Andrew's Street,Cambridge,CB2 3AR,,,https://www.jdwetherspoon.com/pubs/the-regal-cambridge/,,
,,,way,1213682898,way/1213682898,52.0717902,0.1767578,The Ickleton Lion,,,9,Abbey Street,Safron Walden,CB10 1SS,,,,Q26615914,
,,,way,1378767710,way/1378767710,52.115976,0.1415885,Bees In The Wall,,,,,,,,,,Q26615937,Jan-Dec: Tu-Sa 19:00-23:00; Jan-Dec: Su 19:00-22:30; Th-Su 12:00-14:00
CB22 7RZ,CB22,CB,way,1426256714,way/1426256714,52.1260312,0.0290461,Royal Oak,,,31,West Green,retail,CB22 7RZ,,,,,
CB22 3FD,CB22,CB,way,1500669706,way/1500669706,52.1243601,0.1697651,Kings Head,,,19,High Street,Sawston,CB22 3BG,,,https://thekingsheadsawston.co.uk,Q26615922,
PE29 3AB,PE29,PE,relation,5557363,relation/5557363,52.3310125,-0.1855998,The George Hotel,,Greene King,,George Street,Huntingdon,PE29 3AB,,,https://www.greeneking.co.uk/pubs/cambridgeshire/george-hotel,Q17544047,
